Level,Từ mới,Phiên âm,Giải thích,Ví dụ (chữ hán),Phiên âm ví dụ,Dịch
5,哎,āi,thán từ,哎，我忘记带钥匙了！,"Āi, wǒ wàngjì dài yàoshi le!","Ôi, tôi quên mang chìa khóa rồi!"
5,唉,āi,thán từ,唉，这个问题真难！,"Ài, zhège wèntí zhēn nán!","Than ôi, vấn đề này thật khó!"
5,爱护,ài hù,"yêu thương, giữ gìn",我们要爱护环境。,Wǒmen yào àihù huánjìng.,Chúng ta phải bảo vệ môi trường.
5,爱惜,ài xī,quý trọng,他很爱惜自己的书。,Tā hěn àixī zìjǐ de shū.,Anh ấy rất trân trọng sách của mình.
5,爱心,ài xīn,lòng tốt,她有一颗善良的爱心。,Tā yǒu yī kē shànliáng de àixīn.,Cô ấy có một tấm lòng yêu thương.
5,安装,ān zhuāng,lắp đặt,我们正在安装新软件。,Wǒmen zhèngzài ānzhuāng xīn ruǎnjiàn.,Chúng tôi đang lắp đặt phần mềm mới.
5,岸,àn,bờ,他站在河的对岸。,Tā zhàn zài hé de duì'àn.,Anh ấy đứng ở bờ bên kia của con sông.
5,暗,àn,tối,房间里很暗。,Fángjiān lǐ hěn àn.,Trong phòng rất tối.
5,熬夜,áo yè,thức đêm,他经常熬夜工作。,Tā jīngcháng áoyè gōngzuò.,Anh ấy thường xuyên thức khuya làm việc.
5,把握,bǎ wò,nắm chắc,我们要把握机会。,Wǒmen yào bǎwò jīhuì.,Chúng ta phải nắm bắt cơ hội.
5,摆,bǎi,bày,他在桌上摆了很多书。,Tā zài zhuō shàng bǎi le hěnduō shū.,Anh ấy đã đặt nhiều sách trên bàn.
5,办理,bàn lǐ,làm (thủ tục),我需要办理签证。,Wǒ xūyào bànlǐ qiānzhèng.,Tôi cần xử lý visa.
5,傍晚,bàng wǎn,chiều muộn,我们傍晚去散步吧。,Wǒmen bàngwǎn qù sànbù ba.,Chúng ta đi dạo vào buổi chiều tối nhé.
5,包裹,bāo guǒ,bưu kiện,你的包裹到了。,Nǐ de bāoguǒ dào le.,Gói hàng của bạn đã đến.
5,包含,bāo hán,bao hàm,这本书包含很多信息。,Zhè běn shū bāohán hěnduō xìnxī.,Cuốn sách này bao gồm nhiều thông tin.
5,包括,bāo kuò,bao gồm,价格包括税金。,Jiàgé bāokuò shuìjīn.,Giá bao gồm thuế.
5,薄,báo,mỏng,这片面包很薄。,Zhè piàn miànbāo hěn báo.,Miếng bánh mì này rất mỏng.
5,宝贝,bǎo bèi,bảo bối,他是我的小宝贝。,Tā shì wǒ de xiǎo bǎobèi.,Anh ấy là bảo bối nhỏ của tôi.
5,宝贵,bǎo guì,quí báu,时间非常宝贵。,Shíjiān fēicháng bǎoguì.,Thời gian rất quý giá.
5,保持,bǎo chí,duy trì,请保持安静。,Qǐng bǎochí ānjìng.,Xin hãy giữ yên lặng.
5,保留,bǎo liú,bảo lưu,我们应该保留传统文化。,Wǒmen yīnggāi bǎoliú chuántǒng wénhuà.,Chúng ta nên giữ lại văn hóa truyền thống.
5,保险,bǎo xiǎn,bảo hiểm,你有健康保险吗？,Nǐ yǒu jiànkāng bǎoxiǎn ma?,Bạn có bảo hiểm sức khỏe không?
5,报到,bào dào,điểm danh,新员工需要先报到。,Xīn yuángōng xūyào xiān bàodào.,Nhân viên mới cần đăng ký trước.
5,报道,bào dào,"đưa tin, bản tin",新闻报道说...,Xīnwén bàodào shuō...,Tin tức nói rằng...
5,报告,bào gào,báo cáo,他在会议上做了一个报告。,Tā zài huìyì shàng zuò le yīgè bàogào.,Anh ấy đã trình bày một báo cáo trong cuộc họp.
5,报社,bào shè,tòa soạn báo,他在报社工作。,Tā zài bàoshè gōngzuò.,Anh ấy làm việc ở tòa soạn báo.
5,抱怨,bào yuàn,trách móc,她经常抱怨工作太多。,Tā jīngcháng bàoyuàn gōngzuò tài duō.,Cô ấy thường phàn nàn về việc quá nhiều.
5,背,bèi,"học thuộc, cõng",他背着一个大包。,Tā bēizhe yīgè dà bāo.,Anh ấy mang theo một cái túi lớn.
5,悲观,bēi guān,bi quan,不要总是这么悲观。,Bùyào zǒng shì zhème bēiguān.,Đừng luôn bi quan như vậy.
5,背景,bèi jǐng,bối cảnh,这幅画的背景很美。,Zhè fú huà de bèijǐng hěn měi.,Bối cảnh của bức tranh này rất đẹp.
5,被子,bèi zi,chăn,天冷了，要盖好被子。,"Tiān lěng le, yào gài hǎo bèizi.","Trời lạnh rồi, phải đắp chăn kỹ."
5,本科,běn kē,trình độ đại học,他刚刚完成本科课程。,Tā gānggāng wánchéng běnkē kèchéng.,Anh ấy vừa hoàn thành khóa học cử nhân.
5,本领,běn lǐng,bản lĩnh,他有很多本领。,Tā yǒu hěnduō běnlǐng.,Anh ấy có nhiều kỹ năng.
5,本质,běn zhì,bản chất,我们要了解问题的本质。,Wǒmen yào liǎojiě wèntí de běnzhì.,Chúng ta phải hiểu bản chất của vấn đề.
5,比例,bǐ lì,tỉ lệ,图中的比例很重要。,Tú zhōng de bǐlì hěn zhòngyào.,Tỷ lệ trong hình rất quan trọng.
5,彼此,bǐ cǐ,"lẫn nhau, với nhau",他们彼此帮助。,Tāmen bǐcǐ bāngzhù.,Họ giúp đỡ lẫn nhau.
5,必然,bì rán,tất yếu,这是一个必然的结果。,Zhè shì yīgè bìrán de jiéguǒ.,Đây là một kết quả tất nhiên.
5,必要,bì yào,"cần thiết, cần",这是一个必要的步骤。,Zhè shì yīgè bìyào de bùzhòu.,Đây là một bước cần thiết.
5,避免,bì miǎn,tránh,我们要避免错误。,Wǒmen yào bìmiǎn cuòwù.,Chúng ta phải tránh sai lầm.
5,编辑,biān jí,biên tập,他是一本杂志的编辑。,Tā shì yī běn zázhì de biānjí.,Anh ấy là biên tập viên của một tạp chí.
5,鞭炮,biān pào,pháo,新年时我们放鞭炮。,Xīnnián shí wǒmen fàng biānpào.,Vào năm mới chúng tôi đốt pháo.
5,便,biàn,liền,你便可以走了。,Nǐ biàn kěyǐ zǒu le.,Bạn có thể đi ngay bây giờ.
5,辩论,biàn lùn,biện luận,他们在辩论这个问题。,Tāmen zài biànlùn zhège wèntí.,Họ đang tranh luận về vấn đề này.
5,标点,biāo diǎn,dấu,请注意文章中的标点。,Qǐng zhùyì wénzhāng zhōng de biāodiǎn.,Hãy chú ý đến dấu câu trong bài viết.
5,标志,biāo zhì,"đánh dấu, ký hiệu",这个标志很明显。,Zhège biāozhì hěn míngxiǎn.,Ký hiệu này rất rõ ràng.
5,表达,biǎo dá,diễn đạt,请表达你的意见。,Qǐng biǎodá nǐ de yìjiàn.,Hãy diễn đạt ý kiến của bạn.
5,表面,biǎo miàn,"bề mặt, bề ngoài",不要只看表面。,Bùyào zhǐ kàn biǎomiàn.,Đừng chỉ nhìn bề ngoài.
5,表明,biǎo míng,cho thấy,他的话表明他很生气。,Tā de huà biǎomíng tā hěn shēngqì.,Lời nói của anh ấy chứng tỏ anh ấy rất tức giận.
5,表情,biǎo qíng,biểu cảm,她的表情很开心。,Tā de biǎoqíng hěn kāixīn.,Nét mặt của cô ấy rất vui.
5,表现,biǎo xiàn,biểu hiện,她的表现让大家都很满意。,Tā de biǎoxiàn ràng dàjiā dōu hěn mǎnyì.,Biểu hiện của cô ấy khiến mọi người đều hài lòng.
5,冰淇淋,bīng qí lín,kem,冰淇淋是夏天的美食。,Bīng qí lín shì xiàtiān de měishí.,Kem là món ăn ngon vào mùa hè.
5,病毒,bìng dú,vi rút,这种病毒很危险，应该小心。,"Zhè zhǒng bìngdú hěn wēixiǎn, yīnggāi xiǎoxīn.","Loại virus này rất nguy hiểm, nên cẩn thận."
5,玻璃,bō lí,thủy tinh,玻璃窗可以让阳光透进来。,Bōlí chuāng kěyǐ ràng yángguāng tòu jìnlái.,Cửa sổ thủy tinh cho phép ánh sáng mặt trời chiếu vào.
5,播放,bō fàng,phát sóng,播放音乐可以放松心情。,Bōfàng yīnyuè kěyǐ fàngsōng xīnqíng.,Phát nhạc có thể giúp thư giãn tâm trạng.
5,脖子,bó zi,cổ,他有一个很长的脖子。,Tā yǒu yīgè hěn cháng de bózi.,Anh ấy có một cái cổ rất dài.
5,博物馆,bó wù guǎn,bảo tàng,我们参观了博物馆。,Wǒmen cānguānle bówùguǎn.,Chúng tôi đã thăm bảo tàng.
5,补充,bǔ chōng,bổ sung,请补充这些信息。,Qǐng bǔchōng zhèxiē xìnxī.,Vui lòng bổ sung thông tin này.
5,不安,bú ān,bất an,他因为考试不安。,Tā yīnwèi kǎoshì bù'ān.,Anh ấy lo lắng vì kỳ thi.
5,不断,bú duàn,không ngừng,这个问题需要不断解决。,Zhège wèntí xūyào bùduàn jiějué.,Vấn đề này cần phải giải quyết liên tục.
5,不见得,bú jiàn dé,chưa chắc,结果不见得会更好。,Jiéguǒ bù jiàndé huì gèng hǎo.,Kết quả không nhất thiết sẽ tốt hơn.
5,不耐烦,bú nài fán,"chán nản, không kiên nhẫn",他对等待变得不耐烦了。,Tā duì děngdài biàn dé bù nàifán le.,Anh ấy trở nên không kiên nhẫn với việc chờ đợi.
5,不然,bú rán,nếu không thì,快点，不然会迟到。,"Kuài diǎn, bùrán huì chídào.","Nhanh lên, nếu không sẽ bị trễ."
5,不如,bú rú,không bằng,这次会议不如上次好。,Zhè cì huìyì bùrú shàng cì hǎo.,Cuộc họp lần này không bằng lần trước.
5,不要紧,bú yào jǐn,không quan trọng,这件事不要紧，慢慢来。,"Zhè jiàn shì bù yàojǐn, màn màn lái.","Việc này không quan trọng, từ từ làm cũng được."
5,不足,bú zú,không đủ,他的收入不足以养活家庭。,Tā de shōurù bùzú yǐ yǎnghuó jiātíng.,Thu nhập của anh ấy không đủ để nuôi sống gia đình.
5,布,bù,vải,这布料非常柔软。,Zhè bùliào fēicháng róuruǎn.,Chất liệu vải này rất mềm mại.
5,步骤,bù zhòu,bước,这个步骤很复杂。,Zhège bùzhòu hěn fùzá.,Bước này rất phức tạp.
5,部门,bù mén,"ban ngành, bộ phận",我们部门的工作很忙。,Wǒmen bùmén de gōngzuò hěn máng.,Công việc của bộ phận chúng tôi rất bận rộn.
5,财产,cái chǎn,tài sản,他们的财产都被保管得很好。,Tāmen de cáichǎn dōu bèi bǎoguǎn dé hěn hǎo.,Tài sản của họ được quản lý rất tốt.
5,采访,cǎi fǎng,phỏng vấn,记者来采访了公司老板。,Jìzhě lái cǎifǎngle gōngsī lǎobǎn.,Phóng viên đã đến phỏng vấn giám đốc công ty.
5,采取,cǎi qǔ,"chọn, dùng",我们采取了新的措施。,Wǒmen cǎiqǔle xīn de cuòshī.,Chúng tôi đã áp dụng các biện pháp mới.
5,彩虹,cǎi hóng,cầu vồng,彩虹出现在雨后的天空中。,Cǎihóng chūxiàn zài yǔ hòu de tiānkōng zhōng.,Cầu vồng xuất hiện trên bầu trời sau cơn mưa.
5,踩,cǎi,giẫm,小心不要踩到水。,Xiǎoxīn bùyào cǎi dào shuǐ.,Cẩn thận đừng đạp phải nước.
5,参考,cān kǎo,tham khảo,这是一个很好的参考资料。,Zhè shì yīgè hěn hǎo de cānkǎo zīliào.,Đây là tài liệu tham khảo rất tốt.
5,参与,cān yù,tham gia,我们需要参与这个项目。,Wǒmen xūyào cānyù zhège xiàngmù.,Chúng ta cần tham gia vào dự án này.
5,惭愧,cán kuì,hổ thẹn,他对自己的表现感到惭愧。,Tā duì zìjǐ de biǎoxiàn gǎndào cánkuì.,Anh ấy cảm thấy xấu hổ về biểu hiện của mình.
5,操场,cāo chǎng,sân vận động,孩子们在操场上玩耍。,Háizimen zài cāochǎng shàng wánshuǎ.,Bọn trẻ đang chơi đùa trên sân chơi.
5,操心,cāo xīn,lo lắng,不用操心，事情会好的。,"Bùyòng cāoxīn, shìqíng huì hǎo de.","Đừng lo lắng, mọi việc sẽ ổn thôi."
5,册,cè,"quyển, sổ",老师在我的纪念册上写了几句临别赠言。,Lǎoshī zài wǒ de jìniàncè shàng xiěle jǐ jù línbié zèngyán.,Giáo viên viết vài lời tạm biệt vào sổ lưu niệm của tôi.
5,测验,cè yàn,thí nghiệm,测验的结果让我很惊讶。,Cè yàn de jiéguǒ ràng wǒ hěn jīngyà.,Kết quả bài kiểm tra khiến tôi rất ngạc nhiên.
5,曾经,céng jīng,đã từng,我曾经去过那个城市。,Wǒ céngjīng qùguò nàgè chéngshì.,Tôi đã từng đến thành phố đó.
5,叉子,chā zi,"cái dĩa, cái xiên, cái nĩa",请用叉子切蛋糕。,Qǐng yòng chāzi qiē dàn'gāo.,Hãy dùng nĩa để cắt bánh.
5,差距,chā jù,sự khác biệt,他们之间的差距很大。,Tāmen zhī jiān de chājù hěn dà.,Khoảng cách giữa họ rất lớn.
5,插,chā,"cắm, chèn",你能把这些插入到报告中吗？,Nǐ néng bǎ zhèxiē chārù dào bàogào zhōng ma?,Bạn có thể chèn những cái này vào báo cáo không?
5,拆,chāi,"gỡ, dỡ",他拆开了那个包裹。,Tā chāikāile nàgè bāoguǒ.,Anh ấy đã mở gói hàng đó ra.
5,产品,chǎn pǐn,sản phẩm,这个产品的质量很好。,Zhège chǎnpǐn de zhìliàng hěn hǎo.,Chất lượng của sản phẩm này rất tốt.
5,产生,chǎn shēng,"sản sinh, nảy sinh",这次谈话产生了很大的影响。,Zhè cì tánhuà chǎnshēngle hěn dà de yǐngxiǎng.,Cuộc trò chuyện lần này đã tạo ra ảnh hưởng lớn.
5,长途,cháng tú,đường dài,我们计划长途旅行。,Wǒmen jìhuà chángtú lǚxíng.,Chúng tôi dự định đi du lịch dài ngày.
5,常识,cháng shí,kiến thức cơ bản,这是一条常识的规则。,Zhè shì yītiáo chángshí de guīzé.,Đây là một quy tắc thông thường.
5,抄,chāo,chép,他抄了别人的作业。,Tā chāole biérén de zuòyè.,Anh ấy đã sao chép bài tập của người khác.
5,超级,chāo jí,"siêu cấp, cực kỳ",这是一个超级大的市场。,Zhè shì yīgè chāojí dà de shìchǎng.,Đây là một siêu thị cực lớn.
5,朝,cháo,về hướng,我们朝着目标前进。,Wǒmen cháozhe mùbiāo qiánjìn.,Chúng tôi tiến về phía mục tiêu.
5,潮湿,cháo shī,ẩm ướt,空气有些潮湿。,Kōngqì yǒuxiē cháoshī.,Không khí hơi ẩm.
5,吵,chǎo,ồn ào,外面的声音很吵。,Wàimiàn de shēngyīn hěn chǎo.,Âm thanh bên ngoài rất ồn ào.
5,吵架,chǎo jià,cãi vã,他们在街上吵架。,Tāmen zài jiē shàng chǎojià.,Họ đang cãi nhau trên đường phố.
5,炒,chǎo,xào,炒菜时要加一些盐。,Chǎocài shí yào jiā yīxiē yán.,"Khi xào món ăn, hãy thêm một ít muối."
5,车库,chē kù,nhà xe,车库里停了两辆车。,Chēkù lǐ tíngle liǎng liàng chē.,Trong gara có hai chiếc xe đỗ.
5,车厢,chē xiāng,toa tàu,车厢里非常拥挤。,Chēxiāng lǐ fēicháng yōngjǐ.,Trong toa tàu rất đông đúc.
5,彻底,chè dǐ,triệt để,彻底清理房间是很重要的。,Chèdǐ qīnglǐ fángjiān shì hěn zhòngyào de.,Dọn dẹp phòng một cách triệt để là rất quan trọng.
5,沉默,chén mò,im lặng,他在会议上保持沉默。,Tā zài huìyì shàng bǎochí chénmò.,Anh ấy giữ im lặng trong cuộc họp.
5,趁,chèn,nhân,"趁着年轻,我们要好好珍惜身边的一切!","Chènzhe niánqīng, wǒmen yào hǎohǎo zhēnxī shēnbiān de yīqiè!","Nhân khi còn trẻ, chúng ta nên trân trọng mọi thứ xung quanh mình!"
5,称,chēng,gọi là,我被大家称为“老李”。,"Wǒ bèi dàjiā chēngwéi ""Lǎo Lǐ"".","Tôi đượng mọi người gọi là "" lão Lí""."
5,称呼,chēng hū,xưng hô,请问怎么称呼呢？,Qǐngwèn zěnme chēnghu ne?,Xin hỏi xưng hô thế nào nhỉ?
5,称赞,chēng zàn,tán thưởng,她称赞了我的工作。,Tā chēngzànle wǒ de gōngzuò.,Cô ấy khen ngợi công việc của tôi.
5,成分,chéng fèn,thành phần,这种食物的成分很简单。,Zhè zhǒng shíwù de chéngfèn hěn jiǎndān.,Thành phần của món ăn này rất đơn giản.
5,成果,chéng guǒ,thành quả,我们取得了很好的成果。,Wǒmen qǔdéle hěn hǎo de chéngguǒ.,Chúng tôi đã đạt được kết quả rất tốt.
5,成就,chéng jiù,thành tựu,他的努力带来了巨大的成就。,Tā de nǔlì dàiláile jùdà de chéngjiù.,Sự nỗ lực của anh ấy đã mang lại thành tựu lớn.
5,成立,chéng lì,thành lập,这个公司刚刚成立。,Zhège gōngsī gānggāng chénglì.,Công ty này vừa mới được thành lập.
5,成人,chéng rén,người lớn,除了最小的女儿外，‌其他孩子都已成人。‌,"Chú le zuì xiǎo de nǚ'ér wài,‌qítā háizi dōu yǐ chéngrén.‌","Ngoại trừ cô con gái út, những đứa trẻ khác đều đã trưởng thành. ‌"
5,成熟,chéng shú,thành thục,她非常成熟，处理问题很冷静。,"Tā fēicháng chéngshú, chǔlǐ wèntí hěn lěngjìng.",Cô ấy rất trưởng thành và xử lý vấn đề rất bình tĩnh.
5,成语,chéng yǔ,thành ngữ,这是一句成语，很有意思。,"Zhè shì yī jù chéngyǔ, hěn yǒu yìsi.","Đây là một câu thành ngữ, rất thú vị."
5,成长,chéng zhǎng,trưởng thành,孩子们在健康成长。,Háizimen zài jiànkāng chéngzhǎng.,Những đứa trẻ đang trưởng thành khỏe mạnh.
5,诚恳,chéng kěn,thành khẩn,他说话非常诚恳。,Tā shuōhuà fēicháng chéngkěn.,Anh ấy nói chuyện rất chân thành.
5,承担,chéng dān,chịu trách nhiệm,我们需要承担更多的责任。,Wǒmen xūyào chéngdān gèng duō de zérèn.,Chúng ta cần phải gánh vác nhiều trách nhiệm hơn.
5,承认,chéng rèn,thừa nhận,我承认我犯了错。,Wǒ chéngrèn wǒ fànle cuò.,Tôi thừa nhận tôi đã phạm lỗi.
5,承受,chéng shòu,chịu đựng,他能够承受很大的压力。,Tā nénggòu chéngshòu hěn dà de yālì.,Anh ấy có thể chịu đựng áp lực rất lớn.
5,程度,chéng dù,trình độ,这个问题的难度程度很高。,Zhège wèntí de nándù chéngdù hěn gāo.,Mức độ khó của vấn đề này rất cao.
5,程序,chéng xù,trình tự,我们在程序中发现了一些错误。,Wǒmen zài chéngxù zhōng fāxiànle yīxiē cuòwù.,Chúng tôi phát hiện một số lỗi trong chương trình.
5,吃亏,chī kuī,thiệt thòi,这次比赛我吃亏了。,Zhè cì bǐsài wǒ chīkuīle.,Tôi đã bị thiệt thòi trong cuộc thi lần này.
5,池塘,chí táng,ao hồ,池塘里有很多鱼。,Chítáng lǐ yǒu hěn duō yú.,Trong ao có rất nhiều cá.
5,迟早,chí zǎo,sớm muộn,迟早我们会找到解决办法的。,Chízǎo wǒmen huì zhǎodào jiějué bànfǎ de.,Sớm hay muộn chúng ta cũng sẽ tìm ra giải pháp.
5,持续,chí xù,"kéo dài, tiêp tục",这个问题需要持续关注。,Zhège wèntí xūyào chíxù guānzhù.,Vấn đề này cần tiếp tục theo dõi.
5,尺子,chǐ zi,thước đo,请用尺子量一下长度。,Qǐng yòng chǐzi liáng yīxià chángdù.,Vui lòng dùng thước để đo chiều dài.
5,翅膀,chì bǎng,cánh,小鸟的翅膀很漂亮。,Xiǎoniǎo de chìbǎng hěn piàoliang.,Đôi cánh của con chim nhỏ rất đẹp.
5,冲,chōng,"xông, xô đẩy",他们在冲向终点。,Tāmen zài chōng xiàng zhōngdiǎn.,Họ đang lao về phía đích.
5,充分,chōng fèn,đầy đủ,这个计划充分考虑了所有因素。,Zhège jìhuà chōngfèn kǎolǜle suǒyǒu yīnsù.,Kế hoạch này đã cân nhắc đầy đủ tất cả các yếu tố.
5,充满,chōng mǎn,tràn đầy,房间里充满了温暖的光线。,Fángjiān lǐ chōngmǎnle wēnnuǎn de guāngxiàn.,Căn phòng tràn ngập ánh sáng ấm áp.
5,重复,chóng fù,lặp lại,这个任务需要重复几次。,Zhège rènwù xūyào chóngfù jǐ cì.,Nhiệm vụ này cần phải lặp lại vài lần.
5,宠物,chǒng wù,thú cưng,他有很多宠物，比如猫和狗。,"Tā yǒu hěn duō chǒngwù, bǐrú māo hé gǒu.","Anh ấy có nhiều thú cưng, chẳng hạn như mèo và chó."
5,抽屉,chōu tì,ngăn kéo,抽屉里放了很多文具。,Chōutì lǐ fàngle hěn duō wénjù.,Ngăn kéo có chứa nhiều đồ dùng văn phòng.
5,抽象,chōu xiàng,trừu tượng,他的画儿风格很抽象。,Tā de huàr fēnggé hěn chōuxiàng.,Phong cách tranh của anh ấy rất trừu tượng.
5,丑,chǒu,xấu,那只狗的样子确实很丑。,Nà zhī gǒu de yàngzi quèshí hěn chǒu.,Dáng vẻ của chú chó kia thực sự rất xấu.
5,臭,chòu,thối,这个地方的味道很臭。,Zhège dìfāng de wèidào hěn chòu.,Mùi ở nơi này rất hôi.
5,出版,chū bǎn,xuất bản,这本书已经出版了。,Zhè běn shū yǐjīng chūbǎnle.,Quyển sách này đã được xuất bản.
5,出口,chū kǒu,"lối ra, cửa ra",这个港口是重要的出口。,Zhège gǎngkǒu shì zhòngyào de chūkǒu.,Cảng này là một cửa khẩu quan trọng.
5,出色,chū sè,xuất sắc,她的表现非常出色。,Tā de biǎoxiàn fēicháng chūsè.,Biểu hiện của cô ấy rất xuất sắc.
5,出示,chū shì,xuất trình,请出示你的身份证。,Qǐng chūshì nǐ de shēnfènzhèng.,Vui lòng xuất trình chứng minh nhân dân của bạn.
5,出席,chū xí,tham dự,每一次出席，都是对人生舞台的又一次征服。,"Měi yīcì chūxí, dōu shì duì rénshēng wǔtái de yòu yīcì zhēngfú.",Mỗi lần bạn tham dự là một cuộc chinh phục khác của một giai đoạn cuộc đời.
5,初级,chū jí,sơ cấp,这是初级课程，非常简单。,"Zhè shì chūjí kèchéng, fēicháng jiǎndān.","Đây là khóa học sơ cấp, rất đơn giản."
5,除非,chú fēi,trừ phi,除非你告诉我，否则我不知道。,"Chúfēi nǐ gàosù wǒ, fǒuzé wǒ bù zhīdào.","Trừ khi bạn nói cho tôi, nếu không tôi không biết."
5,除夕,chú xī,giao thừa,我们在除夕晚上吃年夜饭。,Wǒmen zài chúxī wǎnshàng chī niányèfàn.,Chúng tôi ăn bữa tối giao thừa vào đêm Giao thừa.
5,处理,chǔ lǐ,xử lý,这个问题需要认真处理。,Zhège wèntí xūyào rènzhēn chǔlǐ.,Vấn đề này cần được xử lý nghiêm túc.
5,传播,chuán bō,"lan truyền, lây lan",这个消息通过网络传播很快。,Zhège xiāoxī tōngguò wǎngluò chuánbō hěn kuài.,Tin tức này lan truyền nhanh chóng qua mạng.
5,传染,chuán rǎn,nhiễm,这种病很容易传染。,Zhè zhǒng bìng hěn róngyì chuánrǎn.,Bệnh này dễ lây nhiễm.
5,传说,chuán shuō,truyền thuyết,这是一个古老的传说。,Zhè shì yīgè gǔlǎo de chuánshuō.,Đây là một truyền thuyết cổ xưa.
5,传统,chuán tǒng,truyền thống,我们保持了传统的节日习俗。,Wǒmen bǎochíle chuántǒng de jiérì xísú.,Chúng tôi giữ gìn các phong tục ngày lễ truyền thống.
5,窗帘,chuāng lián,rèm cửa,窗帘需要定期清洗。,Chuānglián xūyào dìngqī qīngxǐ.,Rèm cửa cần được làm sạch định kỳ.
5,闯,chuǎng,"xông vào, xông lên",他闯入了别人的房间。,Tā chuǎngrùle biérén de fángjiān.,Anh ấy xông vào phòng của người khác.
5,创造,chuàng zào,sáng tạo,他们正在创造新的艺术作品。,Tāmen zhèngzài chuàngzào xīn de yìshù zuòpǐn.,Họ đang tạo ra các tác phẩm nghệ thuật mới.
5,吹,chuī,thổi,风吹得很大。,Fēng chuī dé hěn dà.,Gió thổi rất mạnh.
5,词汇,cí huì,từ vựng,学习新词汇对提高语言能力很重要。,Xuéxí xīn cíhuì duì tígāo yǔyán nénglì hěn zhòngyào.,Học từ vựng mới rất quan trọng để nâng cao khả năng ngôn ngữ.
5,辞职,cí zhí,"từ chức, bỏ việc",他决定辞职去找一个新的工作。,Tā juédìng cízhí qù zhǎo yīgè xīn de gōngzuò.,Anh ấy quyết định từ chức để tìm một công việc mới.
5,此外,cǐ wài,ngoài ra,他给了我一本书，一支钢笔，此外还给了我一些钱。,"Tā gěile wǒ yī běn shū, yī zhī gāngbǐ, cǐwài hái gěile wǒ yīxiē qián.","Anh ấy đưa cho tôi một cuốn sách, một cây bút, ngoài a còn đưa tôi một ít tiền."
5,次要,cì yào,thứ yếu,这是次要的任务，可以先完成其他任务。,"Zhè shì cìyào de rènwù, kěyǐ xiān wánchéng qítā rènwù.","Đây là nhiệm vụ thứ yếu, có thể hoàn thành các nhiệm vụ khác trước."
5,刺激,cì jī,kích thích,这个新闻刺激了市场。,Zhège xīnwén cìjīle shìchǎng.,Tin tức này đã kích thích thị trường.
5,匆忙,cōng máng,vội vàng,他匆忙地完成了任务。,Tā cōngmáng de wánchéngle rènwù.,Anh ấy vội vã hoàn thành nhiệm vụ.
5,从此,cóng cǐ,từ đó,从此以后，我就开始学习汉语了。,"Cóngcǐ yǐhòu, wǒ jiù kāishǐ xuéxí hànyǔle.","Từ đó về sau, tôi đã bắt đầu học tiếng Trung."
5,从而,cóng ér,cho nên,他得到了一份工作，从而改善了生活。,"Tā dédàole yī fèn gōngzuò, cóng'ér gǎishànle shēnghuó.","Anh ấy có được một công việc, từ đó cải thiện cuộc sống."
5,从前,cóng qián,từ trước,从前有一个美丽的村庄。,Cóngqián yǒu yīgè měilì de cūnzhuāng.,Ngày xưa có một ngôi làng đẹp.
5,从事,cóng shì,theo đuổi,他从事于软件开发工作。,Tā cóngshì yú ruǎnjiàn kāifā gōngzuò.,Anh ấy làm việc trong lĩnh vực phát triển phần mềm.
5,粗糙,cū cāo,thô ráp,这块木板的表面很粗糙。,Zhè kuài mùbǎn de biǎomiàn hěn cūcāo.,Bề mặt của tấm gỗ này rất thô ráp.
5,促进,cù jìn,xúc tiến,他们的目标是促进国际合作。,Tāmen de mùbiāo shì cùjìn guójì hézuò.,Mục tiêu của họ là thúc đẩy hợp tác quốc tế.
5,促使,cù shǐ,thúc đẩy,这件事促使了他做出改变。,Zhè jiàn shì cùshǐle tā zuòchū gǎibiàn.,Việc này đã khiến anh ấy phải thay đổi.
5,醋,cù,giấm,我喜欢在菜里加一点醋。,Wǒ xǐhuān zài cài lǐ jiā yīdiǎn cù .,Tôi thích thêm một chút giấm vào món ăn.
5,催,cuī,giục,他催大家快点完成工作。,Tā cuī dàjiā kuài diǎn wánchéng gōngzuò.,Anh ấy thúc giục mọi người hoàn thành công việc nhanh chóng.
5,存在,cún zài,tồn tại,这种现象在社会中存在很久了。,Zhè zhǒng xiànxiàng zài shèhuì zhōng cúnzài hěnjiǔle.,Hiện tượng này đã tồn tại trong xã hội từ lâu.
5,措施,cuò shī,"sách lược, chính sách",我们需要采取新的措施。,Wǒmen xūyào cǎiqǔ xīn de cuòshī.,Chúng ta cần phải thực hiện các biện pháp mới.
5,答应,dā yìng,"hứa, đồng ý",我答应会准时到达。,Wǒ dāyìng huì zhǔnshí dàodá.,Tôi hứa sẽ đến đúng giờ.
5,达到,dá dào,đạt đến,他终于达到了他的目标。,Tā zhōngyú dádàole tā de mùbiāo.,Anh ấy cuối cùng đã đạt được mục tiêu của mình
5,打工,dǎ gōng,làm thêm,他在餐馆打工。,Tā zài cānguǎn dǎgōng.,Anh ấy làm việc bán thời gian tại nhà hàng.
5,打交道,dǎ jiāo dào,kết bạn,我们经常打交道。,Wǒmen jīngcháng dǎjiāodào.,Chúng tôi thường xuyên tiếp xúc.
5,打喷嚏,dǎ pēn tì,hắt xì,她打了一个喷嚏。,Tā dǎle yīgè pēntì.,Cô ấy hắt hơi một cái.
5,打听,dǎ tīng,hỏi thăm,我想打听一下他在哪里。,Wǒ xiǎng dǎtīng yīxià tā zài nǎlǐ.,Tôi muốn hỏi xem anh ấy ở đâu.
5,大方,dà fāng,phóng khoáng,她很大方，愿意帮助别人。,"Tā hěn dàfāng, yuànyì bāngzhù biérén.",Cô ấy rất hào phóng và sẵn sàng giúp đỡ người khác.
5,大厦,dà shà,tòa nhà,这座大厦很高。,Zhè zuò dàshà hěn gāo.,Tòa nhà này rất cao.
5,大象,dà xiàng,voi,动物园里有一只大象。,Dòngwùyuán lǐ yǒu yī zhī dàxiàng.,Có một con voi trong vườn thú.
5,大型,dà xíng,lớn (qui mô),这是一种大型的设备。,Zhè shì yī zhǒng dàxíng de shèbèi.,Đây là một thiết bị lớn.
5,呆,dāi,"ở lì, ở",他看起来有点呆。,Tā kàn qǐlái yǒudiǎn dāi.,Anh ấy trông hơi ngốc nghếch.
5,代表,dài biǎo,đại diện,他代表公司参加会议。,Tā dàibiǎo gōngsī cānjiā huìyì.,Anh ấy đại diện công ty tham gia cuộc họp.
5,代替,dài tì,thay thế,我们需要找人代替他。,Wǒmen xūyào zhǎo rén dàtì tā.,Chúng ta cần tìm người thay thế anh ấy.
5,贷款,dài kuǎn,vay tiền,我们申请了一个贷款。,Wǒmen shēnqǐngle yīgè dàikuǎn.,Chúng tôi đã xin một khoản vay.
5,待遇,dài yù,đãi ngộ,他的待遇非常好。,Tā de dàiyù fēicháng hǎo.,Đãi ngộ của anh ấy rất tốt.
5,担任,dān rèn,đảm nhiệm,她担任了项目经理。,Tā dānrènle xiàngmù jīnglǐ.,Cô ấy đảm nhiệm vị trí quản lý dự án.
5,单纯,dān chún,"đơn thuần,ngây thơ",他是一个单纯的人。,Tā shì yīgè dānchún de rén.,Anh ấy là một người đơn thuần.
5,单调,dān diào,đơn điệu,这个房间的颜色很单调。,Zhège fángjiān de yánsè hěn dāndiào.,Màu sắc của căn phòng này rất đơn điệu.
5,单独,dān dú,đơn độc,我想单独去旅行。,Wǒ xiǎng dān dú qù lǚxíng.,Tôi muốn đi du lịch một mình.
5,单位,dān wèi,đơn vị,这个单位有很多员工。,Zhège dānwèi yǒu hěn duō yuángōng.,Đơn vị này có nhiều nhân viên.
5,单元,dān yuán,"đơn nguyên, cụm",这本书分为五个单元。,zhè běn shū fēn wéi wǔ gè dānyuán.,Quyển sách này được chia thành năm đơn vị bài.
5,耽误,dān wù,bỏ lỡ,这件事会耽误你的工作。,Zhè jiàn shì huì dānwù nǐ de gōngzuò.,Việc này sẽ làm lãng phí thời gian công việc của bạn.
5,胆小鬼,dǎn xiǎo guǐ,kẻ nhát gan,他是一个胆小鬼。,Tā shì yīgè dǎnxiǎoguǐ.,Anh ấy là một kẻ nhát gan.
5,淡,dàn,nhạt,这个颜色很淡。,Zhège yánsè hěn dàn.,Màu sắc này rất nhạt.
5,当地,dāng dì,địa phương,我们要了解当地的风俗。,Wǒmen yào liǎojiě dāngdì de fēngsú.,Chúng ta cần tìm hiểu phong tục địa phương.
5,当心,dāng xīn,"để tâm, lưu tâm",慢点儿走，当心地上滑。,màn diǎnr zǒu，dāngxīn dìshàng huá。,"Đi chậm thôi, coi chừng đường trơn."
5,挡,dǎng,chắn,请挡住阳光。,Qǐng dǎng zhù yángguāng.,Hãy chắn ánh sáng mặt trời.
5,导演,dǎo yǎn,đạo diễn,这部电影是由著名导演拍的。,Zhè bù diànyǐng shì yóu zhùmíng dǎoyǎn pāi de.,Bộ phim này được đạo diễn nổi tiếng thực hiện.
5,导致,dǎo zhì,gây ra,这次错误导致了许多问题。,Zhè cì cuòwù dǎozhìle xǔduō wèntí.,Lỗi lần này đã dẫn đến nhiều vấn đề.
5,岛屿,dǎo yǔ,đảo,我们计划去那个岛屿旅行。,Wǒmen jìhuà qù nàgè dǎoyǔ lǚxíng.,Chúng tôi dự định đi du lịch đến hòn đảo đó.
5,倒霉,dǎo méi,xui xẻo,他最近很倒霉。,Tā zuìjìn hěn dǎoméi.,Gần đây anh ấy rất xi xẻo.
5,到达,dào dá,đến,我们已经到达目的地。,Wǒmen yǐjīng dàodále mùdì dì.,Chúng tôi đã đến đích.
5,道德,dào dé,đạo đức,道德是社会的基石。,Dàodé shì shèhuì de jīshí.,Đạo đức là nền tảng của xã hội.
5,道理,dào lǐ,"đạo lí, bài học",这个问题有一定的道理。,Zhège wèntí yǒu yīdìng de dàolǐ.,Vấn đề này có một lý do nhất định.
5,登记,dēng jì,đăng kí,请在这里登记。,Qǐng zài zhèlǐ dēngjì.,Vui lòng đăng ký ở đây.
5,等待,děng dài,"đợi, chờ đợi",我们正在等待他的回复。,Wǒmen zhèngzài děngdài tā de huífù.,Chúng tôi đang chờ phản hồi của anh ấy.
5,等于,děng yú,bằng,一米等于一千毫米。,Yī mǐ děngyú yīqiān háomǐ.,Một mét bằng một nghìn milimet.
5,滴,dī,giọt,水滴从瓶子里落下来。,Shuǐ dī cóng píngzi lǐ luò xiàlái.,Giọt nước rơi từ chai.
5,的确,dí què,"đúng, thật (phó từ)",的确这是个好主意。,Dìquè zhè shìgè hǎo zhǔyì.,Quả thật đây là một ý tưởng tốt.
5,敌人,dí rén,kẻ địch,我们的敌人正在进攻。,Wǒmen de dírén zhèngzài jìngōng.,Kẻ thù của chúng tôi đang tấn công.
5,地道,dì dào,"chuẩn bản địa (ngôn ngữ, món ăn)",这条街道非常地道。,Zhè tiáo jiēdào fēicháng dìdào.,Con phố này rất chính thống.
5,地理,dì lǐ,địa lý,地理课上，我们学了很多知识。,"Dìlǐ kè shàng, wǒmen xuélè hěn duō zhīshì.","Trong giờ học địa lý, chúng tôi đã học được nhiều kiến thức."
5,地区,dì qū,khu vực,这个地区很繁华。,Zhège dìqū hěn fánhuá.,Khu vực này rất sầm uất.
5,地毯,dì tǎn,thảm,地毯上有很多污垢。,Dìtǎn shàng yǒu hěn duō wūgòu.,Có nhiều bụi bẩn trên thảm.
5,地位,dì wèi,địa vị,他在公司里地位很高。,Tā zài gōngsī lǐ dìwèi hěn gāo.,Anh ấy có vị trí rất cao trong công ty.
5,地震,dì zhèn,động đất,这次地震造成了很多破坏。,Zhè cì dìzhèn zàochéngle hěn duō pòhuài.,Đợt động đất lần này gây ra nhiều thiệt hại.
5,递,dì,truyền,请把这封信递给她。,Qǐng bǎ zhè fēng xìn dì gěi tā.,Hãy chuyển bức thư này cho cô ấy.
5,点心,diǎn xīn,điểm tâm,我喜欢吃点心。,Wǒ xǐhuān chī diǎnxīn.,Tôi thích ăn món điểm tâm.
5,电池,diàn chí,pin,这个电池需要更换。,Zhège diànchí xūyào gēnghuàn.,Cần phải thay pin này.
5,电台,diàn tái,đài truyền hình,我们听到了电台的消息。,Wǒmen tīngdàole diàntái de xiāoxī.,Chúng tôi đã nghe tin tức từ đài phát thanh.
5,钓,diào,câu (cá),他喜欢钓鱼。,Tā xǐhuān diàoyú.,Anh ấy thích câu cá.
5,顶,dǐng,"đội, cái (lượng từ cho mũ)",这个山顶很高。,Zhège shāndǐng hěn gāo.,Đỉnh núi này rất cao.
5,动画片,dòng huà piàn,phim hoạt hình,我喜欢看动画片。,Wǒ xǐhuān kàn dònghuàpiàn.,Tôi thích xem phim hoạt hình.
5,冻,dòng,đông cứng,这个冬天特别冷，水都冻了。,"Zhège dōngtiān tèbié lěng, shuǐ dōu dòngle.","Mùa đông này đặc biệt lạnh, nước đều bị đông lại."
5,洞,dòng,hang động,洞里很黑。,Dòng lǐ hěn hēi.,Trong hang rất tối.
5,豆腐,dòu fǔ,đậu phụ,我吃了豆腐和蔬菜。,Wǒ chīle dòufu hé shūcài.,Tôi ăn đậu phụ và rau.
5,逗,dòu,trêu,他逗我玩。,Tā dòu wǒ wán.,Anh ấy trêu đùa tôi.
5,独立,dú lì,độc lập,他们是一个独立的国家。,Tāmen shì yīgè dúlì de guójiā.,Họ là một quốc gia độc lập.
5,独特,dú tè,độc đáo,这件衣服的设计很独特。,Zhè jiàn yīfú de shèjì hěn dútè.,Thiết kế của chiếc áo này rất độc đáo.
5,度过,dù guò,"trải qua (thời kì, thời gian)",我们度过了一个愉快的假期。,Wǒmen dùguòle yīgè yúkuài de jiàqī.,Chúng tôi đã có một kỳ nghỉ vui vẻ.
5,断,duàn,"đoạn, đứt",不断的奋斗就是走上成功之路。,Bùduàn de fèndòu jiùshì zǒu shàng chénggōng zhī lù.,không ngừng phấn đấ chính là con đường đi đến thành công.
5,堆,duī,đống,桌子上堆满了书。,Zhuōzi shàng duī mǎnle shū.,Bàn đầy sách chất đống.
5,对比,duì bǐ,đối chiếu,我们可以对比这两个方案。,Wǒmen kěyǐ duìbǐ zhè liǎng gè fāng'àn.,Chúng ta có thể so sánh hai phương án này.
5,对待,duì dài,đối đãi,对待每个人都要公平。,Duìdài měi gè rén dōu yào gōngpíng.,Cần phải đối xử công bằng với mọi người.
5,对方,duì fāng,đối phương,对方的意见很有价值。,Duìfāng de yìjiàn hěn yǒu jiàzhí.,Ý kiến của bên kia rất có giá trị.
5,对手,duì shǒu,đối thủ,他们是强大的对手。,Tāmen shì qiángdà de duìshǒu.,Họ là đối thủ mạnh mẽ.
5,对象,duì xiàng,đối tượng,他的对象是一个演员。,Tā de duìxiàng shì yīgè yǎnyuán.,Đối tượng của anh ấy là một diễn viên.
5,兑换,duì huàn,đổi,我们需要兑换外币。,Wǒmen xūyào duìhuàn wàibì.,Chúng ta cần đổi ngoại tệ.
5,吨,dūn,tấn,这个箱子的重量是吨。,Zhège xiāngzi de zhòngliàng shì dūn.,Trọng lượng của chiếc hộp này là tấn.
5,蹲,dūn,ngồi xổm,我们在公园里蹲下休息。,Wǒmen zài gōngyuán lǐ dūnxià xiūxí.,Chúng tôi ngồi xổm nghỉ ngơi trong công viên.
5,顿,dùn,bữa,他吃了一顿丰盛的晚餐。,Tā chīle yī dùn fēngshèng de wǎncān.,Anh ấy đã ăn một bữa tối thịnh soạn.
5,多亏,duō kuī,may mà,多亏有你的帮助，我们才能完成项目。,"Duōkuī yǒu nǐ de bāngzhù, wǒmen cái néng wánchéng xiàngmù.","may mà có sự giúp đỡ của bạn, chúng tôi mới có thể hoàn thành dự án."
5,多余,duō yú,thừa thãi,这个包有些多余的空间。,Zhège bāo yǒuxiē duōyú de kōngjiān.,Chiếc túi này có một ít không gian dư thừa.
5,朵,duǒ,bông,她头上有一朵花。,Tā tóu shàng yǒu yī duǒ huā.,Cô ấy có một bông hoa trên đầu.
5,躲藏,duǒ cáng,trốn,我们躲藏在树后面。,Wǒmen duǒcáng zài shù hòumiàn.,Chúng tôi ẩn nấp sau cây.
5,恶劣,è liè,"khắc nghiệt, hà khắc",这天气很恶劣。,Zhè tiānqì hěn èliè.,Thời tiết rất xấu.
5,耳环,ěr huán,khuyên tai,她戴着一对漂亮的耳环。,Tā dàizhe yī duì piàoliang de ěrhuán.,Cô ấy đeo một đôi bông tai đẹp.
5,发表,fā biǎo,"phát biểu, đăng, ra mắt (tác phẩm)",他们在会议上发表了讲话。,Tāmen zài huìyì shàng fābiǎole jiǎnghuà.,Họ đã phát biểu trong cuộc họp.
5,发愁,fā chóu,"phát buồn, chán",他为自己的未来发愁。,Tā wèi zìjǐ de wèilái fāchóu.,Anh ấy lo lắng cho tương lai của mình.
5,发达,fā dá,"phát đạt, phát triển",发达的医疗体系能够为人们提供更好的医疗服务。,Fādá de yīliáo tǐxì nénggòu wéi rénmen tígōng gèng hǎo de yīliáo fúwù.,Một hệ thống y tế phát triển có thể cung cấp cho người dân những dịch vụ y tế tốt hơn.
5,发抖,fā dǒu,run rẩy,她的手在发抖。,Tā de shǒu zài fā dǒu.,Tay cô ấy đang run.
5,发挥,fā huī,phát huy,他的演讲发挥了最好的水平。,Tā de yǎnjiǎng fāhuīle zuì hǎo de shuǐpíng.,Bài phát biểu của anh ấy phát huy ở trình độ tốt nhất.
5,发明,fā míng,phát minh,这项发明非常有用。,Zhè xiàng fāmíng fēicháng yǒuyòng.,Phát minh này rất hữu ích.
5,发票,fā piào,hóa đơn giá trị gia tăng,请把发票给我。,Qǐng bǎ fāpiào gěi wǒ.,Hãy đưa cho tôi hóa đơn.
5,发言,fā yán,phát biểu (ý kiến),他在会议上发言了。,Tā zài huìyì shàng fāyánle.,Anh ấy đã phát biểu tại cuộc họp.
5,罚款,fá kuǎn,phạt tiền,他因为迟到被罚款了。,Tā yīnwèi chídào bèi fákuǎnle.,Anh ấy bị phạt tiền vì đến muộn.
5,法院,fǎ yuàn,tòa án,这个案件已经提交到法院了。,Zhège ànjiàn yǐjīng tíjiāo dào fǎyuànle.,Vụ án này đã được nộp lên tòa án.
5,翻,fān,"lật, giở",请把这些纸翻一下。,Qǐng bǎ zhèxiē zhǐ fān yīxià.,Hãy lật qua những tờ giấy này.
5,繁荣,fán róng,phồn vinh,这个城市的经济很繁荣。,Zhège chéngshì de jīngjì hěn fánróng.,Kinh tế của thành phố này rất phát đạt.
5,反而,fǎn ér,ngược lại,他反而喜欢待在家里。,Tā fǎn'ér xǐhuān dāi zài jiālǐ.,Anh ấy lại thích ở nhà hơn.
5,反复,fǎn fù,lặp đi lặp lại,这句话要反复读几遍。,Zhè jù huà yào fǎnfù dú jǐ biàn.,Câu này cần đọc đi đọc lại vài lần.
5,反应,fǎn yìng,phản ứng,他的反应很快。,Tā de fǎnyìng hěn kuài.,Phản ứng của anh ấy rất nhanh.
5,反映,fǎn yìng,phản ánh,梦会反映现实。,Mèng huì fǎnyìng xiànshí.,Giấc mơ phản ánh hiện thực.
5,反正,fǎn zhèng,dù sao thì,反正我们要按时完成任务。,Fǎnzhèng wǒmen yào ànshí wánchéng rènwù.,Dù sao thì chúng ta cũng phải hoàn thành nhiệm vụ đúng hạn.
5,范围,fàn wéi,phạm vi,这个问题的范围很广。,Zhège wèntí de fànwéi hěn guǎng.,Phạm vi của vấn đề này rất rộng.
5,方,fāng,phương,方形的玻璃窗非常美丽。,Fāngxíng de bōlí chuāng fēicháng měilì.,Cửa sổ kính vuông vức rất đẹp.
5,方案,fāng àn,phương án,我们需要一个详细的方案。,Wǒmen xūyào yīgè xiángxì de fāng'àn.,Chúng ta cần một phương án chi tiết.
5,方式,fāng shì,phương thức,这种方式更有效。,Zhè zhǒng fāngshì gèng yǒuxiào.,Cách này hiệu quả hơn.
5,妨碍,fáng ài,"trở ngại, cản trở",他的行为妨碍了工作。,Tā de xíngwéi fáng'ài le gōngzuò.,Hành động của anh ấy gây cản trở công việc.
5,仿佛,fǎng fú,dường như,她的声音仿佛天使在歌唱。,Tā de shēngyīn fǎngfú tiānshǐ zài gēchàng.,Giọng nói của cô ấy như thiên thần đang hát.
5,非,fēi,"phi, không",我非得去那个地方不可。,Wǒ fēiděi qù nàgè dìfāng bùkě.,Tôi phải đến nơi đó.
5,肥皂,féi zào,bánh xà phòng,我们用肥皂洗手。,Wǒmen yòng féizào xǐshǒu.,Chúng tôi rửa tay bằng xà phòng.
5,废话,fèi huà,lời nói thừa thãi,请不要说废话。,Qǐng bùyào shuō fèihuà.,Xin đừng nói chuyện vô ích.
5,分别,fēn bié,"phân biệt, lần lượt, xa nhau",分别的时候总是让人感到悲伤。,分别的时候总是让人感到悲伤。,Chia tay bao giờ cũng buồn.
5,分布,fēn bù,phân bố,这些植物在这个地区分布很广。,Zhèxiē zhíwù zài zhège dìqū fēnbù hěn guǎng.,Các loại cây này phân bố rộng rãi trong khu vực này.
5,分配,fēn pèi,"chia sẻ, phân chia, phân công",我们需要合理分配资源。,Wǒmen xūyào hélǐ fēnpèi zīyuán.,Chúng ta cần phân phối tài nguyên hợp lý.
5,分手,fēn shǒu,chia tay,他们决定分手。,Tāmen juédìng fēnshǒu.,Họ quyết định chia tay.
5,分析,fēn xī,phân tích,他在分析数据。,Tā zài fēnxī shùjù.,Anh ấy đang phân tích dữ liệu.
5,纷纷,fēn fēn,lũ lượt,大家纷纷发表意见。,Dàjiā fēnfēn fābiǎo yìjiàn.,Mọi người đều đưa ra ý kiến.
5,奋斗,fèn dòu,phấn đấu,我们需要为了未来奋斗。,Wǒmen xūyào wèile wèilái fèndòu.,Chúng ta cần nỗ lực vì tương lai.
5,风格,fēng gé,phong cách,她的风格很独特。,Tā de fēnggé hěn dútè.,Phong cách của cô ấy rất độc đáo.
5,风景,fēng jǐng,phong cảnh,这个地方的风景很美。,Zhège dìfāng de fēngjǐng hěn měi.,Cảnh vật ở đây rất đẹp.
5,风俗,fēng sú,phong tục,他们的风俗很有趣。,Tāmen de fēngsú hěn yǒuqù.,Phong tục của họ rất thú vị.
5,风险,fēng xiǎn,"mạo hiểm, hiểm nguy",这项投资有很高的风险。,Zhè xiàng tóuzī yǒu hěn gāo de fēngxiǎn.,Đầu tư này có rủi ro cao.
5,疯狂,fēng kuáng,điên rồ,他对这部电影感到疯狂。,Tā duì zhè bù diànyǐng gǎndào fēngkuáng.,Anh ấy cảm thấy điên cuồng về bộ phim này.
5,讽刺,fěng cì,châm biếm,这部小说有一些讽刺的元素。,Zhè bù xiǎoshuō yǒu yīxiē fèngcì de yuánsù.,Tiểu thuyết này có một số yếu tố châm biếm.
5,否定,fǒu dìng,phủ định,他否定了所有的指责。,Tā fǒudìngle suǒyǒu de zhǐzé.,Anh ấy đã phủ nhận tất cả các chỉ trích.
5,否认,fǒu rèn,phủ nhận,她完全否认了这个事实。,Tā wánquán fǒurènle zhège shìshí.,Cô ấy hoàn toàn phủ nhận thực tế này.
5,扶,fú,vịn,他在路上扶着我。,Tā zài lù shàng fúzhe wǒ.,Anh ấy hỗ trợ tôi trên đường.
5,服装,fú zhuāng,"phục trang, quần áo",我们需要买新的服装。,Wǒmen xūyào mǎi xīn de fúzhuāng.,Chúng ta cần mua sắm quần áo mới.
5,幅,fú,bức (lượng từ cho tranh),这幅画儿很漂亮。,Zhè fú huàr hěn piàoliang.,Bức tranh này rất đẹp.
5,辅导,fǔ dǎo,"phụ đạo, bổ trợ",她需要额外的辅导。,Tā xūyào éwài de fǔdǎo.,Cô ấy cần thêm sự hướng dẫn.
5,妇女,fù nǚ,phụ nữ,妇女在社会中扮演重要的角色。,Fùnǚ zài shèhuì zhōng bànyǎn zhòngyào de juésè.,Phụ nữ đóng vai trò quan trọng trong xã hội.
5,复制,fù zhì,copy,请复制这个文件。,Qǐng fùzhì zhège wénjiàn.,Hãy sao chép tài liệu này.
5,改革,gǎi gé,cải cách,我们需要进行改革。,Wǒmen xūyào jìnxíng gǎigé.,Chúng ta cần thực hiện cải cách.
5,改进,gǎi jìn,cải tiến,他希望能改进工作流程。,Tā xīwàng néng gǎijìn gōngzuò liúchéng.,Anh ấy hy vọng có thể cải tiến quy trình làm việc.
5,改善,gǎi shàn,cải thiện,他们正在改善居住条件。,Tāmen zhèngzài gǎishàn jūzhù tiáojiàn.,Họ đang cải thiện điều kiện sống.
5,改正,gǎi zhèng,đính chính,我们需要改正错误。,Wǒmen xūyào gǎizhèng cuòwù.,Chúng ta cần sửa chữa lỗi.
5,盖,gài,"đậy, bao phủ",这一片区域都被盖上了高楼大厦。,Zhè yīpiàn qūyù dōu bèi gài shàngle gāolóu dàshà.,Khu vực này được bao phủ bởi các tòa nhà cao tầng.
5,概括,gài kuò,khái quát,文章的概括很简洁。,Wénzhāng de gàikuò hěn jiǎnjié.,Tóm tắt của bài viết rất ngắn gọn.
5,概念,gài niàn,khái niệm,这个概念很重要。,Zhège gàiniàn hěn zhòngyào.,Khái niệm này rất quan trọng.
5,干脆,gān cuì,dứt khoát,他的发言非常干脆，没有一句多余的话。,"Tā de fǎ yán fēicháng gāncuì, méiyǒu yījù duōyú dehuà.","Bài phát biểu của anh ấy rất ngắn gọn dứt khoát, không có bất kỳ từ nào dư thừa."
5,干燥,gān zào,"khô ráo, khô hanh",干燥的空气使得火势很容易蔓延。,Gānzào de kōngqì shǐdé huǒshì hěn róngyì mànyán.,Không khí khô khiến lửa dễ lan rộng.
5,赶紧,gǎn jǐn,mau chóng,赶紧做完作业吧。,Gǎnjǐn zuò wán zuòyè ba.,Hãy nhanh chóng làm xong bài tập.
5,赶快,gǎn kuài,mau chóng,他赶快去看医生。,Tā gǎnkuài qù kàn yīshēng.,Anh ấy nhanh chóng đi gặp bác sĩ.
5,感激,gǎn jī,"cảm kích, biết ơn",我非常感激你的帮助。,Wǒ fēicháng gǎnjī nǐ de bāngzhù.,Tôi rất cảm kích sự giúp đỡ của bạn.
5,感受,gǎn shòu,cảm nhận,我能感受你的情绪。,Wǒ néng gǎnshòu nǐ de qíngxù.,Tôi có thể cảm nhận được cảm xúc của bạn.
5,感想,gǎn xiǎng,"cảm tưởng, suy nghĩ",他的感想很有趣。,Tā de gǎnxiǎng hěn yǒuqù.,Những cảm nghĩ của anh ấy rất thú vị.
5,干活儿,gàn huó ér,lao động,我们一起干活儿吧。,Wǒmen yīqǐ gàn huór ba.,Chúng ta cùng làm việc nhé.
5,钢铁,gāng tiě,sắt thép,钢铁是工业化进程中不可或缺的力量。,Gāngtiě shì gōngyèhuà jìnchéng zhōng bùkě huò quē de lìliàng。,Sắt thép là lực lượng không thể thiếu trong quá trình công nghiệp hóa.
5,高档,gāo dàng,"cao cấp, đẳng cấp",这件礼服的设计显示出一种高档次的感觉。,Zhè jiàn lǐfú de shèjì xiǎnshì chū yī zhǒng gāo dàngcì de gǎnjué,Thiết kế của chiếc váy này mang lại cảm giác cao cấp.
5,高级,gāo jí,cao cấp,HSK6 级是高级水平。,HSK6 jí shì gāojí shuǐpíng.,HSK6 là trình độ nâng cao.
5,搞,gǎo,làm,我们要搞好这个项目。,Wǒmen yào gǎo hǎo zhège xiàngmù.,Chúng ta phải làm tốt dự án này.
5,告别,gào bié,từ biệt,我们要告别这座城市。,Wǒmen yào gàobié zhè zuò chéngshì.,Chúng ta phải nói lời tạm biệt với thành phố này.
5,格外,gé wài,đặc biệt,这个地方格外安静。,Zhège dìfāng géwài ānjìng.,Nơi này đặc biệt yên tĩnh.
5,隔壁,gé bì,"sát vách, ngay cạnh",我们住在隔壁的房子。,Wǒmen zhù zài gébì de fángzi.,Chúng tôi sống trong ngôi nhà kế bên.
5,个别,gè bié,cá biệt,个别情况可能会有所不同。,Gèbié qíngkuàng kěnéng huì yǒu suǒ bùtóng.,Một số trường hợp cụ thể có thể khác nhau.
5,个人,gè rén,cá nhân,每个人都有自己的个人喜好和兴趣。,Měi gèrén dōu yǒu zìjǐ de gèrén xǐhào hé xìngqù.,Mỗi người đều có sở thích và mối quan tâm riêng của mình.
5,个性,gè xìng,cá tính,他是一个非常有个性的人。,Tā shì yīgè fēicháng yǒu gèxìng de rén.,Anh ấy là một người rất cá tính.
5,各自,gè zì,"tự, mỗi",各自负责自己的任务。,Gèzì fùzé zìjǐ de rènwù.,Mỗi người chịu trách nhiệm về nhiệm vụ của mình.
5,根,gēn,"lượng từ: sợi, cành, khúc, ngón",你记得帮我买几根葱哦。,Nǐ jìdé bāng wǒ mǎi jǐ gēn cōng ó.,Nhớ mua cho tôi ít hành lá nhé.
5,根本,gēn běn,vốn,这个问题根本解决不了。,Zhège wèntí gēnběn jiějué bùliǎo.,Vấn đề này căn bản không thể giải quyết được.
5,工厂,gōng chǎng,"xưởng, xí nghiệp",工厂正在扩大生产规模。,Gōngchǎng zhèngzài kuòdà shēngchǎn guīmó.,Nhà máy đang mở rộng quy mô sản xuất.
5,工程师,gōng chéng shī,kỹ sư,他是一名工程师。,Tā shì yī míng gōngchéngshī.,Anh ấy là một kỹ sư.
5,工具,gōng jù,công cụ,我们需要一些工具来修理。,Wǒmen xūyào yīxiē gōngjù lái xiūlǐ.,Chúng ta cần một số công cụ để sửa chữa.
5,工人,gōng rén,công nhân,工人们正在加班。,Gōngrénmen zhèngzài jiābān.,Các công nhân đang làm thêm giờ.
5,工业,gōng yè,công nghiệp,这个产品是我们工业的代表。,Zhège chǎnpǐn shì wǒmen gōngyè de dàibiǎo.,Sản phẩm này đại diện cho ngành công nghiệp của chúng tôi.
5,公布,gōng bù,công bố,公司公布了新的政策。,Gōngsī gōngbùle xīn de zhèngcè.,Công ty đã công bố chính sách mới.
5,公开,gōng kāi,công khai,这个信息已经公开了。,Zhège xìnxī yǐjīng gōngkāile.,Thông tin này đã được công khai.
5,公平,gōng píng,công bằng,我们需要公平对待每个人。,Wǒmen xūyào gōngpíng duìdài měi gè rén.,Chúng ta cần đối xử công bằng với mọi người.
5,公寓,gōng yù,chung cư,她住在一个公寓里。,Tā zhù zài yīgè gōngyù lǐ.,Cô ấy sống trong một căn hộ.
5,公元,gōng yuán,công nguyên,公元前五世纪的历史很有趣。,Gōngyuán qián wǔ shìjì de lìshǐ hěn yǒuqù.,Lịch sử của thế kỷ thứ năm trước Công nguyên rất thú vị.
5,公主,gōng zhǔ,công chúa,她是一个美丽的公主。,Tā shì yīgè měilì de gōngzhǔ.,Cô ấy là một công chúa xinh đẹp.
5,功能,gōng néng,công năng,这个软件的功能很强大。,Zhège ruǎnjiàn de gōngnéng hěn qiángdà.,Chức năng của phần mềm này rất mạnh mẽ.
5,恭喜,gōng xǐ,chúc mừng,恭喜你获得了奖项。,Gōngxǐ nǐ huòdéle jiǎngxiàng.,Chúc mừng bạn đã nhận được giải thưởng.
5,贡献,gòng xiàn,cống hiến,他的贡献很大。,Tā de gòngxiàn hěn dà.,Đóng góp của anh ấy rất lớn.
5,沟通,gōu tōng,"trao đổi, thấu hiểu",我们需要有效沟通。,Wǒmen xūyào yǒuxiào gōutōng.,Chúng ta cần giao tiếp hiệu quả.
5,构成,gòu chéng,"tạo thành, cấu thành",这些部分构成了整个项目。,Zhèxiē bùfen gòuchéngle zhěnggè xiàngmù.,Những phần này cấu thành toàn bộ dự án.
5,姑姑,gū gu,cô,我去姑姑家玩。,Wǒ qù gūgū jiā wán.,Tôi đến nhà dì chơi.
5,姑娘,gū niang,cô gái,这位姑娘很友好。,Zhè wèi gūniáng hěn yǒuhǎo.,Cô gái này rất thân thiện.
5,古代,gǔ dài,cổ đại,古代的建筑风格很有特色。,Gǔdài de jiànzhú fēnggé hěn yǒu tèsè.,Phong cách kiến trúc cổ đại rất đặc sắc.
5,古典,gǔ diǎn,cổ điển,他喜欢古典音乐。,Tā xǐhuān gǔdiǎn yīnyuè.,Anh ấy thích nhạc cổ điển.
5,股票,gǔ piào,cổ phiếu,我们需要研究股票市场。,Wǒmen xūyào yánjiū gǔpiào shìchǎng.,Chúng ta cần nghiên cứu thị trường chứng khoán.
5,骨头,gǔ tou,xương,这个骨头很硬。,Zhège gǔtóu hěn yìng.,Xương này rất cứng.
5,鼓舞,gǔ wǔ,cổ vũ,他的演讲鼓舞了大家。,Tā de yǎnjiǎng gǔwǔle dàjiā.,Bài phát biểu của anh ấy đã khích lệ mọi người.
5,鼓掌,gǔ zhǎng,vỗ tay,大家为他鼓掌。,Dàjiā wèi tā gǔzhǎng.,Mọi người vỗ tay cho anh ấy.
5,固定,gù dìng,cố định,这张桌子是固定的。,Zhè zhāng zhuōzi shì gùdìng de.,Cái bàn này là cố định.
5,挂号,guà hào,xếp số,请挂号后再进入。,Qǐng guàhào hòu zài jìnrù.,Xin hãy đăng ký trước khi vào.
5,乖,guāi,ngoan,她的行为很乖。,Tā de xíngwéi hěn guāi.,Hành vi của cô ấy rất ngoan.
5,拐弯,guǎi wān,rẽ,车子在路上拐弯了。,Chēzi zài lù shàng guǎiwānle.,Xe đã rẽ ở trên đường.
5,怪不得,guài bù dé,chẳng trách,怪不得她这么高兴。,Guàibùdé tā zhème gāoxìng.,Không ngạc nhiên khi cô ấy vui như vậy.
5,关闭,guān bì,đóng,他们决定关闭公司。,Tāmen juédìng guānbì gōngsī.,Họ quyết định đóng cửa công ty.
5,观察,guān chá,quan sát,我们需要观察市场趋势。,Wǒmen xūyào guānchá shìchǎng qūshì.,Chúng ta cần quan sát xu hướng thị trường.
5,观点,guān diǎn,quan điểm,他有自己独特的观点。,Tā yǒu zìjǐ dútè de guāndiǎn.,Anh ấy có quan điểm riêng biệt của mình.
5,观念,guān niàn,quan niệm,这是一个新的观念。,Zhè shì yīgè xīn de guānniàn.,Đây là một khái niệm mới.
5,官,guān,quan,他是一位官员。,Tā shì yī wèi guānyuán.,Anh ấy là một quan chức.
5,管子,guǎn zi,cái ống,我们需要买一些管子。,Wǒmen xūyào mǎi yīxiē guǎnzi.,Chúng ta cần mua một số ống.
5,冠军,guàn jūn,quán quân,他赢得了冠军。,Tā yíngdéle guànjūn.,Anh ấy đã giành được chức vô địch.
5,光滑,guāng huá,bóng mượt,这条地毯很光滑。,Zhè tiáo dìtǎn hěn guānghuá.,Tấm thảm này rất mượt mà.
5,光临,guāng lín,"đến, có mặt",欢迎光临我们的商店。,Huānyíng guānglín wǒmen de shāngdiàn.,Chào mừng bạn đến với cửa hàng của chúng tôi.
5,光明,guāng míng,"quang minh, sáng sủa",早晨的阳光照亮了大地，给予我们光明的希望。,"Zǎochén de yángguāng zhào liàngle dàdì, jǐyǔ wǒmen guāngmíng de xīwàng.",Mặt trời buổi sáng chiếu sáng trái đất và mang lại cho chúng ta niềm hy vọng tươi sáng.
5,光盘,guāng pán,"đĩa CD, VCD,DVD",我们买了一张光盘。,Wǒmen mǎile yī zhāng guāngpán.,Chúng tôi đã mua một đĩa CD.
5,广场,guǎng chǎng,quảng trường,广场上有很多人。,Guǎngchǎng shàng yǒu hěn duō rén.,Có nhiều người ở quảng trường.
5,广大,guǎng dà,"quảng đại, rộng lớn",这个地区很广大。,Zhège dìqū hěn guǎngdà.,Khu vực này rất rộng lớn.
5,广泛,guǎng fàn,rộng khắp,这本书的内容很广泛。,Zhè běn shū de nèiróng hěn guǎngfàn.,Nội dung của cuốn sách này rất rộng rãi.
5,归纳,guī nà,tóm tắt,我们需要归纳总结信息。,Wǒmen xūyào guīnà zǒngjié xìnxī.,Chúng ta cần tổng hợp và tóm tắt thông tin.
5,规矩,guī ju,qui tắc,他遵守了所有的规矩。,Tā zūnshǒule suǒyǒu de guījǔ.,Anh ấy đã tuân theo tất cả các quy tắc.
5,规律,guī lǜ,qui luật,这个问题的规律很复杂。,Zhège wèntí de guīlǜ hěn fùzá.,Quy luật của vấn đề này rất phức tạp.
5,规模,guī mó,qui mô,公司的规模不断扩大。,Gōngsī de guīmó bùduàn kuòdà.,Quy mô của công ty đang không ngừng mở rộng.
5,规则,guī zé,nội qui,我们需要遵守规则。,Wǒmen xūyào zūnshǒu guīzé.,Chúng ta cần tuân thủ các quy tắc.
5,柜台,guì tái,"quầy ba, quầy",请到柜台办理手续。,Qǐng dào guìtái bànlǐ shǒuxù.,Xin hãy đến quầy để làm thủ tục.
5,滚,gǔn,"cút, cuộn, lăn",球从桌子上滚下来。,Qiú cóng zhuōzi shàng gǔn xiàlái.,Quả bóng lăn xuống từ trên bàn.
5,锅,guō,nồi,我们用锅来煮汤。,Wǒmen yòng guō lái zhǔ tāng.,Chúng tôi dùng nồi để nấu canh.
5,国庆节,guó qìng jié,quốc khánh,国庆节是中国的重要节日。,Guóqìngjié shì Zhōngguó de zhòngyào jiérì.,Ngày Quốc khánh là ngày lễ quan trọng của Trung Quốc.
5,国王,guó wáng,quốc vương,国王住在宏伟的宫殿里。,Guówáng zhù zài hóngwěi de gōngdiàn lǐ.,Quốc vương sống trong một cung điện tráng lệ.
5,果然,guǒ rán,quả nhiên,他果然赢得了比赛。,Tā guǒrán yíngdéle bǐsài.,Anh ấy quả nhiên đã thắng cuộc thi.
5,果实,guǒ shí,quả thật,这个果实很甜。,Zhège guǒshí hěn tián.,Quả thưchj cái này rất ngọt.
5,过分,guò fèn,quá đáng,他的要求有点过分。,Tā de yāoqiú yǒudiǎn guòfèn.,Yêu cầu của anh ấy hơi quá mức.
5,过敏,guò mǐn,"mẫn cảm, dị ứng",我对某些食物有过敏反应。,Wǒ duì mǒuxiē shíwù yǒu guòmǐn fǎnyìng.,Tôi bị dị ứng với một số loại thực phẩm.
5,过期,guò qī,quá hạn,这个食品已经过期了。,Zhège shípǐn yǐjīng guòqīle.,Thực phẩm này đã hết hạn sử dụng.
5,哈,hā,ha ha,哈，你说得对。,"Hā, nǐ shuō dé duì.","Ha, bạn nói đúng."
5,海关,hǎi guān,hải quan,他在海关工作。,Tā zài hǎiguān gōngzuò.,Anh ấy làm việc ở hải quan.
5,海鲜,hǎi xiān,hải sản,我们今晚吃海鲜。,Wǒmen jīnwǎn chī hǎixiān.,Tối nay chúng tôi ăn hải sản.
5,喊,hǎn,hét,他在广场上喊叫。,Tā zài guǎngchǎng shàng hǎnjiào.,Anh ấy hét lên ở quảng trường.
5,行业,háng yè,ngành nghề,这个行业很有前景。,Zhège hángyè hěn yǒu qiánjǐng.,Ngành này có triển vọng rất tốt.
5,豪华,háo huá,sang trọng,他的车很豪华。,Tā de chē hěn háohuá.,Xe của anh ấy rất sang trọng.
5,好客,hào kè,hiếu khách,她是个很热情好客的人。,Tā shì gè hěn rèqíng hǎokè de rén.,Cô ấy là một người rất nhiệt tình và hiếu khách.
5,好奇,hào qí,hiếu kì,他对一切都感到好奇。,Tā duì yīqiè dōu gǎndào hàoqí.,Anh ấy cảm thấy tò mò về mọi thứ.
5,合法,hé fǎ,hợp pháp,这个公司的运作是合法的。,Zhège gōngsī de yùnzuò shì héfǎ de.,Hoạt động của công ty này là hợp pháp.
5,合理,hé lǐ,hợp lý,这些建议很合理。,Zhèxiē jiànyì hěn hélǐ.,Những đề xuất này rất hợp lý.
5,合同,hé tóng,hợp đồng,我们签订了合同。,Wǒmen qiāndìngle hétóng.,Chúng tôi đã ký hợp đồng.
5,合影,hé yǐng,"chụp ảnh chung, chụp ảnh tập thể",这张合影很有意义。,Zhè zhāng héyǐng hěn yǒu yìyì.,Bức ảnh tập thể này rất có ý nghĩa.
5,合作,hé zuò,hợp tác,我们需要合作完成这个项目。,Wǒmen xūyào hézuò wánchéng zhège xiàngmù.,Chúng ta cần hợp tác để hoàn thành dự án này.
5,何必,hé bì,hà tất,何必那么着急？,Hébì nàme zhāojí?,Tại sao phải vội vã như vậy?
5,何况,hé kuàng,"huống hồ, hơn nữa",何况天气很糟糕。,Hékuàng tiānqì hěn zāogāo.,"Hơn nữa, thời tiết rất xấu."
5,和平,hé píng,hòa bình,我们希望和平解决问题。,Wǒmen xīwàng hépíng jiějué wèntí.,Chúng ta hy vọng giải quyết vấn đề một cách hòa bình.
5,核心,hé xīn,trọng tâm,这个问题是核心问题。,Zhège wèntí shì héxīn wèntí.,Vấn đề này là vấn đề cốt lõi.
5,恨,hèn,hận,好像他还恨我。,Hǎoxiàng tā hái hèn wǒ.,Có vẻ như anh ấy vẫn còn hận tôi.
5,猴子,hóu zi,khỉ,猴子在树上玩耍。,Hóuzi zài shù shàng wánshuǎ.,Con khỉ chơi đùa trên cây.
5,后背,hòu bèi,phía sau,他感到后背很疼。,Tā gǎndào hòubèi hěn téng.,Anh ấy cảm thấy đau lưng.
5,后果,hòu guǒ,hậu quả,他的后果很严重。,Tā de hòuguǒ hěn yánzhòng.,Hậu quả của anh ấy rất nghiêm trọng.
5,呼吸,hū xī,hít thở,我们需要注意呼吸。,Wǒmen xūyào zhùyì hūxī.,Chúng ta cần chú ý đến việc thở.
5,忽然,hū rán,bỗng nhiên,天气忽然变冷了。,Tiānqì hūrán biàn lěngle.,Thời tiết đột ngột trở lạnh.
5,忽视,hū shì,"không coi trọng (kinh tế, ngành nghề, vấn đề nhỏ, nghiên cứu)",不要忽视这个细节。,Bù yào hūshì zhège xìjié.,Đừng bỏ qua chi tiết này.
5,胡说,hú shuō,nói nhăng quậy,他总是胡说八道。,Tā zǒngshì húshuō bādào.,Anh ấy luôn nói linh tinh.
5,胡同,hú tòng,"ngõ, hẻm",胡同里很安静。,Hútòng lǐ hěn ānjìng.,Ngõ nhỏ rất yên tĩnh.
5,壶,hú,"bình, ấm",我们用壶煮水。,Wǒmen yòng hú zhǔ shuǐ.,Chúng tôi dùng ấm để đun nước.
5,蝴蝶,hú dié,con bướm,蝴蝶在花丛中飞舞。,Húdié zài huācóng zhōng fēiwǔ.,Những con bướm bay lượn trong đám hoa.
5,糊涂,hú tú,hồ đồ,他总是糊涂的。,Tā zǒngshì hútu de.,Anh ấy luôn lú lẫn.
5,花生,huā shēng,"lạc, đậu phộng",我喜欢吃花生。,Wǒ xǐhuān chī huāshēng.,Tôi thích ăn đậu phộng.
5,划,huá,chèo (thuyền),划船是一种很好的锻炼。,Huáchuán shì yī zhǒng hěn hǎo de duànliàn.,Chèo thuyền là một hình thức tập luyện rất tốt.
5,华裔,huá yì,hoa kiều,他是华裔美国人。,Tā shì huáyì Měiguó rén.,Anh ấy là người Mỹ gốc Hoa.
5,滑,huá,"trượt, trơn",地板很滑，注意不要摔倒。,"Dìbǎn hěn huá, zhùyì bùyào shuāidǎo.","Sàn nhà rất trơn, chú ý đừng ngã."
5,化学,huà xué,hóa học,我在学化学。,Wǒ zài xué huàxué.,Tôi đang học hóa học.
5,话题,huà tí,chủ đề,我们讨论了很多话题。,Wǒmen tǎolùnle hěn duō huàtí.,Chúng tôi đã thảo luận về nhiều chủ đề.
5,怀念,huái niàn,hoài niệm,我很怀念我的家乡。,Wǒ hěn huáiniàn wǒ de jiāxiāng.,Tôi rất nhớ quê hương của mình.
5,怀孕,huái yùn,mang bầu,她怀孕了，正在休息。,"Tā huáiyùnle, zhèngzài xiūxí.",Cô ấy đang mang thai và đang nghỉ ngơi.
5,缓解,huǎn jiě,"thả lỏng, giảm",运动可以缓解压力。,Yùndòng kěyǐ huǎnjiě yālì.,Tập thể dục có thể giảm căng thẳng.
5,幻想,huàn xiǎng,"ảo tưởng, giả tưởng",他的幻想很丰富。,Tā de huànxiǎng hěn fēngfù.,Những ảo tưởng của anh ấy rất phong phú.
5,慌张,huāng zhāng,"hoảng sợ, rối rắm, rối",她在面试中感到很慌张。,Tā zài miànshì zhōng gǎndào hěn huāngzhāng.,Cô ấy cảm thấy rất hoảng loạn trong buổi phỏng vấn.
5,黄金,huáng jīn,vàng,这块黄金很重。,Zhè kuài huángjīn hěn zhòng.,Miếng vàng này rất nặng.
5,灰,huī,màu xám,天空变成了灰色。,Tiānkōng biàn chéngle huīsè.,Bầu trời đã chuyển thành màu xám.
5,灰尘,huī chén,tro bụi,桌子上有一层灰尘。,Zhuōzi shàng yǒu yī céng huīchén.,Trên bàn có một lớp bụi.
5,灰心,huī xīn,nản lòng,他对失败感到灰心。,Tā duì shībài gǎndào huīxīn.,Anh ấy cảm thấy thất vọng trước sự thất bại.
5,挥,huī,vẫy,她挥手告别了大家。,Tā huīshǒu gàobiéle dàjiā.,Cô ấy vẫy tay chào tạm biệt mọi người.
5,恢复,huī fù,"hồi phục, khôi phục",我们需要恢复体力。,Wǒmen xūyào huīfù tǐlì.,Chúng ta cần phục hồi thể lực.
5,汇率,huì lǜ,tỷ giá,当前的汇率非常不稳定。,Dāngqián de huìlǜ fēicháng bù wěndìng.,Tỷ giá hiện tại rất không ổn định.
5,婚礼,hūn lǐ,hôn lễ,她正在准备婚礼。,Tā zhèngzài zhǔnbèi hūnlǐ.,Cô ấy đang chuẩn bị cho đám cưới.
5,婚姻,hūn yīn,hôn nhân,他们的婚姻很幸福。,Tāmen de hūnyīn hěn xìngfú.,Hôn nhân của họ rất hạnh phúc.
5,活跃,huó yuè,sôi nổi,他在工作中非常活跃。,Tā zài gōngzuò zhōng fēicháng huóyuè.,Anh ấy rất năng động trong công việc.
5,火柴,huǒ chái,diêm,我们需要买一些火柴。,Wǒmen xūyào mǎi yīxiē huǒchái.,Chúng ta cần mua một số que diêm.
5,伙伴,huǒ bàn,bạn đồng hành,他是我的好伙伴。,Tā shì wǒ de hǎo huǒbàn.,Anh ấy là bạn đồng hành tốt của tôi.
5,或许,huò xǔ,có lẽ,或许明天会有好天气。,Huòxǔ míngtiān huì yǒu hǎo tiānqì.,Có thể ngày mai sẽ có thời tiết tốt.
5,机器,jī qì,máy móc,这台机器很先进。,Zhè tái jīqì hěn xiānjìn.,Cỗ máy này rất tiên tiến.
5,肌肉,jī ròu,cơ bắp,他在锻炼肌肉。,Tā zài duànliàn jīròu.,Anh ấy đang tập luyện cơ bắp.
5,基本,jī běn,"cơ bản, căn bản",这是一个基本的技能。,Zhè shì yīgè jīběn de jìnéng.,Đây là một kỹ năng cơ bản.
5,激烈,jī liè,"khốc liệt, kịch liệt",比赛非常激烈。,Bǐsài fēicháng jīliè.,Cuộc thi rất gay cấn.
5,及格,jí gé,đạt điểm qua,他考试及格了。,Tā kǎoshì jígéle.,Anh ấy đã thi đỗ.
5,极其,jí qí,cực kì,这种情况极其罕见。,Zhè zhǒng qíngkuàng jíqí hǎnjiàn.,Tình huống này cực kỳ hiếm thấy.
5,急忙,jí máng,vội vàng,他急忙赶到医院。,Tā jímáng gǎndào yīyuàn.,Anh ấy vội vã đến bệnh viện.
5,急诊,jí zhěn,cấp cứu,她去急诊室看病。,Tā qù jízhěn shì kànbìng.,Cô ấy đến phòng cấp cứu để khám bệnh.
5,集合,jí hé,tập hợp,我们在操场上集合。,Wǒmen zài cāochǎng shàng jíhé.,Chúng tôi tập hợp tại sân vận động.
5,集体,jí tǐ,tập thể,这是一个集体活动。,Zhè shì yīgè jítǐ huódòng.,Đây là một hoạt động tập thể.
5,集中,jí zhōng,tập trung,大家集中注意力听讲。,Dàjiā jízhōng zhùyìlì tīng jiǎng.,Mọi người tập trung chú ý lắng nghe.
5,计算,jì suàn,tính toán,我们需要计算总花费。,Wǒmen xūyào jìsuàn zǒng huāfèi.,Chúng ta cần tính toán tổng chi phí.
5,记录,jì lù,ghi chép,请记录你的进展。,Qǐng jìlù nǐ de jìnzhǎn.,Xin hãy ghi lại tiến triển của bạn.
5,记忆,jì yì,ký ức,他的记忆力很好。,Tā de jìyìlì hěn hǎo.,Khả năng nhớ của anh ấy rất tốt.
5,纪录,jì lù,kỷ lục,这本书是一个历史纪录。,Zhè běn shū shì yīgè lìshǐ jìlù.,Cuốn sách này là một tài liệu lịch sử.
5,纪律,jì lǜ,kỷ luật,他严格遵守纪律。,Tā yángé zūnshǒu jìlǜ.,Anh ấy nghiêm ngặt tuân thủ kỷ luật.
5,纪念,jì niàn,kỉ niệm,我们一起纪念这个特别的日子。,Wǒmen yīqǐ jìniàn zhège tèbié de rìzi.,Chúng tôi cùng kỷ niệm ngày đặc biệt này.
5,系领带,jì lǐng dài,thắt cà vạt,他会系领带吗？,Tā huì jì lǐngdài ma?,Anh ấy có biết thắt cà vạt không?
5,寂寞,jì mò,cô đơn,她感到非常寂寞。,Tā gǎndào fēicháng jìmò.,Cô ấy cảm thấy rất cô đơn.
5,夹子,jiā zi,cái kẹp,我需要一个夹子来夹住文件。,Wǒ xūyào yīgè jiāzi lái jiā zhù wénjiàn.,Tôi cần một cái kẹp để kẹp tài liệu.
5,家庭,jiā tíng,gia đình,我们的家庭很和睦。,Wǒmen de jiātíng hěn hémù.,Gia đình chúng tôi rất hòa thuận.
5,家务,jiā wù,việc nhà,她负责家务工作。,Tā fùzé jiāwù gōngzuò.,Cô ấy phụ trách công việc nhà.
5,家乡,jiā xiāng,quê hương,我的家乡在一个美丽的城市。,Wǒ de jiāxiāng zài yīgè měilì de chéngshì.,Quê hương của tôi ở một thành phố xinh đẹp.
5,嘉宾,jiā bīn,khách mời,这位嘉宾很有名。,Zhè wèi jiābīn hěn yǒumíng.,Vị khách mời này rất nổi tiếng.
5,甲,jiǎ,giáp,甲是第一个人。,Jiǎ shì dì yī gè rén.,A là người đầu tiên.
5,假如,jiǎ rú,giả dụ,假如明天下雨，我们就不去旅行。,"Jiǎrú míngtiān xià yǔ, wǒmen jiù bù qù lǚxíng.","Nếu ngày mai trời mưa, chúng ta sẽ không đi du lịch."
5,假设,jiǎ shè,giả thuyết,假设他没有来，我们怎么办？,"Jiǎshè tā méiyǒu lái, wǒmen zěnme bàn?","Giả sử anh ấy không đến, chúng ta sẽ làm gì?"
5,假装,jiǎ zhuāng,giả vờ,她假装生病以避免工作。,Tā jiǎzhuāng shēngbìng yǐ bìmiǎn gōngzuò.,Cô ấy giả vờ ốm để tránh công việc.
5,价值,jià zhí,giá trị,这个手表的价值很高。,Zhège shǒubiǎo de jiàzhí hěn gāo.,Giá trị của chiếc đồng hồ này rất cao.
5,驾驶,jià shǐ,lái xe,他正在学习驾驶。,Tā zhèngzài xuéxí jiàshǐ.,Anh ấy đang học lái xe.
5,嫁,jià,gả chồng,她打算嫁给他。,Tā dǎsuàn jià gěi tā.,Cô ấy dự định kết hôn với anh ấy.
5,坚决,jiān jué,kiên quyết,他坚决拒绝了这个提议。,Tā jiānjué jùjuéle zhège tíyì.,Anh ấy kiên quyết từ chối đề nghị này.
5,坚强,jiān qiáng,kiên cường,她非常坚强。,Tā fēicháng jiānqiáng.,Cô ấy rất mạnh mẽ.
5,肩膀,jiān bǎng,bờ vai,他肩膀上有一个伤口。,Tā jiānbǎng shàng yǒu yīgè shāngkǒu.,Anh ấy có một vết thương trên vai.
5,艰巨,jiān jù,"khó khăn (công việc, nhiệm vụ)",这项任务非常艰巨。,Zhè xiàng rènwu fēicháng jiānjù.,Nhiệm vụ này rất khó khăn.
5,艰苦,jiān kǔ,"gian khổ, gian khóa",他经历了艰苦的训练。,Tā jīnglìle jiānkǔ de xùnliàn.,Anh ấy đã trải qua sự huấn luyện vất vả.
5,兼职,jiān zhí,kiêm nhiệm,他在兼职做翻译工作。,Tā zài jiānzhí zuò fānyì gōngzuò.,Anh ấy làm công việc phiên dịch bán thời gian.
5,捡,jiǎn,nhặt,我在地上捡到了一些硬币。,Wǒ zài dìshàng jiǎn dào le yīxiē yìngbì.,Tôi đã nhặt được một số đồng xu trên mặt đất.
5,剪刀,jiǎn dāo,cái kéo,请用剪刀剪开这个包裹。,Qǐng yòng jiǎndāo jiǎn kāi zhège bāoguǒ.,Xin hãy dùng kéo để cắt gói hàng này.
5,简历,jiǎn lì,sơ yếu lý lịch,我需要更新我的简历。,Wǒ xūyào gēngxīn wǒ de jiǎnlì.,Tôi cần cập nhật sơ yếu lý lịch của mình.
5,简直,jiǎn zhí,gần như,这个问题简直无法解决。,Zhège wèntí jiǎnzhí wúfǎ jiějué.,Vấn đề này gần như không thể giải quyết.
5,建立,jiàn lì,"thành lập (tổ chức, trường học), thiết lập (quan hệ)",我们需要建立一个新的团队。,Wǒmen xūyào jiànlì yīgè xīn de tuánduì.,Chúng ta cần thành lập một đội ngũ mới.
5,建设,jiàn shè,"dựng xây, xây dựng",这座城市正在进行建设。,Zhè zuò chéngshì zhèngzài jìnxíng jiànshè.,Thành phố này đang trong quá trình xây dựng.
5,建筑,jiàn zhù,"công trình xây dưng, (công ty) xây dựng, (ngành) xây dựng",这座建筑很古老。,Zhè zuò jiànzhú hěn gǔlǎo.,Tòa nhà này rất cổ.
5,健身,jiàn shēn,tập thể dục,他每天去健身房锻炼。,Tā měitiān qù jiànshēn fáng duànliàn.,Anh ấy đến phòng tập thể dục mỗi ngày.
5,键盘,jiàn pán,bàn phím,我买了一台新键盘。,Wǒ mǎile yī tái xīn jiànpán.,Tôi đã mua một bàn phím mới.
5,讲究,jiǎng jiū,coi trọng,这篇文章讲究细节。,Zhè piān wénzhāng jiǎngjiù xìjié.,Bài viết này chú trọng đến chi tiết.
5,讲座,jiǎng zuò,buổi diễn thuyết,他参加了一个有趣的讲座。,Tā cānjiāle yīgè yǒuqù de jiǎngzuò.,Anh ấy đã tham gia một buổi hội thảo thú vị.
5,酱油,jiàng yóu,xì dầu,我喜欢用酱油来调味。,Wǒ xǐhuān yòng jiàngyóu lái tiáowèi.,Tôi thích dùng xì dầu để nêm gia vị.
5,交换,jiāo huàn,trao đổi,我们可以交换意见。,Wǒmen kěyǐ jiāohuàn yìjiàn.,Chúng ta có thể trao đổi ý kiến.
5,交际,jiāo jì,giao tiếp,他擅长交际。,Tā shàncháng jiāojì.,Anh ấy giỏi giao tiếp.
5,交往,jiāo wǎng,"đi lại, giao thiệp",我们在这里交往了很多年。,Wǒmen zài zhèlǐ jiāowǎngle hěn duō nián.,Chúng ta đã quen biết nhau ở đây nhiều năm.
5,浇,jiāo,tưới nước,请给这些植物浇水。,Qǐng gěi zhèxiē zhíwù jiāo shuǐ .,Xin hãy tưới nước cho các cây này.
5,胶水,jiāo shuǐ,keo dán,他用胶水修理了那个破裂的瓶子。,Tā yòng jiāoshuǐ xiūlǐle nàgè pòliè de píngzi.,Anh ấy dùng keo để sửa cái chai bị nứt.
5,角度,jiǎo dù,góc độ,我们从不同的角度看问题。,Wǒmen cóng bùtóng de jiǎodù kàn wèntí.,Chúng tôi nhìn vấn đề từ nhiều góc độ khác nhau.
5,狡猾,jiǎo huá,giảo hoạt,他是一个非常狡猾的商人。,Tā shì yīgè fēicháng jiǎohuá de shāngrén.,Anh ấy là một thương gia rất xảo quyệt.
5,教材,jiào cái,giao trình,这本书是教材之一。,Zhè běn shū shì jiàocái zhī yī.,Cuốn sách này là một trong những tài liệu giảng dạy.
5,教练,jiào liàn,huấn luyện viên,教练给了我们很多建议。,Jiàoliàn gěile wǒmen hěn duō jiànyì.,Huấn luyện viên đã đưa ra nhiều gợi ý cho chúng tôi.
5,教训,jiào xùn,"giáo huấn, bài học",这次教训对我来说很重要。,Zhè cì jiàoxùn duì wǒ lái shuō hěn zhòngyào.,Bài học lần này rất quan trọng đối với tôi.
5,阶段,jiē duàn,giai đoạn,我们正在进行不同的阶段。,Wǒmen zhèngzài jìnxíng bùtóng de jiēduàn.,Chúng ta đang tiến hành các giai đoạn khác nhau.
5,结实,jiē shi,chắc chắn,这座房子很结实。,Zhè zuò fángzi hěn jiēshí.,Ngôi nhà này rất chắc chắn.
5,接触,jiē chù,tiếp xúc,我们需要更多接触这些材料。,Wǒmen xūyào gèng duō jiēchù zhèxiē cáiliào.,Chúng ta cần tiếp xúc nhiều hơn với những tài liệu này.
5,接待,jiē dài,tiếp đãi,他负责接待来访的客人。,Tā fùzé jiēdài láifǎng de kèrén.,Anh ấy phụ trách tiếp đón khách đến thăm.
5,接近,jiē jìn,tiếp cận,她故意接近我。,Tā gùyì jiējìn wǒ.,Cô ấy cố tình tiếp cận tôi.
5,节省,jié shěng,tiết kiệm,我们需要节省开支。,Wǒmen xūyào jiéshěng kāizhī.,Chúng ta cần tiết kiệm chi phí.
5,结构,jié gòu,kết cấu,这个建筑的结构很复杂。,Zhège jiànzhú de jiégòu hěn fùzá.,Cấu trúc của tòa nhà này rất phức tạp.
5,结合,jié hé,kết hợp,他们的观点结合在一起了。,Tāmen de guāndiǎn jiéhé zài yīqǐle.,Quan điểm của họ đã được kết hợp lại với nhau.
5,结论,jié lùn,kết luận,这个结论是正确的。,Zhège jiélùn shì zhèngquè de.,Kết luận này là đúng.
5,结账,jié zhàng,thanh toán,我们在结账时遇到了问题。,Wǒmen zài jiézhàng shí yùdàole wèntí.,Chúng tôi gặp vấn đề khi thanh toán.
5,戒,jiè,"cai (thuốc, rượu, nghiện)",他戒烟已经半年了。,Tā jiè yān yǐjīng bàn niánle.,Anh ấy đã bỏ thuốc lá được nửa năm.
5,戒指,jiè zhǐ,nhẫn,她的戒指非常漂亮。,Tā de jièzhǐ fēicháng piàoliang.,Chiếc nhẫn của cô ấy rất đẹp.
5,届,jiè,khóa,这一届比赛非常精彩。,Zhè yī jiè bǐsài fēicháng jīngcǎi.,Cuộc thi năm nay rất xuất sắc.
5,借口,jiè kǒu,"cớ, lí do",他找了一个借口来解释他的迟到。,Tā zhǎole yīgè jiè kǒu lái jiěshì tā de chídào.,Anh ấy tìm một lý do để giải thích việc đến muộn.
5,金属,jīn shǔ,kim loại,这块金属很坚硬。,Zhè kuài jīnshǔ hěn jiānyìng.,Miếng kim loại này rất cứng.
5,尽快,jǐn kuài,mau chóng,请尽快完成这个任务。,Qǐng jǐnkuài wánchéng zhège rènwu.,Xin hãy hoàn thành nhiệm vụ này càng sớm càng tốt.
5,尽量,jǐn liàng,cố gắng,我们会尽量帮助你。,Wǒmen huì jǐnliàng bāngzhù nǐ.,Chúng tôi sẽ cố gắng giúp đỡ bạn.
5,紧急,jǐn jí,cấp bách,这是一项紧急任务。,Zhè shì yī xiàng jǐnjí rènwu.,Đây là một nhiệm vụ khẩn cấp.
5,谨慎,jǐn shèn,"cẩn thận, thận trọng",他们的决定需要谨慎考虑。,Tāmen de juédìng xūyào jǐnshèn kǎolǜ.,Quyết định của họ cần phải cân nhắc thận trọng.
5,尽力,jìn lì,dốc hết sức,我们会尽力做好这份工作。,Wǒmen huì jìnlì zuò hǎo zhè fèn gōngzuò.,Chúng tôi sẽ cố gắng hoàn thành tốt công việc này.
5,进步,jìn bù,tiến bộ,她在学习中取得了很大的进步。,Tā zài xuéxí zhōng qǔdéle hěn dà de jìnbù.,Cô ấy đã đạt được sự tiến bộ lớn trong việc học.
5,进口,jìn kǒu,nhập khẩu,他们的公司进口了很多新产品。,Tāmen de gōngsī jìnkǒule hěn duō xīn chǎnpǐn.,Công ty của họ nhập khẩu nhiều sản phẩm mới.
5,近代,jìn dài,cận đại,这个时期被称为近代。,Zhège shíqī bèi chēng wèi jìndài.,Thời kỳ này được gọi là thời hiện đại.
5,经典,jīng diǎn,kinh điển,这部电影是经典之作。,Zhè bù diànyǐng shì jīngdiǎn zhī zuò.,Bộ phim này là một tác phẩm kinh điển.
5,经商,jīng shāng,kinh doanh,他从事经商活动多年。,Tā cóngshì jīngshāng huódòng duōnián.,Anh ấy đã làm trong lĩnh vực kinh doanh nhiều năm.
5,经营,jīng yíng,"kinh doanh (cửa hàng), vận hành (công ty)",他们经营一家小咖啡馆。,Tāmen jīngyíng yījiā xiǎo kāfēiguǎn.,Họ điều hành một quán cà phê nhỏ.
5,精力,jīng lì,tinh lực,他总是充满精力。,Tā zǒng shì chōngmǎn jīnglì.,Anh ấy luôn tràn đầy năng lượng.
5,精神,jīng shén,tinh thần,她的精神状态很好。,Tā de jīngshén zhuàngtài hěn hǎo.,Tinh thần của cô ấy rất tốt.
5,酒吧,jiǔ bā,quán ba,我们去酒吧喝酒。,Wǒmen qù jiǔbā hējiǔ.,Chúng tôi đi đến quán bar để uống rượu.
5,救,jiù,cứu,他们正在救助受灾的居民。,Tāmen zhèngzài jiùzhù shòuzāi de jūmín.,Họ đang cứu trợ những cư dân bị thiên tai.
5,救护车,jiù hù chē,xe cứu thương,救护车已经到了。,Jiùhùchē yǐjīng dàole.,Xe cứu thương đã đến.
5,舅舅,jiù jiù,cậu (em mẹ),我的舅舅是一个非常聪明的人。,Wǒ de jiùjiu shì yīgè fēicháng cōngmíng de rén.,Chú của tôi là một người rất thông minh.
5,居然,jū rán,không ngờ lại,她居然赢得了比赛。,Tā jūrán yíngdéle bǐsài.,Cô ấy lại vô tình thắng cuộc thi.
5,桔子,jú zi,quýt,我喜欢吃桔子。,Wǒ xǐhuān chī júzi.,Tôi thích ăn quýt.
5,巨大,jù dà,"lớn (thành tựu, thay đổi, ảnh hưởng, tác hại)",这只狗非常巨大。,Zhè zhī gǒu fēicháng jùdà.,Con chó này rất to lớn.
5,具备,jù bèi,"chuẩn bị đủ, có đủ (tư cách, điều kiện, tinh lực)",他具备了所有必要的技能。,Tā jùbèile suǒyǒu bìyào de jìnéng.,Anh ấy đã có tất cả các kỹ năng cần thiết.
5,具体,jù tǐ,cụ thể,这个方案很具体。,Zhège fāng'àn hěn jùtǐ.,Kế hoạch này rất cụ thể.
5,俱乐部,jù lè bù,câu lạc bộ,我们在俱乐部里玩得很开心。,Wǒmen zài jùlèbù lǐ wán dé hěn kāixīn.,Chúng tôi vui vẻ chơi ở câu lạc bộ.
5,据说,jù shuō,"nghe nói, nghe đồn",据说这家店的服务很好。,Jùshuō zhè jiā diàn de fúwù hěn hǎo.,"Theo nói, dịch vụ của cửa hàng này rất tốt."
5,捐,juān,quyên góp,他捐赠了很多钱给慈善组织。,Tā juānzèngle hěn duō qián gěi císhàn zǔzhī.,Anh ấy đã quyên góp rất nhiều tiền cho tổ chức từ thiện.
5,决赛,jué sài,trận chung kết,决赛将在下周举行。,Juésài jiāng zài xià zhōu jǔxíng.,Trận chung kết sẽ được tổ chức vào tuần tới.
5,决心,jué xīn,quyết tâm,他下定了决心要完成这个项目。,Tā xiàdìngle juéxīn yào wánchéng zhège xiàngmù.,Anh ấy đã quyết tâm hoàn thành dự án này.
5,角色,jué sè,nhân vật,她在电影中扮演了一个重要的角色。,Tā zài diànyǐng zhōng bànyǎnle yīgè zhòngyào de juésè.,Cô ấy đóng vai trò quan trọng trong bộ phim.
5,绝对,jué duì,tuyệt đối,这是绝对不可能的。,Zhè shì juéduì bù kěnéng de.,Đây là điều hoàn toàn không thể.
5,军事,jūn shì,quân sự,他对军事非常感兴趣。,Tā duì jūnshì fēicháng gǎn xìngqù.,Anh ấy rất quan tâm đến quân sự.
5,均匀,jūn yún,"bình quân, trung bình",这块地的土壤非常均匀。,Zhè kuài dì de tǔrǎng fēicháng jūnyún.,Đất ở khu vực này rất đồng đều.
5,卡车,kǎ chē,xe tải,他开了一辆卡车来搬运这些家具。,Tā kāile yī liàng kǎchē lái bānyùn zhèxiē jiājù.,Anh ấy đã lái một chiếc xe tải để vận chuyển đồ đạc.
5,开发,kāi fā,"phát triển (hệ thống, ngành nghề, kĩ thuật, sản phẩm)",他们正在开发一个新软件。,Tāmen zhèngzài kāifā yīgè xīn ruǎnjiàn.,Họ đang phát triển một phần mềm mới.
5,开放,kāi fàng,mở cửa,这个博物馆在周末开放。,Zhège bówùguǎn zài zhōumò kāifàng.,Bảo tàng này mở cửa vào cuối tuần.
5,开幕式,kāi mù shì,lễ khai mạc,开幕式将在晚上七点举行。,Kāimùshì jiāng zài wǎnshàng qī diǎn jǔxíng.,Lễ khai mạc sẽ diễn ra vào lúc bảy giờ tối.
5,开水,kāi shuǐ,nước sôi,请倒一些开水给我。,Qǐng dào yīxiē kāishuǐ gěi wǒ.,Xin hãy rót cho tôi một ít nước sôi.
5,砍,kǎn,"chặt, chém",他用刀子砍了一些木头。,Tā yòng dāozi kǎnle yīxiē mùtou.,Anh ấy đã dùng dao để chặt một số khúc gỗ.
5,看不起,kàn bù qǐ,coi khinh,我们不应该看不起任何人。,Wǒmen bù yìnggāi kàn bù qǐ rènhé rén.,Chúng ta không nên xem thường bất kỳ ai.
5,看望,kàn wàng,đi thăm,我们去看望了老朋友。,Wǒmen qù kànwàngle lǎo péngyǒu.,Chúng tôi đã đến thăm những người bạn cũ.
5,靠,kào,"dựa dẫm, dựa vào",他总是靠自己完成任务。,Tā zǒng shì kào zìjǐ wánchéng rènwu.,Anh ấy luôn dựa vào bản thân để hoàn thành nhiệm vụ.
5,颗,kē,quả (lượng từ),我们种了一颗树。,Wǒmen zhǒngle yī kē shù.,Chúng tôi đã trồng một cây.
5,可见,kě jiàn,cho thấy (đứng đầu vế câu thứ hai),小红的毛笔字写得真好，可见平时经常练习。,"Xiǎo hóng de máobǐ zì xiě dé zhēn hǎo, kějiàn píngshí jīngcháng liànxí.","Thư pháp của Tiểu Hồng thực sự rất tốt, điều đó cho thấy cô ấy luyện tập nó thường xuyên."
5,可靠,kě kào,đáng tin cậy,这是一家可靠的公司。,Zhè shì yījiā kěkào de gōngsī.,Đây là một công ty đáng tin cậy.
5,可怕,kě pà,đáng sợ,这个情况可能会变得很可怕。,Zhège qíngkuàng kěnéng huì biàn dé hěn kěpà.,Tình hình này có thể trở nên rất đáng sợ.
5,克,kè,gram,我买三百克鸡胸肉。,Wǒ mǎi sānbǎi kè jīxiōng ròu.,Tôi mua 300 gram ức gà.
5,克服,kè fú,khắc phục,他克服了许多挑战。,Tā kèfúle xǔduō tiǎozhàn.,Anh ấy đã vượt qua nhiều thử thách.
5,刻苦,kè kǔ,"khắc khổ, chịu khó",只有刻苦的学习，才能取得良好的成绩。,"Zhǐyǒu kèkǔ de xuéxí, cáinéng qǔdé liánghǎo de chéngjì.",Chỉ có học tập chăm chỉ bạn mới có thể đạt được kết quả tốt.
5,客观,kè guān,khách quan,我们需要一个客观的评估。,Wǒmen xūyào yīgè kèguān de pínggū.,Chúng ta cần một đánh giá khách quan.
5,课程,kè chéng,môn học,这个课程很有趣。,Zhège kèchéng hěn yǒuqù.,Khóa học này rất thú vị.
5,空间,kōng jiān,không gian,这间房间的空间很大。,Zhè jiān fángjiān de kōngjiān hěn dà.,Không gian của căn phòng này rất rộng.
5,空闲,kòng xián,rảnh rỗi (thời gian),我有很多空闲时间。,Wǒ yǒu hěn duō kōngxián shíjiān.,Tôi có nhiều thời gian rảnh.
5,控制,kòng zhì,"kiềm chế (cảm xúc, tình cảm), kiểm soát",他控制了这个系统。,Tā kòngzhìle zhège xìtǒng.,Anh ấy kiểm soát hệ thống này.
5,口味,kǒu wèi,khẩu vị,我喜欢这种口味的冰淇淋。,Wǒ xǐhuān zhè zhǒng kǒuwèi de bīngqílín.,Tôi thích hương vị kem này.
5,夸,kuā,khen,他总是夸奖别人的努力。,Tā zǒng shì kuājiǎng biérén de nǔlì.,Anh ấy luôn khen ngợi nỗ lực của người khác.
5,夸张,kuā zhāng,phóng đại,她夸张地描述了她的经历。,Tā kuāzhāng de miáoshùle tā de jīnglì.,Cô ấy đã mô tả kinh nghiệm của mình một cách phóng đại.
5,会计,kuàì jì,kế toán,他是一个会计。,Tā shì yīgè kuàijì.,Anh ấy là một kế toán.
5,宽,kuān,rộng,这条裙子很宽。,Zhè tiáo qúnzi hěn kuān.,Chiếc váy này rất rộng.
5,昆虫,kūn chóng,côn trùng,昆虫在自然界中很重要。,Kūnchóng zài zìránjiè zhōng hěn zhòngyào.,Côn trùng rất quan trọng trong tự nhiên.
5,扩大,kuò dà,"mở rộng (phạm vi, khoảng cách, thị trường)",我们计划扩大市场。,Wǒmen jìhuà kuòdà shìchǎng.,Chúng tôi dự định mở rộng thị trường.
5,辣椒,là jiāo,ớt,我喜欢吃辣椒。,Wǒ xǐhuān chī làjiāo.,Tôi thích ăn ớt.
5,拦,lán,"ngăn, chặn",他在比赛中拦住了对手。,Tā zài bǐsài zhōng lán zhùle duìshǒu.,Anh ấy đã chặn đối thủ trong cuộc thi.
5,烂,làn,"nát, loét, rách, thối rữa",这道菜已经烂了。,Zhè dào cài yǐjīng lànle.,Món ăn này đã bị nát.
5,朗读,lǎng dú,đọc to,他朗读了这篇文章。,Tā lǎngdúle zhè piān wénzhāng.,Anh ấy đã đọc to bài viết này.
5,劳动,láo dòng,lao động,我们的劳动是值得的。,Wǒmen de láodòng shì zhídé de.,Công việc của chúng tôi là đáng giá.
5,劳驾,láo jià,"làm ơn, xin phiền",劳驾，请您帮我拿一下包。,"Láojià, qǐng nín bāng wǒ ná yīxià bāo.","Xin lỗi, xin bạn giúp tôi lấy cái túi."
5,老百姓,lǎo bǎi xìng,lão bách tính,老百姓都希望生活更好。,Lǎobǎixìng dōu xīwàng shēnghuó gèng hǎo.,Người dân đều hy vọng cuộc sống tốt hơn.
5,老板,lǎo bǎn,ông chủ,我们的老板很友善。,Wǒmen de lǎobǎn hěn yǒushàn.,Sếp của chúng tôi rất thân thiện.
5,老婆,lǎo pó,bà xã,她是我的老婆。,Tā shì wǒ de lǎopó.,Cô ấy là vợ của tôi.
5,老实,lǎo shí,thật thà,他总是很老实。,Tā zǒng shì hěn lǎoshí.,Anh ấy luôn rất chân thành.
5,老鼠,lǎo shǔ,con chuột,老鼠在房子里跑来跑去。,Lǎoshǔ zài fángzi lǐ pǎo lái pǎo qù.,Chuột chạy qua lại trong nhà.
5,姥姥,lǎo lǎo,bà ngoại,我每个月都去看我的姥姥。,Wǒ měi gè yuè dōu qù kàn wǒ de lǎolao.,Mỗi tháng tôi đều đến thăm bà ngoại.
5,乐观,lè guān,lạc quan,乐观的人们通常更能够享受生活。,Lèguān de rénmen tōngcháng gèng nénggòu xiǎngshòu shēnghuó.,Những người lạc quan thường có khả năng tận hưởng cuộc sống nhiều hơn
5,雷,léi,sấm,雷电在天空中闪烁。,Léidiàn zài tiānkōng zhōng shǎnshuò.,Sấm chớp lóe lên trên bầu trời.
5,类型,lèi xíng,loại hình,这种类型的书很受欢迎。,Zhè zhǒng lèixíng de shū hěn shòu huānyíng.,Loại sách này rất được ưa chuộng.
5,冷淡,lěng dàn,"lãnh đạm, lạnh nhạt, lạnh lùng",她的态度很冷淡。,Tā de tàidù hěn lěngdàn.,Thái độ của cô ấy rất lạnh lùng.
5,厘米,lí mǐ,cm,这个桌子的高度是五十厘米。,Zhège zhuōzi de gāodù shì wǔshí límǐ.,Chiều cao của cái bàn này là năm mươi cm.
5,离婚,lí hūn,li hôn,他们决定离婚了。,Tāmen juédìng líhūnle.,Họ đã quyết định ly hôn.
5,梨,lí,quả lê,我喜欢吃梨。,Wǒ xǐhuān chī lí.,Tôi thích ăn lê.
5,理论,lǐ lùn,lý luận,这个理论很有趣。,Zhège lǐlùn hěn yǒuqù.,Lý thuyết này rất thú vị.
5,理由,lǐ yóu,lí do,他给出的理由很合理。,Tā gěi chū de lǐyóu hěn hélǐ.,Lý do anh ấy đưa ra rất hợp lý.
5,力量,lì liàng,sức mạnh,我们需要更多的力量。,Wǒmen xūyào gèng duō de lìliàng.,Chúng ta cần nhiều sức mạnh hơn.
5,立即,lì jí,lập tức,请立即处理这个问题。,Qǐng lìjí chǔlǐ zhège wèntí.,Xin vui lòng xử lý vấn đề này ngay lập tức.
5,立刻,lì kè,lập tức,他立刻去帮忙了。,Tā lìkè qù bāngmángle.,Anh ấy lập tức đi giúp đỡ.
5,利润,lì rùn,lợi nhuận,公司的利润增加了。,Gōngsī de lìrùn zēngjiāle.,Lợi nhuận của công ty đã tăng lên.
5,利息,lì xī,lợi tức,贷款的利息很高。,Dàikuǎn de lìxí hěn gāo.,Lãi suất của khoản vay rất cao.
5,利益,lì yì,lợi ích,他们的利益不一致。,Tāmen de lìyì bù yīzhì.,Lợi ích của họ không一致.
5,利用,lì yòng,"tận dụng, lợi dụng",他利用自己的资源来帮助别人。,Tā lìyòng zìjǐ de zīyuán lái bāngzhù biérén.,Anh ấy sử dụng tài nguyên của mình để giúp đỡ người khác.
5,连忙,lián máng,vội vã,他连忙去接电话。,Tā liánmáng qù jiē diànhuà.,Anh ấy lập tức đi nhận điện thoại.
5,连续,lián xù,liên tục,这些机器的操作是连续的。,Zhèxiē jīqì de cāozuò shì liánxù de.,Việc vận hành các máy móc này là liên tục.
5,联合,lián hé,liên hiệp,我们的团队是一个联合体。,Wǒmen de tuánduì shì yīgè liánhé tǐ.,Đội ngũ của chúng tôi là một liên minh.
5,恋爱,liàn ài,yêu đương,我们在恋爱中。,Wǒmen zài liàn'ài zhōng.,Chúng tôi đang yêu nhau.
5,良好,liáng hǎo,tốt đẹp,这是一种良好的习惯。,Zhè shì yī zhǒng liánghǎo de xíguàn.,Đây là một thói quen tốt.
5,粮食,liáng shí,lương thực,这家商店出售各种粮食。,Zhè jiā shāngdiàn chūshòu gè zhǒng liángshí.,Cửa hàng này bán đủ loại thực phẩm.
5,亮,liàng,sáng,天亮了,Tiān liàngle.,Trời sáng rồi.
5,了不起,liǎo bù qǐ,giỏi giang,他做的工作真的了不起。,Tā zuò de gōngzuò zhēn de liǎobùqǐ.,Công việc anh ấy làm thật sự tuyệt vời.
5,列车,liè chē,tàu hỏa,列车将于明天早上发车。,Lièchē jiāng yú míngtiān zǎoshang fāchē.,Tàu sẽ khởi hành vào sáng mai.
5,临时,lín shí,"lâm thời, thời vụ, tạm thời",我们需要一个临时的解决方案。,Wǒmen xūyào yīgè línshí de jiějuéfāng'àn.,Chúng tôi cần một giải pháp tạm thời.
5,灵活,líng huó,linh hoạt,她的思维非常灵活。,Tā de sīwéi fēicháng línghuó.,Suy nghĩ của cô ấy rất linh hoạt.
5,铃,líng,chuông,他用铃声叫醒了我。,Tā yòng língshēng jiàoxǐngle wǒ.,Anh ấy đã đánh thức tôi bằng tiếng chuông.
5,零件,líng jiàn,linh kiện,这台机器的零件很复杂。,Zhè tái jīqì de língjiàn hěn fùzá.,Các linh kiện của máy móc này rất phức tạp.
5,零食,líng shí,đồ ăn vặt,我带了一些零食来聚会。,Wǒ dài le yīxiē língshí lái jùhuì.,Tôi mang một số đồ ăn vặt đến buổi tiệc.
5,领导,lǐng dǎo,lãnh đạo,他是一个很有能力的领导。,Tā shì yīgè hěn yǒu nénglì de lǐngdǎo.,Anh ấy là một nhà lãnh đạo rất có năng lực.
5,领域,lǐng yù,lĩnh vực,这是一个新的领域。,Zhè shì yīgè xīn de lǐngyù.,Đây là một lĩnh vực mới.
5,浏览,liú lǎn,đọc lướt,我们在浏览网页。,Wǒmen zài liú lǎn wǎngyè.,Chúng tôi đang duyệt web.
5,流传,liú chuán,"lưu truyền, lan truyền",这个故事流传了很久。,Zhège gùshì liúchuánle hěnjiǔ.,Câu chuyện này đã được truyền lại từ lâu.
5,流泪,liú lèi,rơi lệ,她流泪了因为感动。,Tā liú lèi le yīnwèi gǎndòng.,Cô ấy đã rơi nước mắt vì cảm động.
5,龙,lóng,rồng,这条龙很长。,Zhè tiáo lóng hěn cháng.,Con rồng này rất dài.
5,漏,lòu,dột,房子漏水了。,Fángzi lòushuǐle.,Ngôi nhà bị rò rỉ nước.
5,陆地,lù dì,"lục địa, đất liền",中国是一个广大的陆地。,Zhōngguó shì yīgè guǎngdà de lùdì.,Trung Quốc là một vùng đất rộng lớn.
5,陆续,lù xù,"lục tục, liên tiếp",他陆续到达了。,Tā lùxù dàodále.,Anh ấy đã đến liên tục.
5,录取,lù qǔ,tuyển chọn,她被录取了。,Tā bèi lùqǔle.,Cô ấy đã được nhận vào.
5,录音,lù yīn,ghi âm,我们需要录音这次会议。,Wǒmen xūyào lùyīn zhè cì huìyì.,Chúng ta cần ghi âm cuộc họp này.
5,轮流,lún liú,"luân lưu, thay phiên",大家轮流发言。,Dàjiā lúnliú fāyán.,Mọi người lần lượt phát biểu.
5,论文,lùn wén,luận văn,这篇论文很有深度。,Zhè piān lùnwén hěn yǒu shēndù.,Bài luận văn này rất sâu sắc.
5,逻辑,luó jí,logic,他的逻辑很严密。,Tā de luójí hěn yánmì.,Logic của anh ấy rất chặt chẽ.
5,落后,luò hòu,lạc hậu,我们落后于其他国家。,Wǒmen luòhòu yú qítā guójiā.,Chúng ta đang tụt hậu so với các nước khác.
5,骂,mà,mắng mỏ,他骂了他的朋友。,Tā màle tā de péngyǒu.,Anh ấy đã mắng người bạn của mình.
5,麦克风,mài kè fēng,microphone,麦克风坏了，声音听不清楚。,"Màikèfēng huàile, shēngyīn tīng bù qīngchǔ.","Microphone hỏng, âm thanh không rõ."
5,馒头,mán tóu,"bánh bao không nhân, màn thầu",我喜欢吃馒头。,Wǒ xǐhuān chī mántou.,Tôi thích ăn bánh bao.
5,满足,mǎn zú,"đáp ứng (yêu cầu, điều kiện, tính tò mò, lòng tham)",她很满足自己的成就。,Tā hěn mǎnzú zìjǐ de chéngjiù.,Cô ấy rất hài lòng với thành tựu của mình.
5,毛病,máo bìng,"tật xấu, lỗi",他的毛病很严重。,Tā de máobìng hěn yánzhòng.,Căn bệnh của anh ấy rất nghiêm trọng.
5,矛盾,máo dùn,mâu thuẫn,他们之间有很大的矛盾。,Tāmen zhījiān yǒu hěn dà de máodùn.,Giữa họ có một mâu thuẫn lớn.
5,冒险,mào xiǎn,mạo hiểm,他喜欢冒险旅行。,Tā xǐhuān màoxiǎn lǚxíng.,Anh ấy thích đi du lịch mạo hiểm.
5,贸易,mào yì,thương mại,这个国家的贸易很发达。,Zhège guójiā de màoyì hěn fādá.,Thương mại của quốc gia này rất phát triển.
5,眉毛,méi máo,lông mày,她的眉毛很浓。,Tā de méimáo hěn nóng.,Lông mày của cô ấy rất đậm.
5,媒体,méi tǐ,"truyền thông, báo chí",这家媒体报道了很多新闻。,Zhè jiā méitǐ bàodàole hěn duō xīnwén.,Phương tiện truyền thông này đã đưa tin rất nhiều.
5,煤炭,méi tàn,than,这家工厂使用煤炭作为能源。,Zhè jiā gōngchǎng shǐyòng méitàn zuòwéi néngyuán.,Nhà máy này sử dụng than đá làm năng lượng.
5,美术,měi shù,mỹ thuật,他很擅长美术。,Tā hěn shàncháng měishù.,Anh ấy rất giỏi mỹ thuật.
5,魅力,mèi lì,sức hút,她的魅力吸引了很多人。,Tā de mèilì xīyǐnle hěn duō rén.,Sức hút của cô ấy đã thu hút nhiều người.
5,梦想,mèng xiǎng,ước mơ,他有一个美好的梦想。,Tā yǒu yīgè měihǎo de mèngxiǎng.,Anh ấy có một ước mơ đẹp.
5,秘密,mì mì,bí mật,这是一个秘密。,Zhè shì yīgè mìmì.,Đây là một bí mật.
5,秘书,mì shū,thư ký,她是公司的秘书。,Tā shì gōngsī de mìshū.,Cô ấy là thư ký của công ty.
5,密切,mì qiè,mật thiết,我们需要密切合作。,Wǒmen xūyào mìqiè hézuò.,Chúng ta cần hợp tác chặt chẽ.
5,蜜蜂,mì fēng,con ong,蜜蜂在花丛中飞来飞去。,Mìfēng zài huācóng zhōng fēi lái fēi qù.,Ong bướm bay qua bay lại trong vườn hoa.
5,面对,miàn duì,"đối mặt (chứng cứ, tương lai, khủng hoảng, thách thức), đối diện",他要面对许多挑战。,Tā yào miànduì xǔduō tiǎozhàn.,Anh ấy phải đối mặt với nhiều thách thức.
5,面积,miàn jī,diện tích,这个房子的面积很大。,Zhège fángzi de miànjī hěn dà.,Diện tích của ngôi nhà này rất lớn.
5,面临,miàn lín,"đứng trước (khó khăn, nguy hiểm, thách thức)",我们面临许多挑战。,Wǒmen miànlín xǔduō tiǎozhàn.,Chúng ta đang đối mặt với nhiều thách thức.
5,苗条,miáo tiáo,thon thả,她的身材很苗条。,Tā de shēncái hěn miáotiáo.,Cô ấy có thân hình rất thon thả.
5,描写,miáo xiě,miêu tả,这本书详细描写了他的生活。,Zhè běn shū xiángxì miáoxiěle tā de shēnghuó.,Cuốn sách này mô tả chi tiết cuộc sống của anh ấy.
5,敏感,mǐn gǎn,nhạy cảm,她对这些问题很敏感。,Tā duì zhèxiē wèntí hěn mǐngǎn.,Cô ấy rất nhạy cảm với những vấn đề này.
5,名牌,míng pái,thương hiệu nổi tiếng,这是一款名牌的手表。,Zhè shì yī kuǎn míngpái de shǒubiǎo.,Đây là một chiếc đồng hồ của thương hiệu nổi tiếng.
5,名片,míng piàn,danh thiếp,我给你一张名片。,Wǒ gěi nǐ yī zhāng míngpiàn.,Tôi đưa cho bạn một tấm danh thiếp.
5,名胜古迹,míng shèng gǔ jì,danh lam thắng cảnh,我们参观了很多名胜古迹。,Wǒmen cānguānle hěn duō míngshèng gǔjì.,Chúng tôi đã thăm nhiều danh lam thắng cảnh và di tích lịch sử.
5,明确,míng què,"rõ ràng, rành mạch",请明确你的要求。,Qǐng míngquè nǐ de yāoqiú.,Xin vui lòng làm rõ yêu cầu của bạn.
5,明显,míng xiǎn,rõ ràng,这个问题的答案很明显。,Zhège wèntí de dá'àn hěn míngxiǎn.,Câu trả lời cho vấn đề này rất rõ ràng.
5,明星,míng xīng,minh tinh,她是一位著名的明星。,Tā shì yī wèi zhùmíng de míngxīng.,Cô ấy là một ngôi sao nổi tiếng.
5,命令,mìng lìng,mệnh lệnh,他给了我一个命令。,Tā gěile wǒ yīgè mìnglìng.,Anh ấy đã ra lệnh cho tôi.
5,命运,mìng yùn,vận mệnh,我相信你的命运会改变。,Wǒ xiāngxìn nǐ de mìngyùn huì gǎibiàn.,Tôi tin rằng số phận của bạn sẽ thay đổi.
5,摸,mō,sờ,她摸了摸他的肩膀。,Tā mōle mō tā de jiānbǎng.,Cô ấy đã sờ vào vai của anh ấy.
5,模仿,mó fǎng,bắt chước,他模仿了他的老师。,Tā mófǎngle tā de lǎoshī.,Anh ấy đã bắt chước giáo viên của mình.
5,模糊,mó hu,mơ hồ,这个问题有些模糊。,Zhège wèntí yǒuxiē móhu.,Vấn đề này có phần mơ hồ.
5,模特,mó tè,người mẫu,她是一个专业的模特。,Tā shì yīgè zhuānyè de mótè.,Cô ấy là một người mẫu chuyên nghiệp.
5,摩托车,mó tuō chē,xe máy,他骑了一辆摩托车。,Tā qíle yī liàng mótuōchē.,Anh ấy đã lái một chiếc xe máy.
5,陌生,mò shēng,lạ lẫm,我觉得这个地方很陌生。,Wǒ juédé zhège dìfāng hěn mòshēng.,Tôi cảm thấy nơi này rất lạ lẫm.
5,某,mǒu,nào đó,某一天我们会成功。,Mǒu yītiān wǒmen huì chénggōng.,Một ngày nào đó chúng ta sẽ thành công.
5,木头,mù tóu,khúc gỗ,这个木头很坚硬。,Zhège mùtou hěn jiānyìng.,Mảnh gỗ này rất cứng.
5,目标,mù biāo,mục tiêu,她的目标是成为医生。,Tā de mùbiāo shì chéngwéi yīshēng.,Mục tiêu của cô ấy là trở thành bác sĩ.
5,目录,mù lù,mục lục,我查了目录。,Wǒ chále mùlù.,Tôi đã tra cứu danh mục.
5,目前,mù qián,"trước mắt, hiện nay",目前的情况很复杂。,Mùqián de qíngkuàng hěn fùzá.,Tình hình hiện tại rất phức tạp.
5,哪怕,nǎ pà,cho dù,哪怕是雨天我也会去。,Nǎpà shì yǔtiān wǒ yě huì qù.,Dù là trời mưa tôi vẫn sẽ đi.
5,难怪,nán guài,chẳng trách,难怪她没有来。,Nánguài tā méiyǒu lái.,Không lạ gì khi cô ấy không đến.
5,难免,nán miǎn,khó tránh,这难免会发生。,Zhè nánmiǎn huì fāshēng.,Điều này khó tránh khỏi.
5,脑袋,nǎo dài,não,他脑袋很大。,Tā nǎodai hěn dà.,Anh ấy có cái đầu to.
5,内部,nèi bù,nội bộ,这个问题涉及到内部。,Zhège wèntí shèjí dào nèibù.,Vấn đề này liên quan đến nội bộ.
5,内科,nèi kē,khoa nội,我看了一些内科的书。,Wǒ kànle yīxiē nèikē de shū.,Tôi đã đọc một số sách về nội khoa.
5,嫩,nèn,"mềm, non",这块肉很嫩。,Zhè kuài ròu hěn nèn.,Miếng thịt này rất mềm.
5,能干,néng gàn,được việc,他很能干。,Tā hěn nénggàn.,Anh ấy rất tài giỏi.
5,能源,néng yuán,tài nguyên,这是一种可再生能源。,Zhè shì yī zhǒng kě zàishēng néngyuán.,Đây là một loại năng lượng tái tạo.
5,嗯,ēn,"ừ, ừm",嗯，我明白了。,"Ēn, wǒ míngbái le.","Ừ, tôi hiểu rồi."
5,年代,nián dài,thời đại,那是一个年代的故事。,Nà shì yīgè niándài de gùshì.,Đó là câu chuyện của một thời kỳ.
5,年纪,nián jì,tuổi tác,他的年纪不大。,Tā de niánjì bù dà.,Tuổi của anh ấy không lớn.
5,念,niàn,đọc,她常常念书。,Tā chángcháng niànshū.,Cô ấy thường xuyên đọc sách.
5,宁可,nìng kě,thà,我宁可待在家里。,Wǒ nìngkě dāi zài jiālǐ.,Tôi thà ở nhà.
5,牛仔裤,niú zǎi kù,quần bò,她穿了一条牛仔裤。,Tā chuānle yītiáo niúzǎikù.,Cô ấy mặc một chiếc quần jeans.
5,农村,nóng cūn,nông thôn,农村的生活很安静。,Nóngcūn de shēnghuó hěn ānjìng.,Cuộc sống ở nông thôn rất yên tĩnh.
5,农民,nóng mín,nông dân,他是一个农民。,Tā shì yīgè nóngmín.,Anh ấy là một nông dân.
5,农业,nóng yè,nông nghiệp,农业对国家很重要。,Nóngyè duì guójiā hěn zhòngyào.,Nông nghiệp rất quan trọng đối với đất nước.
5,浓,nóng,"nồng, đậm",这道菜的味道很浓。,Zhè dào cài de wèidào hěn nóng.,Hương vị của món ăn này rất đậm.
5,女士,nǚ shì,"quý cô, quý bà",她是一位女士。,Tā shì yī wèi nǚshì.,Cô ấy là một quý bà.
5,欧洲,ōu zhōu,châu Âu,他去了欧洲旅行。,Tā qùle Ōuzhōu lǚxíng.,Anh ấy đã đi du lịch châu Âu.
5,偶然,ǒu rán,ngẫu nhiên,我们偶然遇到了老朋友。,Wǒmen ǒurán yùdàole lǎo péngyǒu.,Chúng tôi tình cờ gặp lại người bạn cũ.
5,拍,pāi,vỗ,他拍了很多照片。,Tā pāile hěn duō zhàopiàn.,Anh ấy đã chụp rất nhiều bức ảnh.
5,派,pài,"cử, phái",派一队士兵去守卫城堡。,Pài yī duì shìbīng qù shǒuwèi chéngbǎo.,phái một đội lính để bảo vệ lâu đài.
5,盼望,pàn wàng,mong chờ,我们盼望你的到来。,Wǒmen pànwàng nǐ de dàolái.,Chúng tôi mong chờ sự đến của bạn.
5,培训,péi xùn,"bồi dưỡng, tập huấn",我们提供专业的培训课程。,Wǒmen tígōng zhuānyè de péixùn kèchéng.,Chúng tôi cung cấp các khóa đào tạo chuyên nghiệp.
5,培养,péi yǎng,"nuôi dưỡng, hình thành",我们应该培养孩子的兴趣。,Wǒmen yīnggāi péiyǎng háizi de xìngqù.,Chúng ta nên nuôi dưỡng sở thích của trẻ em.
5,赔偿,péi cháng,bồi thường,他要求公司赔偿他的损失。,Tā yāoqiú gōngsī péicháng tā de sǔnshī.,Anh ấy yêu cầu công ty bồi thường cho tổn thất của mình.
5,佩服,pèi fú,khâm phục,我非常佩服他的才华。,Wǒ fēicháng pèifú tā de cáihuá.,Tôi rất ngưỡng mộ tài năng của anh ấy.
5,配合,pèi hé,phối hợp,我们需要配合完成这个项目。,Wǒmen xūyào pèihé wánchéng zhège xiàngmù.,Chúng tôi cần phối hợp để hoàn thành dự án này.
5,盆,pén,chậu,这个盆子很漂亮。,Zhège pénzi hěn piàoliang.,Cái chậu này rất đẹp.
5,碰,pèng,"gặp phải, đụng phải",她不小心碰到了桌子。,Tā bù xiǎoxīn pèng dàole zhuōzi.,Cô ấy vô tình chạm vào cái bàn.
5,批,pī,"loạt, lô (lượng từ)",明天我们会发这批货。,Míngtiān wǒmen huì fā zhè pī huò,Chúng tôi sẽ gửi lô hàng này vào ngày mai.
5,批准,pī zhǔn,"phê chuẩn, đồng ý",我们的方案已经得到批准。,Wǒmen de fāng'àn yǐjīng dédàole pīzhǔn.,Kế hoạch của chúng tôi đã được phê duyệt.
5,披,pī,khoác,他披上了一件外套。,Tā pī shàngle yī jiàn wàitào.,Anh ấy khoác lên một chiếc áo khoác.
5,疲劳,pí láo,mệt mỏi,他感到非常疲劳。,Tā gǎndào fēicháng píláo.,Anh ấy cảm thấy rất mệt mỏi.
5,匹,pǐ,con (lượng từ cho ngựa),这匹马很快。,Zhè pǐ mǎ hěn kuài.,Con ngựa này rất nhanh.
5,片,piàn,"chiếc, lát, mảnh (lượng từ cho lá, bánh mì, đất đai )",我买了一片巧克力。,Wǒ mǎile yī piàn qiǎokèlì.,Tôi đã mua một miếng socola.
5,片面,piàn miàn,phiến diện,他的看法有些片面。,Tā de kànfǎ yǒuxiē piànmiàn.,Quan điểm của anh ấy có phần phiến diện.
5,飘,piāo,bay,这条裙子在风中飘动。,Zhè tiáo qúnzi zài fēng zhōng piāodòng.,Chiếc váy này bay trong gió.
5,拼音,pīn yīn,phiên âm,他学习了很多拼音。,Tā xuéxíle hěn duō pīnyīn.,Anh ấy đã học rất nhiều pinyin.
5,频道,pín dào,kênh,我们的频道很有趣。,Wǒmen de píndào hěn yǒuqù.,Kênh của chúng tôi rất thú vị.
5,平,píng,"bằng, đều",海上风平浪静。,Hǎishàng fēng píng làng jìng.,Trên biển sóng yên biển lặng
5,平安,píng ān,bình an,希望你平安回家。,Xīwàng nǐ píng'ān huí jiā.,Hy vọng bạn trở về nhà bình an.
5,平常,píng cháng,bình thường,他平常喜欢跑步。,Tā píngcháng xǐhuān pǎobù.,Anh ấy thường thích chạy bộ.
5,平等,píng děng,bình đẳng,两个人要平等对待。,Liǎng gè rén yào píngděng duìdài.,Hai người cần được đối xử bình đẳng.
5,平方,píng fāng,bình phương,房间的面积是十平方米。,Fángjiān de miànjī shì shí píngfāngmǐ.,Diện tích của căn phòng là mười mét vuông.
5,平衡,píng héng,cân bằng,他努力保持平衡。,Tā nǔlì bǎochí pínghéng.,Anh ấy cố gắng duy trì sự cân bằng.
5,平静,píng jìng,"bình tĩnh, tĩnh lặng, yên tĩnh",这个湖很平静。,Zhège hú hěn píngjìng.,Hồ này rất yên tĩnh.
5,平均,píng jūn,"trung bình, bình quân",平均每人有三本书。,Píngjūn měi rén yǒu sān běn shū.,Trung bình mỗi người có ba cuốn sách.
5,评价,píng jià,đánh giá,我们需要对你的工作进行评价。,Wǒmen xūyào duì nǐ de gōngzuò jìnxíng píngjià.,Chúng tôi cần đánh giá công việc của bạn.
5,凭,píng,dựa vào,你凭什么这么说？,Nǐ píng shénme zhème shuō?,Bạn dựa vào đâu để nói như vậy?
5,迫切,pò qiè,cấp bách,我们迫切需要解决这个问题。,Wǒmen pòqiè xūyào jiějué zhège wèntí.,Chúng tôi rất cần giải quyết vấn đề này.
5,破产,pò chǎn,phá sản,这家公司已经破产了。,Zhè jiā gōngsī yǐjīng pòchǎnle.,Công ty này đã phá sản rồi.
5,破坏,pò huài,phá hoại,他的行为对环境造成了很大破坏。,Tā de xíngwéi duì huánjìng zàochéngle hěn dà pòhuài.,Hành động của anh ấy đã gây ra tổn hại lớn cho môi trường.
5,期待,qī dài,kỳ vọng,我们期待你的回复。,Wǒmen qídài nǐ de huífù.,Chúng tôi mong chờ phản hồi của bạn.
5,期间,qī jiān,khoảng thời gian,这个项目的期间是三个月。,Zhège xiàngmù de qījiān shì sān gè yuè.,Thời gian của dự án này là ba tháng.
5,其余,qí yú,còn lại,其余的任务由他来完成。,Qíyú de rènwù yóu tā lái wánchéng.,Phần còn lại của nhiệm vụ do anh ấy hoàn thành.
5,奇迹,qí jì,kỳ tích,他的成功是一个奇迹。,Tā de chénggōng shì yīgè qíjì.,Thành công của anh ấy là một kỳ tích.
5,企业,qǐ yè,"nhà máy, xí nghiệp",这家企业正在扩展业务。,Zhè jiā qǐyè zhèngzài kuòzhǎn yèwù.,Doanh nghiệp này đang mở rộng kinh doanh.
5,启发,qǐ fā,"gợi mở, gợi ý",这本书启发了我很多思想。,Zhè běn shū qǐfāle wǒ hěn duō sīxiǎng.,Cuốn sách này đã truyền cảm hứng cho tôi rất nhiều ý tưởng.
5,气氛,qì fēn,"không khí (cuộc họp, buổi tiệc)",这里的气氛很轻松。,Zhèlǐ de qìfēn hěn qīngsōng.,Bầu không khí ở đây rất thoải mái.
5,汽油,qì yóu,xăng,这辆车使用的是汽油。,Zhè liàng chē shǐyòng de shì qìyóu.,Xe này sử dụng xăng.
5,谦虚,qiān xū,khiêm tốn,他总是那么谦虚。,Tā zǒng shì nàme qiānxū.,Anh ấy luôn khiêm tốn như vậy.
5,签,qiān,ký (tên),请在合同上签名。,Qǐng zài hétong shàng qiānmíng.,Xin hãy ký tên vào hợp đồng.
5,前途,qián tú,tiền đồ,年轻人应该为自己的未来打造美好的前途。,Niánqīng rén yīnggāi wèi zìjǐ de wèilái dǎzào měihǎo de qiántú.,Các bạn trẻ hãy xây dựng một tương lai tươi sáng cho chính mình.
5,浅,qiǎn,nông,这本书的内容很浅。,Zhè běn shū de nèiróng hěn qiǎn.,Nội dung của cuốn sách này rất nông.
5,欠,qiàn,nợ,我欠了很多钱。,Wǒ qiànle hěn duō qián.,Tôi nợ nhiều tiền.
5,枪,qiāng,súng,他用枪射中了靶子。,Tā yòng qiāng shè zhòngle bǎzi.,Anh ấy dùng súng bắn trúng mục tiêu.
5,强调,qiáng diào,nhấn mạnh,我们需要强调这一点。,Wǒmen xūyào qiángdiào zhè yī diǎn.,Chúng ta cần nhấn mạnh điểm này.
5,强烈,qiáng liè,"mãnh liệt, mạnh mẽ",他的反应非常强烈。,Tā de fǎnyìng fēicháng qiángliè.,Phản ứng của anh ấy rất mạnh mẽ.
5,墙,qiáng,tường,墙上贴满了海报。,Qiáng shàng tiē mǎnle hǎibào.,Tường đầy những tấm áp phích.
5,抢,qiǎng,cướp,他们抢到了最后一件商品。,Tāmen qiǎng dào le zuìhòu yī jiàn shāngpǐn.,Họ đã giành được món hàng cuối cùng.
5,悄悄,qiāo qiāo,lặng lẽ,他悄悄地走出了房间。,Tā qiāoqiāo de zǒuchūle fángjiān.,Anh ấy lặng lẽ rời khỏi phòng.
5,瞧,qiáo,liếc nhìn,我们瞧一瞧这个新产品吧。,Wǒmen qiáo yī qiáo zhège xīn chǎnpǐn ba.,Chúng ta hãy xem qua sản phẩm mới này.
5,巧妙,qiǎo miào,khéo léo,他设计了一个巧妙的解决方案。,Tā shèjìle yīgè qiǎomiào de jiějué fāng'àn.,Anh ấy thiết kế một giải pháp khéo léo.
5,切,qiè,cắt,请切水果。,Qǐng qiē shuǐguǒ.,Xin hãy cắt trái cây.
5,亲爱,qīn ài,thân yêu,亲爱的朋友，祝你生日快乐！,"Qīn'ài de péngyǒu, zhù nǐ shēngrì kuàilè!","Người bạn thân yêu, chúc bạn sinh nhật vui vẻ!"
5,亲切,qīn qiè,thân thiết,她的笑容很亲切。,Tā de xiàoróng hěn qīnqiè.,Nụ cười của cô ấy rất thân thiện.
5,亲自,qīn zì,tự thân,我亲自去取了包裹。,Wǒ qīnzì qù qǔle bāoguǒ.,Tôi đã tự tay đi nhận gói hàng.
5,勤奋,qín fèn,cần cù,他工作非常勤奋。,Tā gōngzuò fēicháng qínfèn.,Anh ấy làm việc rất chăm chỉ.
5,青,qīng,màu xanh non,这个青色的布料很有特色。,Zhège qīngsè de bùliào hěn yǒu tèsè.,Chất liệu màu xanh lam này rất đặc biệt.
5,青春,qīng chūn,thanh xuân,青春是美好的。,Qīngchūn shì měihǎo de.,Thanh xuân thật tuyệt vời.
5,青少年,qīng shào nián,thanh thiếu niên,青少年应该多运动。,Qīngshàonián yīnggāi duō yùndòng.,Thanh thiếu niên nên tập thể dục nhiều hơn.
5,轻视,qīng shì,"coi khinh, khinh thường",不要轻视任何问题。,Bùyào qīngshì rènhé wèntí.,Đừng xem nhẹ bất kỳ vấn đề nào.
5,轻易,qīng yì,"dễ dàng (làm trạng ngữ), khinh suất",做事不能轻易放弃。,Zuòshì bùnéng qīngyì fàngqì.,Làm việc không thể dễ dàng từ bỏ.
5,清淡,qīng dàn,thanh đạm,我喜欢清淡的食物。,Wǒ xǐhuān qīngdàn de shíwù.,Tôi thích đồ ăn thanh đạm.
5,情景,qíng jǐng,cảnh tượng,这个情景很感人。,Zhège qíngjǐng hěn gǎnrén.,Cảnh tượng này rất cảm động.
5,情绪,qíng xù,tâm trạng,他情绪不好。,Tā qíngxù bù hǎo.,Anh ấy có tâm trạng không tốt.
5,请求,qǐng qiú,thỉnh cầu,我请求你的帮助。,Wǒ qǐngqiú nǐ de bāngzhù.,Tôi yêu cầu sự giúp đỡ của bạn.
5,庆祝,qìng zhù,chúc mừng,我们要庆祝这个节日。,Wǒmen yào qìngzhù zhège jiérì.,Chúng ta phải ăn mừng lễ hội này.
5,球迷,qiú mí,người hâm mộ bóng,他是一个狂热的球迷。,Tā shì yīgè kuángrè de qiúmí.,Anh ấy là một người hâm mộ bóng đá cuồng nhiệt.
5,趋势,qū shì,xu thế,这个趋势正在改变市场。,Zhège qūshì zhèngzài gǎibiàn shìchǎng.,Xu hướng này đang thay đổi thị trường.
5,取消,qǔ xiāo,hủy bỏ,这个活动被取消了。,Zhège huódòng bèi qǔxiāole.,Sự kiện này đã bị hủy bỏ.
5,娶,qǔ,lấy (vợ),他打算娶她为妻。,Tā dǎsuàn qǔ tā wèi qī.,Anh ấy dự định cưới cô ấy làm vợ.
5,去世,qù shì,tạ thế,她的父亲去世了。,Tā de fùqīn qùshìle.,Cha của cô ấy đã qua đời.
5,圈,quān,vòng,他在圈子里非常有影响力。,Tā zài quānzi lǐ fēicháng yǒu yǐngxiǎnglì.,Anh ấy rất có ảnh hưởng trong giới.
5,权力,quán lì,quyền lực,这个国家的权力结构复杂。,Zhège guójiā de quánlì jiégòu fùzá.,Cơ cấu quyền lực của quốc gia này rất phức tạp.
5,权利,quán lì,quyền lợi,我们必须维护自己的权利。,Wǒmen bìxū wéihù zìjǐ de quánlì.,Chúng ta phải bảo vệ quyền lợi của mình.
5,全面,quán miàn,toàn diện,这个计划全面考虑了各方面的问题。,Zhège jìhuà quánmiàn kǎolǜle gè fāngmiàn de wèntí.,Kế hoạch này đã xem xét toàn diện các vấn đề.
5,劝,quàn,khuyên,他劝我早点休息。,Tā quàn wǒ zǎodiǎn xiūxí.,Anh ấy khuyên tôi nên nghỉ sớm.
5,缺乏,quē fá,thiếu,这个项目缺乏资金支持。,Zhège xiàngmù quēfá zījīn zhīchí.,Dự án này thiếu hỗ trợ tài chính.
5,确定,què dìng,xác định,我们需要确定计划的细节。,Wǒmen xūyào quèdìng jìhuà de xìjié.,Chúng ta cần xác định các chi tiết của kế hoạch.
5,确认,què rèn,xác nhận,请确认您的预约时间。,Qǐng quèrèn nín de yuēyuē shíjiān.,Xin xác nhận thời gian hẹn của bạn.
5,群,qún,"đám, nhóm",我们正在建立一个新的群体。,Wǒmen zhèngzài jiànlì yīgè xīn de qúntǐ.,Chúng tôi đang xây dựng một nhóm mới.
5,燃烧,rán shāo,đốt cháy,木材在火上燃烧得很快。,Mùcái zài huǒ shàng ránshāo dé hěn kuài.,Gỗ cháy rất nhanh trên lửa.
5,绕,rào,vòng vèo,请绕过这个障碍物。,Qǐng rào guò zhège zhàng'ài wù.,Xin hãy đi vòng qua chướng ngại vật này.
5,热爱,rè ài,"yêu (cuộc sống, học sinh, thiên nhiên, âm nhạc, bạn bè, người thân)",我们都热爱这份工作。,Wǒmen dōu rè'ài zhè fèn gōngzuò.,Chúng tôi đều yêu thích công việc này.
5,热烈,rè liè,nhiệt liệt,他们对新项目的热烈欢迎让我们很感动。,Tāmen duì xīn xiàngmù de rèliè huānyíng ràng wǒmen hěn gǎndòng.,Sự chào đón nồng nhiệt của họ với dự án mới khiến chúng tôi rất cảm động.
5,热心,rè xīn,"nhiệt tình (người, người bạn), nhiệt huyết",她对帮助他人总是热心。,Tā duì bāngzhù tārén zǒng shì rèxīn.,Cô ấy luôn nhiệt tình giúp đỡ người khác.
5,人才,rén cái,nhân tài,我们需要更多的人才来推动项目。,Wǒmen xūyào gèng duō de réncái lái tuīdòng xiàngmù.,Chúng ta cần nhiều nhân tài hơn để thúc đẩy dự án.
5,人口,rén kǒu,dân số,这个城市的人口在不断增加。,Zhège chéngshì de rénkǒu zài bùduàn zēngjiā.,Dân số của thành phố này đang tăng liên tục.
5,人类,rén lèi,loài người,人类的进步离不开科技。,Rénlèi de jìnbù lí bùkāi kējì.,Sự tiến bộ của nhân loại không thể tách rời khỏi công nghệ.
5,人民币,rén mín bì,nhân dân tệ,我们用人民币支付了这笔费用。,Wǒmen yòng rénmínbì zhīfùle zhè bǐ fèiyòng.,Chúng tôi đã thanh toán khoản phí này bằng nhân dân tệ.
5,人生,rén shēng,đời người,人生中有很多重要的时刻。,Rénshēng zhōng yǒu hěn duō zhòngyào de shíkè.,Trong cuộc đời có nhiều khoảnh khắc quan trọng.
5,人事,rén shì,nhân sự,人事部门负责招聘新员工。,Rénshì bùmén fùzé zhāopìn xīn yuángōng.,Phòng nhân sự phụ trách tuyển dụng nhân viên mới.
5,人物,rén wù,nhân vật,他是一个很有影响力的人物。,Tā shì yīgè hěn yǒu yǐngxiǎnglì de rénwù.,Anh ấy là một nhân vật có ảnh hưởng lớn.
5,人员,rén yuán,nhân viên,我们的人员配置已经完成。,Wǒmen de rényuán pèizhì yǐjīng wánchéng.,Việc phân bổ nhân sự của chúng tôi đã hoàn tất.
5,忍不住,rěn bù zhù,không nhịn được,他忍不住笑了出来。,Tā rěn bù zhù xiàole chūlái.,Anh ấy không thể nhịn cười.
5,日常,rì cháng,thường ngày,我们需要建立一个日常的工作流程。,Wǒmen xūyào jiànlì yīgè rìcháng de gōngzuò liúchéng.,Chúng ta cần thiết lập một quy trình làm việc hàng ngày.
5,日程,rì chéng,lịch trình,请查看你的日程安排。,Qǐng chákàn nǐ de rìchéng ānpái.,Xin hãy xem qua lịch trình của bạn.
5,日历,rì lì,quyển lịch,这本日历很实用。,Zhè běn rìlì hěn shíyòng.,Cuốn lịch này rất hữu ích.
5,日期,rì qī,ngày tháng,我们需要确认会议的日期。,Wǒmen xūyào quèrèn huìyì de rìqī.,Chúng ta cần xác nhận ngày của cuộc họp.
5,日用品,rì yòng pǐn,đồ dùng,我每天使用各种日用品。,Wǒ měitiān shǐyòng gè zhǒng rìyòngpǐn.,Tôi sử dụng nhiều vật dụng hàng ngày mỗi ngày.
5,日子,rì zi,ngày,这几天的日子过得很快。,Zhè jǐ tiān de rìzi guò dé hěn kuài.,Những ngày này trôi qua rất nhanh.
5,如何,rú hé,như thế nào,你如何解决这个问题？,Nǐ rúhé jiějué zhège wèntí?,Bạn giải quyết vấn đề này như thế nào?
5,如今,rú jīn,hiện nay,如今，科技发展迅速。,"Rújīn, kējì fāzhǎn xùnsù.","Ngày nay, công nghệ phát triển nhanh chóng."
5,软,ruǎn,mềm,这款手机非常软。,Zhè kuǎn shǒujī fēicháng ruǎn.,Chiếc điện thoại này rất mềm mại.
5,软件,ruǎn jiàn,phần mềm,我们需要更新软件版本。,Wǒmen xūyào gēngxīn ruǎnjiàn bǎn běn.,Chúng ta cần cập nhật phiên bản phần mềm.
5,弱,ruò,yếu ớt,他的声音很弱。,Tā de shēngyīn hěn ruò.,Giọng nói của anh ấy rất yếu.
5,洒,sǎ,"vãi, vung",他们把水洒在了地上。,Tāmen bǎ shuǐ sǎ zài le dìshàng.,Họ đã làm đổ nước xuống sàn.
5,嗓子,sǎng zi,cổ họng,她的嗓子很沙哑。,Tā de sǎngzi hěn shāyǎ.,Giọng của cô ấy rất khàn.
5,色彩,sè cǎi,màu sắc,这幅画儿的色彩非常丰富。,Zhè fú huàr de sècǎi fēicháng fēngfù.,Màu sắc của bức tranh này rất phong phú.
5,杀,shā,giết,他杀了一个害虫。,Tā shāle yīgè hàichóng.,Anh ấy đã giết một con sâu.
5,沙漠,shā mò,sa mạc,沙漠里很少有植物。,Shāmò lǐ hěn shǎo yǒu zhíwù.,"Ở sa mạc, rất ít có thực vật."
5,沙滩,shā tān,bãi cát,我们在沙滩上散步。,Wǒmen zài shātān shàng sànbù.,Chúng tôi đi dạo trên bãi biển.
5,傻,shǎ,ngốc nghếch,他总是做些傻事。,Tā zǒng shì zuò xiē shǎ shì.,Anh ấy luôn làm những việc ngớ ngẩn.
5,晒,shài,"phơi, tắm nắng",我喜欢在阳光下晒太阳。,Wǒ xǐhuān zài yángguāng xià shài tàiyáng.,Tôi thích tắm nắng dưới ánh mặt trời.
5,删除,shān chú,xóa bỏ,请删除这个错误的文件。,Qǐng shānchú zhège cuòwù de wénjiàn.,Xin hãy xóa tài liệu sai này.
5,闪电,shǎn diàn,chớp,昨晚的闪电很亮。,Zuówǎn de shǎndiàn hěn liàng.,Sấm sét tối qua rất sáng.
5,扇子,shàn zi,cái quạt,她用扇子给大家扇风。,Tā yòng shànzi gěi dàjiā shàn fēng.,Cô ấy dùng quạt để làm mát cho mọi người.
5,善良,shàn liáng,"lương thiện, hiền lành",他是一个非常善良的人。,Tā shì yīgè fēicháng shànliáng de rén.,Anh ấy là một người rất tốt bụng.
5,善于,shàn yú,giỏi về việc gì đó,她善于与人沟通。,Tā shàn yú yǔ rén gōutōng.,Cô ấy giỏi giao tiếp với người khác.
5,伤害,shāng hài,làm hại,这种药可能会伤害你的胃。,Zhè zhǒng yào kěnéng huì shānghài nǐ de wèi.,Loại thuốc này có thể làm tổn thương dạ dày của bạn.
5,商品,shāng pǐn,sản phẩm,这个商店卖各种商品。,Zhège shāngdiàn mài gè zhǒng shāngpǐn.,Cửa hàng này bán đủ loại hàng hóa.
5,商务,shāng wù,"thương gia (hạng, khoang),",我们的商务会议将在明天进行。,Wǒmen de shāngwù huìyì jiāng zài míngtiān jìnxíng.,Cuộc họp kinh doanh của chúng ta sẽ diễn ra vào ngày mai.
5,商业,shāng yè,thương mại,这是一个商业机会。,Zhè shì yīgè shāngyè jīhuì.,Đây là một cơ hội kinh doanh.
5,上当,shàng dàng,mắc lừa,他上当了，被骗了钱。,"Tā shàngdàngle, bèi piànle qián.",Anh ấy đã bị lừa và mất tiền.
5,蛇,shé,rắn,在花园里，我们看到了一条蛇。,"Zài huāyuán lǐ, wǒmen kàn dàole yītiáo shé.","Trong vườn, chúng tôi đã thấy một con rắn."
5,舍不得,shě bù dé,không nỡ lòng,我舍不得离开这座城市。,Wǒ shěbùdé líkāi zhè zuò chéngshì.,Tôi không nỡ rời khỏi thành phố này.
5,设备,shè bèi,thiết bị,新的设备安装完成了。,Xīn de shèbèi ānzhuāng wánchéngle.,Thiết bị mới đã được lắp đặt xong.
5,设计,shè jì,thiết kế,这位设计师的作品很受欢迎。,Zhè wèi shèjì shī de zuòpǐn hěn shòu huānyíng.,Các tác phẩm của nhà thiết kế này rất được yêu thích.
5,设施,shè shī,cơ sở vật chất,这座城市有许多现代设施。,Zhè zuò chéngshì yǒu xǔduō xiàndài shèshī.,Thành phố này có nhiều cơ sở hiện đại.
5,射击,shè jī,bắn,他喜欢射击运动。,Tā xǐhuān shèjī yùndòng.,Anh ấy thích môn bắn súng.
5,摄影,shè yǐng,"quay phim, chụp ảnh",她喜欢摄影，尤其是拍风景照。,"Tā xǐhuān shèyǐng, yóuqí shì pāi fēngjǐng zhào.","Cô ấy thích nhiếp ảnh, đặc biệt là chụp ảnh phong cảnh."
5,伸,shēn,"vươn, duỗi, kéo dài",他伸了伸懒腰。,Tā shēnle shēn lǎnyāo.,Anh ấy duỗi người để làm giãn cơ.
5,身材,shēn cái,"cơ thể, dáng",她的身材很苗条。,Tā de shēncái hěn miáotiáo.,Dáng người của cô ấy rất thon thả.
5,身份,shēn fèn,thân phận,他在公司里有很高的身份。,Tā zài gōngsī lǐ yǒu hěn gāo de shēnfèn.,Anh ấy có một vị trí rất cao trong công ty.
5,深刻,shēn kè,sâu sắc,这本书对我有很深刻的影响。,Zhè běn shū duì wǒ yǒu hěn shēnkè de yǐngxiǎng.,Cuốn sách này có ảnh hưởng sâu sắc đến tôi.
5,神话,shén huà,thần thoại,我们都听过这个神话故事。,Wǒmen dōu tīngguò zhège shénhuà gùshì.,Chúng tôi đều đã nghe câu chuyện thần thoại này.
5,神秘,shén mì,thần bí,这是一种神秘的动物。,Zhè shì yī zhǒng shénmì de dòngwù.,Đây là một loài động vật bí ẩn.
5,升,shēng,"thăng, lên, lít (đơn vị đo thể tích)",他的工作表现得到升职。,Tā de gōngzuò biǎoxiàn dédào shēngzhí.,Hiệu suất công việc của anh ấy đã được thăng chức.
5,生产,shēng chǎn,sản xuất,我们正在生产新产品。,Wǒmen zhèngzài shēngchǎn xīn chǎnpǐn.,Chúng tôi đang sản xuất sản phẩm mới.
5,生动,shēng dòng,sinh động,这个故事非常生动。,Zhège gùshì fēicháng shēngdòng.,Câu chuyện này rất sống động.
5,生长,shēng zhǎng,"sinh trưởng, lớn",植物在这个土壤中生长得很好。,Zhíwù zài zhège tǔrǎng zhōng shēngzhǎng dé hěn hǎo.,Thực vật phát triển rất tốt trong loại đất này.
5,声调,shēng diào,thanh điệu,这句话的声调很特别。,Zhè jù huà de shēngdiào hěn tèbié.,Ngữ điệu của câu này rất đặc biệt.
5,绳子,shéng zi,dây thừng,他用绳子绑住了箱子。,Tā yòng shéngzi bǎngzhùle xiāngzi.,Anh ấy đã buộc cái hộp bằng dây.
5,省略,shěng lüè,tỉnh lược,这句话省略了很多细节。,Zhè jù huà shěnglüèle hěn duō xìjié.,Câu này đã lược bỏ nhiều chi tiết.
5,胜利,shèng lì,thắng lợi,我们终于获得了胜利。,Wǒmen zhōngyú huòdéle shènglì.,Chúng tôi cuối cùng đã đạt được chiến thắng.
5,失眠,shī mián,mất ngủ,他晚上常常失眠。,Tā wǎnshàng chángcháng shīmián.,Anh ấy thường xuyên mất ngủ vào ban đêm.
5,失去,shī qù,mất đi,我们不应该失去这个机会。,Wǒmen bù yīnggāi shīqù zhège jīhuì.,Chúng ta không nên bỏ lỡ cơ hội này.
5,失业,shī yè,thất nghiệp,他因为失业而感到沮丧。,Tā yīnwèi shīyè ér gǎndào jǔsàng.,Anh ấy cảm thấy chán nản vì thất nghiệp.
5,诗,shī,thơ,这首诗很美。,Zhè shǒu shī hěn měi.,Bài thơ này rất đẹp.
5,狮子,shī zi,sư tử,他养了一只狮子作为宠物。,Tā yǎngle yī zhī shīzi zuòwéi chǒngwù.,Anh ấy nuôi một con sư tử như thú cưng.
5,湿润,shī rùn,ẩm ướt,这片土地非常湿润。,Zhè piàn tǔdì fēicháng shīrùn.,Mảnh đất này rất ẩm ướt.
5,石头,shí tou,hòn đá,我们在山上找到了一块石头。,Wǒmen zài shān shàng zhǎodàole yī kuài shítou.,Chúng tôi tìm thấy một viên đá trên núi.
5,时差,shí chā,lệch múi giờ,时差有时候让人很疲倦。,Shíchā yǒu shíhòu ràng rén hěn píjuàn.,Sự chênh lệch múi giờ đôi khi khiến người ta mệt mỏi.
5,时代,shí dài,thời đại,这是一个充满变化的时代。,Zhè shì yīgè chōngmǎn biànhuà de shídài.,Đây là một thời đại đầy biến động.
5,时刻,shí kè,khoảnh khắc,我们要注意时间的每一个时刻。,Wǒmen yào zhùyì shíjiān de měi yīgè shíkè.,Chúng ta cần chú ý đến từng khoảnh khắc của thời gian.
5,时髦,shí máo,mốt,她穿了一件很时髦的衣服。,Tā chuānle yī jiàn hěn shímáo de yīfú.,Cô ấy mặc một bộ quần áo rất thời trang.
5,时期,shí qī,thời kì,这个时期经济很不稳定。,Zhège shíqī jīngjì hěn bù wěndìng.,"Trong giai đoạn này, nền kinh tế rất không ổn định."
5,时尚,shí shàng,thời thượng,她总是追求时尚潮流。,Tā zǒng shì zhuīqiú shíshàng cháoliú.,Cô ấy luôn theo đuổi các xu hướng thời trang.
5,实话,shí huà,lời nói thật,他说了实话，我们都很震惊。,"Tā shuōle shíhuà, wǒmen dōu hěn zhèngjīng.","Anh ấy đã nói sự thật, chúng tôi đều rất sốc."
5,实践,shí jiàn,thực tiễn,我们需要把理论应用到实践中。,Wǒmen xūyào bǎ lǐlùn yìngyòng dào shíjiàn zhōng.,Chúng ta cần áp dụng lý thuyết vào thực tiễn.
5,实习,shí xí,thực tập,她正在实习，学习公司的运营。,"Tā zhèngzài shíxí, xuéxí gōngsī de yùnyíng.","Cô ấy đang thực tập, học cách vận hành công ty."
5,实现,shí xiàn,"thực hiện (kế hoạch, nguyện vọng, ước mơ)",他们努力工作，以实现他们的目标。,"Tāmen nǔlì gōngzuò, yǐ shíxiàn tāmen de mùbiāo.",Họ làm việc chăm chỉ để đạt được mục tiêu của mình.
5,实验,shí yàn,thí nghiệm,这项实验的结果很有趣。,Zhè xiàng shíyàn de jiéguǒ hěn yǒuqù.,Kết quả của thí nghiệm này rất thú vị.
5,实用,shí yòng,hữu ích,这种工具非常实用。,Zhè zhǒng gōngjù fēicháng shíyòng.,Loại công cụ này rất hữu ích.
5,食物,shí wù,đồ ăn,这顿饭包含了各种食物。,Zhè dùn fàn bāohánle gè zhǒng shíwù.,Bữa ăn này bao gồm nhiều loại thực phẩm.
5,使劲儿,shǐ jìn ér,"ra sức, lấy sức",他使劲儿地拉开了门。,Tā shǐjìnr de lākāile mén.,Anh ấy đã dùng sức để kéo cửa mở.
5,始终,shǐ zhōng,từ đầu đến cuối,我们始终相信他会成功。,Wǒmen shǐzhōng xiāngxìn tā huì chénggōng.,Chúng tôi luôn tin rằng anh ấy sẽ thành công.
5,士兵,shì bīng,binh sĩ,他是一名士兵。,Tā shì yī míng shìbīng.,Anh ấy là một người lính.
5,市场,shì chǎng,chợ,这个市场上有很多商品。,Zhège shìchǎng shàng yǒu hěn duō shāngpǐn.,Thị trường này có nhiều hàng hóa.
5,似的,shì de,giống như….,她看起来很像她的姐姐似的。,Tā kàn qǐlái hěn xiàng tā de jiějiě shì de.,Cô ấy trông rất giống chị gái của cô ấy.
5,事实,shì shí,sự thật,这不是事实。,Zhè bù shì shìshí.,Đây không phải là sự thật.
5,事物,shì wù,sự vật,这些事物都很重要。,Zhèxiē shìwù dōu hěn zhòngyào.,Những vật này đều rất quan trọng.
5,事先,shì xiān,trước khi việc xảy ra,事先做好准备很重要。,Shìxiān zuò hǎo zhǔnbèi hěn zhòngyào.,Việc chuẩn bị trước là rất quan trọng.
5,试卷,shì juàn,bài thi,请在试卷上写下你的名字。,Qǐng zài shìjuàn shàng xiě xià nǐ de míngzì.,Xin vui lòng viết tên của bạn vào bài kiểm tra.
5,收获,shōu huò,thu hoạch,这次旅行的收获很丰富。,Zhè cì lǚxíng de shōuhuò hěn fēngfù.,Kinh nghiệm thu được từ chuyến đi này rất phong phú.
5,收据,shōu jù,giấy biên nhận,我找不到这张收据。,Wǒ zhǎo bù dào zhè zhāng shōujù.,Tôi không tìm thấy hóa đơn này.
5,手工,shǒu gōng,thủ công,这件手工艺品很有特色。,Zhè jiàn shǒugōng yìpǐn hěn yǒu tèsè.,Món đồ thủ công này rất đặc sắc.
5,手术,shǒu shù,phẫu thuật,他需要做一个手术。,Tā xūyào zuò yīgè shǒushù.,Anh ấy cần phải phẫu thuật.
5,手套,shǒu tào,găng tay,她戴了一双新的手套。,Tā dài le yī shuāng xīn de shǒutào.,Cô ấy đeo một đôi găng tay mới.
5,手续,shǒu xù,thủ tục,办理手续需要时间。,Bànlǐ shǒuxù xūyào shíjiān.,Thủ tục cần thời gian để hoàn thành.
5,手指,shǒu zhǐ,ngón tay,她用手指指着地图上的位置。,Tā yòng shǒuzhǐ zhǐ zhe dìtú shàng de wèizhì.,Cô ấy chỉ vị trí trên bản đồ bằng ngón tay.
5,首,shǒu,đầu,这首歌在排行榜上位居首位。,Zhè shǒu gē zài pái háng bǎng shàng wèi jū shǒu wèi.,Bài hát này đứng đầu bảng xếp hạng.
5,寿命,shòu mìng,tuổi thọ,他的寿命很长。,Tā de shòumìng hěn cháng.,Tuổi thọ của anh ấy rất dài.
5,受伤,shòu shāng,bị thương,他在比赛中受伤了。,Tā zài bǐsài zhōng shòushāngle.,Anh ấy bị thương trong cuộc thi.
5,书架,shū jià,giá sách,书架上摆满了书。,Shūjià shàng bǎi mǎnle shū.,Kệ sách đầy ắp sách.
5,梳子,shū zi,cái lược,她用梳子梳理头发。,Tā yòng shūzi shūlǐ tóufà.,Cô ấy dùng lược chải tóc.
5,舒适,shū shì,thoải mái,这张床非常舒适。,Zhè zhāng chuáng fēicháng shūshì.,Cái giường này rất thoải mái.
5,输入,shū rù,nhập,他输入了正确的密码。,Tā shūrùle zhèngquè de mìmǎ.,Anh ấy đã nhập đúng mật khẩu.
5,蔬菜,shū cài,rau xanh,我们吃了很多新鲜蔬菜。,Wǒmen chīle hěn duō xīnxiān shūcài.,Chúng tôi đã ăn nhiều rau củ tươi ngon.
5,熟练,shú liàn,thành thục,她的英语非常熟练。,Tā de yīngyǔ fēicháng shúliàn.,Tiếng Anh của cô ấy rất thành thạo.
5,属于,shǔ yú,thuộc về,这本书属于她的收藏。,Zhè běn shū shǔyú tā de shōucáng.,Cuốn sách này thuộc về bộ sưu tập của cô ấy.
5,鼠标,shǔ biāo,chuột máy tính,我需要一个鼠标来使用电脑。,Wǒ xūyào yīgè shǔbiāo lái shǐyòng diànnǎo.,Tôi cần một con chuột để sử dụng máy tính.
5,数,shǔ,đếm,这是你的钱，请数数。,"Zhè shì nǐ de qián, qǐng shù shù.","Đây là tiền của bạn, hãy đếm nó."
5,数据,shù jù,số liệu,这些数据需要进行分析。,Zhèxiē shùjù xūyào jìnxíng fēnxī.,Những dữ liệu này cần được phân tích.
5,数码,shù mǎ,kỹ thuật số,他买了一部新的数码相机。,Tā mǎile yī bù xīn de shùmǎ xiàngjī.,Anh ấy đã mua một máy ảnh số mới.
5,摔倒,shuāi dǎo,ngã nhào,他不小心摔倒了。,Tā bù xiǎoxīn shuāi dǎo le.,Anh ấy vô tình bị ngã.
5,甩,shuǎi,"vung, hất, bỏ lại",她把衣服甩在地上。,Tā bǎ yīfú shuǎi zài dìshàng.,Cô ấy ném quần áo xuống đất.
5,双方,shuāng fāng,"hai bên, song phương",双方达成了协议。,Shuāngfāng dáchéngle xiéyì.,Hai bên đã đạt được thỏa thuận.
5,税,shuì,thuế,这笔税务很复杂。,Zhè bǐ shuìwù hěn fùzá.,Khoản thuế này rất phức tạp.
5,说不定,shuō bù dìng,chưa biết chừng,他说不定会来的。,Tā shuō bùdìng huì lái de.,Anh ấy có thể sẽ đến.
5,说服,shuō fú,thuyết phục,他用事实说服了大家。,Tā yòng shìshí shuōfúle dàjiā.,Anh ấy đã thuyết phục mọi người bằng sự thật.
5,丝绸,sī chóu,tơ lụa,这条丝绸的质量很好。,Zhè tiáo sīchóu de zhìliàng hěn hǎo.,Chất lượng của loại lụa này rất tốt.
5,丝毫,sī háo,một chút (dùng dạng phủ định),她的笑容丝毫没有改变。,Tā de xiàoróng sīháo méiyǒu gǎibiàn.,Nụ cười của cô ấy không hề thay đổi chút nào.
5,私人,sī rén,tư nhân,他喜欢私人时间。,Tā xǐhuān sīrén shíjiān.,Anh ấy thích có thời gian riêng tư.
5,思考,sī kǎo,suy nghĩ,我们需要深入思考这个问题。,Wǒmen xūyào shēnrù sīkǎo zhège wèntí.,Chúng ta cần suy nghĩ sâu về vấn đề này.
5,思想,sī xiǎng,tư tưởng,他的思想很开放。,Tā de sīxiǎng hěn kāifàng.,Tư tưởng của anh ấy rất cởi mở.
5,撕,sī,xé,她撕了那张纸。,Tā sīle nà zhāng zhǐ.,Cô ấy đã xé tờ giấy đó.
5,似乎,sì hū,dường như,他似乎不太高兴。,Tā sìhū bù tài gāoxìng.,Anh ấy có vẻ không vui lắm.
5,搜索,sōu suǒ,tìm kiếm,我们需要搜索更多的信息。,Wǒmen xūyào sōusuǒ gèng duō de xìnxī.,Chúng ta cần tìm kiếm thêm thông tin.
5,宿舍,sù shè,ký túc xá,学生们住在宿舍里。,Xuéshēngmen zhù zài sùshè lǐ.,Các sinh viên sống trong ký túc xá.
5,随身,suí shēn,mang theo người,请随身携带身份证。,Qǐng suíshēn xiédài shēnfènzhèng.,Xin vui lòng mang theo thẻ căn cước bên mình.
5,随时,suí shí,bất cứ lúc nào,我们随时可以联系。,Wǒmen suíshí kěyǐ liánxì.,Chúng ta có thể liên hệ bất cứ lúc nào.
5,随手,suí shǒu,tiện tay,你可以随手放在桌子上。,Nǐ kěyǐ suíshǒu fàng zài zhuōzi shàng.,Bạn có thể để nó trên bàn bất cứ lúc nào.
5,碎,suì,vỡ vụn,他的杯子掉了，摔碎了。,"Tā de bēizi diàole, shuāi suìle.",Cái cốc của anh ấy rơi xuống và vỡ nát.
5,损失,sǔn shī,tổn thất,他们遭受了很大的损失。,Tāmen zāoshòule hěn dà de sǔnshī.,Họ đã chịu tổn thất rất lớn.
5,缩短,suō duǎn,"thu hẹp (khoảng cách), rút ngắn (thời gian), cắt ngắn (câu chuyện)",我们需要缩短这个项目的时间。,Wǒmen xūyào suōduǎn zhège xiàngmù de shíjiān.,Chúng ta cần rút ngắn thời gian cho dự án này.
5,所,suǒ,trợ từ,这个问题所涉及的范围很广。,Zhège wèntí suǒ shèjí de fànwéi hěn guǎng.,Phạm vi vấn đề này liên quan rất rộng.
5,锁,suǒ,khóa,他找不到钥匙，所以锁了门。,"Tā zhǎo bù dào yàoshi, suǒyǐ suǒle mén.","Anh ấy không tìm thấy chìa khóa, vì vậy anh ấy đã khóa cửa."
5,台阶,tái jiē,"bậc thềm, bậc",他走下了台阶。,Tā zǒu xiàle táijiē.,Anh ấy đi xuống cầu thang.
5,太极拳,tài jí quán,thái cực quyền,她学会了太极拳。,Tā xuéhuìle tàijíquán.,Cô ấy đã học được thái cực quyền.
5,太太,tài tai,vợ,我们要和太太讨论这个问题。,Wǒmen yào hé tàitài tǎolùn zhège wèntí.,Chúng ta cần thảo luận vấn đề này với bà xã.
5,谈判,tán pàn,đàm phán,我们在进行谈判。,Wǒmen zài jìnxíng tánpàn.,Chúng ta đang tiến hành đàm phán.
5,坦率,tǎn shuài,thẳng thắn,他非常坦率地表达了自己的观点。,Tā fēicháng tǎnshuài de biǎodále zìjǐ de guāndiǎn.,Anh ấy rất thẳng thắn khi bày tỏ quan điểm của mình.
5,烫,tàng,"bỏng, là, ủi",这件衣服需要烫一下。,Zhè jiàn yīfú xūyào tàng yīxià.,Chiếc áo này cần được ủi một chút.
5,逃,táo,chạy trốn,他决定逃离那个危险的地方。,Tā juédìng táolí nàgè wēixiǎn de dìfāng.,Anh ấy quyết định rời khỏi nơi nguy hiểm đó.
5,逃避,táo bì,trốn tránh,她试图逃避责任。,Tā shìtú táobì zérèn.,Cô ấy cố gắng trốn tránh trách nhiệm.
5,桃,táo,đào,桃子在夏天很甜。,Táozi zài xiàtiān hěn tián.,Đào rất ngọt vào mùa hè.
5,淘气,táo qì,tinh nghịch,孩子们有点淘气。,Háizimen yǒudiǎn táoqì.,Bọn trẻ hơi nghịch ngợm.
5,讨价还价,tǎo jià huán jià,mặc cả,他们正在讨价还价。,Tāmen zhèngzài tǎojià huánjià.,Họ đang thương lượng giá cả.
5,套,tào,"bộ (quần áo), căn (nhà)",这是一套新的设备。,Zhè shì yī tào xīn de shèbèi.,Đây là một bộ thiết bị mới.
5,特色,tè sè,"đặc sắc, đặc điểm đặc sắc",这个产品有独特的特色。,Zhège chǎnpǐn yǒu dútè de tèsè.,Sản phẩm này có những đặc điểm độc đáo.
5,特殊,tè shū,"đặc biệt, đặc thù (quan hệ, nghi lễ, yêu cầu, đãi ngộ)",他对这个项目有特殊的理解。,Tā duì zhège xiàngmù yǒu tèshū de lǐjiě.,Anh ấy có sự hiểu biết đặc biệt về dự án này.
5,特征,tè zhēng,đặc trưng,每个人都有自己的特征。,Měi gè rén dōu yǒu zìjǐ de tèzhēng.,Mỗi người đều có những đặc điểm riêng của mình.
5,疼爱,téng ài,"chiều chuộng, yêu chiều",父母对孩子的疼爱是无条件的。,Fùmǔ duì háizi de téng'ài shì wú tiáojiàn de.,Tình yêu của cha mẹ dành cho con cái là vô điều kiện.
5,提倡,tí chàng,đề xướng,他提倡环保活动。,Tā tícàng huánbǎo huódòng.,Anh ấy cổ vũ các hoạt động bảo vệ môi trường.
5,提纲,tí gāng,đề cương,这篇文章的提纲很详细。,Zhè piān wénzhāng de tígāng hěn xiángxì.,Đề cương của bài viết này rất chi tiết.
5,提问,tí wèn,hỏi,他在提问时表现得很认真。,Tā zài tíwèn shí biǎoxiàn de hěn rènzhēn.,Anh ấy thể hiện sự nghiêm túc khi đặt câu hỏi.
5,题目,tí mù,đề mục,这个题目很有挑战性。,Zhège tímù hěn yǒu tiǎozhàn xìng.,Đề tài này rất có tính thách thức.
5,体会,tǐ huì,cảm nhận,他从这次旅行中体会到了很多东西。,Tā cóng zhè cì lǚxíng zhōng tǐhuì dàole hěn duō dōngxī.,Anh ấy đã cảm nhận được nhiều điều từ chuyến đi này.
5,体贴,tǐ tiē,"sống tình cảm, chu đáo",她很体贴，总是关心别人的感受。,"Tā hěn tǐtiē, zǒng shì guānxīn biérén de gǎnshòu.","Cô ấy rất chu đáo, luôn quan tâm đến cảm xúc của người khác."
5,体现,tǐ xiàn,thể hiện,他的工作体现了高水平的专业性。,Tā de gōngzuò tǐxiànle gāo shuǐpíng de zhuānyè xìng.,Công việc của anh ấy thể hiện mức độ chuyên môn cao.
5,体验,tǐ yàn,trải nghiệm,这个活动是一个很好的体验。,Zhège huódòng shì yīgè hěn hǎo de tǐyàn.,Hoạt động này là một trải nghiệm rất tốt.
5,天空,tiān kōng,bầu trời,他们在天空中看到了彩虹。,Tāmen zài tiānkōng zhōng kàn dàole cǎihóng.,Họ đã thấy cầu vồng trên bầu trời.
5,天真,tiān zhēn,hồn nhiên,她的天真让人感到温暖。,Tā de tiānzhēn ràng rén gǎndào wēnnuǎn.,Sự ngây thơ của cô ấy làm cho người ta cảm thấy ấm áp.
5,调皮,tiáo pí,nghịch ngợm,孩子们在公园里调皮玩耍。,Háizimen zài gōngyuán lǐ tiáopí wánshuǎ.,Bọn trẻ nghịch ngợm chơi đùa trong công viên.
5,调整,tiáo zhěng,điều chỉnh,他正在调整自己的工作计划。,Tā zhèngzài tiáozhěng zìjǐ de gōngzuò jìhuà.,Anh ấy đang điều chỉnh kế hoạch công việc của mình.
5,挑战,tiǎo zhàn,"thách thức, thử thách, thách",他们接受了一个巨大的挑战。,Tāmen jiēshòule yīgè jùdà de tiǎozhàn.,Họ đã chấp nhận một thách thức lớn.
5,通常,tōng cháng,thông thường,这是一种通常的做法。,Zhè shì yī zhǒng tōngcháng de zuòfǎ.,Đây là một phương pháp thường dùng.
5,统一,tǒng yī,thống nhất,我们需要一个统一的标准。,Wǒmen xūyào yīgè tǒngyī de biāozhǔn.,Chúng ta cần một tiêu chuẩn thống nhất.
5,痛苦,tòng kǔ,đau khổ,她感到非常的痛苦。,Tā gǎndào fēicháng de tòngkǔ.,Cô ấy cảm thấy rất đau đớn.
5,痛快,tòng kuài,sung sướng,这次经历让他感到痛快。,Zhè cì jīnglì ràng tā gǎndào tòngkuài.,Kinh nghiệm này làm anh ấy cảm thấy rất thỏa mãn.
5,偷,tōu,ăn trộm,他偷了一块巧克力。,Tā tōule yī kuài qiǎokèlì.,Anh ấy đã trộm một viên socola.
5,投入,tóu rù,"đút vào, đầu tư vào,",她全身心投入到工作中。,Tā quánshēn xīn tóurù dào gōngzuò zhōng.,Cô ấy dồn toàn bộ tâm trí vào công việc.
5,投资,tóu zī,đầu tư,公司决定投资新的项目。,Gōngsī juédìng tóuzī xīn de xiàngmù.,Công ty quyết định đầu tư vào dự án mới.
5,透明,tòu míng,trong suốt,这件衣服的材料很透明。,Zhè jiàn yīfú de cáiliào hěn tòumíng.,Chất liệu của chiếc áo này rất trong suốt.
5,突出,tū chū,làm nổi bật,他的观点在演讲中突出表现。,Tā de guāndiǎn zài yǎnjiǎng zhōng tūchū biǎoxiàn.,Quan điểm của anh ấy nổi bật trong bài diễn thuyết.
5,土地,tǔ dì,đất đai,这块土地很肥沃。,Zhè kuài tǔdì hěn féiwò.,Mảnh đất này rất màu mỡ.
5,土豆,tǔ dòu,khoai tây,他买了很多土豆。,Tā mǎile hěn duō tǔdòu.,Anh ấy đã mua rất nhiều khoai tây.
5,吐,tǔ/tù,"nhổ, nôn",他呕吐了几次。,Tā ǒutùle jǐ cì.,Anh ấy đã nôn mửa vài lần.
5,兔子,tù zi,con thỏ,兔子在草地上跑来跑去。,Tùzi zài cǎodì shàng pǎo lái pǎo qù.,Con thỏ chạy qua chạy lại trên cỏ.
5,团,tuán,cuộn (danh từ),那个小团儿真可爱！,Nàgè xiǎo tuán er zhēn kě'ài!,viên nhỏ đó thật dễ thương!
5,推辞,tuī cí,từ chối,他推辞了我们的邀请。,Tā tuīcíle wǒmen de yāoqǐng.,Anh ấy đã từ chối lời mời của chúng tôi.
5,推广,tuī guǎng,quảng bá,这个产品的推广非常成功。,Zhège chǎnpǐn de tuīguǎng fēicháng chénggōng.,Việc quảng bá sản phẩm này rất thành công.
5,推荐,tuī jiàn,tiến cử,我们给你推荐这本书。,Wǒmen gěi nǐ tuījiàn zhè běn shū.,Chúng tôi giới thiệu cuốn sách này cho bạn.
5,退,tuì,lùi,她决定退还这个商品。,Tā juédìng tuìhuán zhège shāngpǐn.,Cô ấy quyết định trả lại sản phẩm này.
5,退步,tuì bù,lùi bước,他不小心退步了。,Tā bù xiǎoxīn tuìbùle.,Anh ấy vô tình bị lùi bước.
5,退休,tuì xiū,nghỉ hưu,他已经退休了。,Tā yǐjīng tuìxiūle.,Anh ấy đã nghỉ hưu.
5,歪,wāi,xiên (nghiêng),他把椅子放歪了。,Tā bǎ yǐzi fàng wāile.,Anh ấy đã đặt cái ghế lệch.
5,外公,wài gōng,ông ngoại,我们去外公家玩。,Wǒmen qù wàigōngjiā wán.,Chúng tôi đến nhà ông ngoại chơi.
5,外交,wài jiāo,ngoại giao,外交官在会议上发言。,Wàijiāo guān zài huìyì shàng fāyán.,Nhà ngoại giao phát biểu tại cuộc họp.
5,完美,wán měi,hoàn hảo,这部电影很完美。,Zhè bù diànyǐng hěn wánměi.,Bộ phim này rất hoàn hảo.
5,完善,wán shàn,hoàn thiện,我们需要完善这个计划。,Wǒmen xūyào wánshàn zhège jìhuà.,Chúng ta cần hoàn thiện kế hoạch này.
5,完整,wán zhěng,hoàn chỉnh,这本书非常完整。,Zhè běn shū fēicháng wánzhěng.,Cuốn sách này rất hoàn chỉnh.
5,玩具,wán jù,đồ chơi,孩子们喜欢玩具。,Háizimen xǐhuān wánjù.,Trẻ em thích đồ chơi.
5,万一,wàn yī,"vạn nhất, nhỡ",万一遇到困难，我们可以寻求帮助。,"Wànyī yù dào kùnnán, wǒmen kěyǐ xúnqiú bāngzhù.","Nhỡ gặp khó khăn, chúng tôi có thể tìm kiếm sự giúp đỡ."
5,王子,wáng zǐ,vua,王子住在一座城堡里。,Wángzǐ zhù zài yī zuò chéngbǎo lǐ.,Hoàng tử sống trong một lâu đài.
5,网络,wǎng luò,mạng internet,网络使沟通变得更方便。,Wǎngluò shǐ gōutōng biàn dé gèng fāngbiàn.,Mạng internet làm cho việc giao tiếp trở nên thuận tiện hơn.
5,往返,wǎng fǎn,khứ hồi,他每天往返于两个城市之间。,Tā měitiān wǎngfǎn yú liǎng gè chéngshì zhījiān.,Anh ấy đi lại giữa hai thành phố mỗi ngày.
5,危害,wēi hài,nguy hại,吸烟对健康有危害。,Xīyān duì jiànkāng yǒu wēihài.,Hút thuốc có hại cho sức khỏe.
5,威胁,wēi xié,uy hiếp,他的行为对我们构成了威胁。,Tā de xíngwéi duì wǒmen gòuchéngle wēixié.,Hành vi của anh ấy gây ra mối đe dọa cho chúng tôi.
5,微笑,wēi xiào,mỉm cười,她对我微笑。,Tā duì wǒ wēixiào.,Cô ấy mỉm cười với tôi.
5,违反,wéi fǎn,vi phạm,他们违反了规则。,Tāmen wéifǎnle guīzé.,Họ đã vi phạm quy tắc.
5,围巾,wéi jīn,khăn,她戴着一条漂亮的围巾。,Tā dàizhe yītiáo piàoliang de wéijīn.,Cô ấy đeo một chiếc khăn quàng cổ đẹp.
5,围绕,wéi rào,"xoay quanh, bao quanh, quay quanh",我们围绕这个问题讨论了很久。,Wǒmen wéirào zhège wèntí tǎolùnle hěnjiǔ.,Chúng tôi đã thảo luận về vấn đề này trong một thời gian dài.
5,唯一,wéi yī,duy nhất,这是我唯一的机会。,Zhè shì wǒ wéiyī de jīhuì.,Đây là cơ hội duy nhất của tôi.
5,维修,wéi xiū,sửa chữa,这个机器需要维修。,Zhège jīqì xūyào wéixiū.,Cái máy này cần phải sửa chữa.
5,伟大,wěi dà,vĩ đại,他是一位伟大的科学家。,Tā shì yī wèi wěidà de kēxuéjiā.,Ông ấy là một nhà khoa học vĩ đại.
5,尾巴,wěi bā,cái đuôi,小狗的尾巴摇得很快。,Xiǎo gǒu de wěibā yáo dé hěn kuài.,Cái đuôi của chú chó nhỏ vẫy rất nhanh.
5,委屈,wěi qu,tủi thân,他感到很委屈。,Tā gǎndào hěn wěiqū.,Anh ấy cảm thấy rất tủi thân.
5,未必,wèi bì,chưa chắc,这未必是一个好主意。,Zhè wèibì shì yīgè hǎo zhǔyì.,Điều này chưa chắc đã phải là một ý tưởng tốt.
5,未来,wèi lái,tương lai,我们的未来充满了希望。,Wǒmen de wèilái chōngmǎnle xīwàng.,Tương lai của chúng tôi đầy hy vọng.
5,位于,wèi yú,nằm ở (vị trí địa lý),这家公司位于市中心。,Zhè jiā gōngsī wèi yú shì zhōngxīn.,Công ty này nằm ở trung tâm thành phố.
5,位置,wèi zhì,vị trí,这个位置很重要。,Zhège wèizhì hěn zhòngyào.,Vị trí này rất quan trọng.
5,胃,wèi,dạ dày,他感觉胃很不舒服。,Tā gǎnjué wèi hěn bù shūfu.,Anh ấy cảm thấy dạ dày không thoải mái.
5,胃口,wèi kǒu,khẩu vị,这道菜的胃口很好。,Zhè dào cài de wèikǒu hěn hǎo.,Món ăn này rất hợp khẩu vị.
5,温暖,wēn nuǎn,ấm áp,她喜欢温暖的天气。,Tā xǐhuān wēnnuǎn de tiānqì.,Cô ấy thích thời tiết ấm áp.
5,温柔,wēn róu,hiền dịu,他用温柔的声音说话。,Tā yòng wēnróu de shēngyīn shuōhuà.,Anh ấy nói với giọng nhẹ nhàng.
5,文件,wén jiàn,tài liệu,我们需要准备一些文件。,Wǒmen xūyào zhǔnbèi yīxiē wénjiàn.,Chúng tôi cần chuẩn bị một số tài liệu.
5,文具,wén jù,đồ dùng học tập,我买了一些文具。,Wǒ mǎile yīxiē wénjù.,Tôi đã mua một số đồ dùng văn phòng.
5,文明,wén míng,văn minh,这座城市有着悠久的文明历史。,Zhè zuò chéngshì yǒuzhe yōujiǔ de wénmíng lìshǐ.,Thành phố này có một lịch sử văn minh lâu dài.
5,文学,wén xué,văn học,我正在学习中国文学。,Wǒ zhèngzài xuéxí zhōngguó wénxué.,Tôi đang học văn học Trung Quốc.
5,文字,wén zì,văn tự,他的文字很优美。,Tā de wénzì hěn yōuměi.,Chữ viết của anh ấy rất đẹp.
5,闻,wén,ngửi,她闻到了花香。,Tā wén dào le huā xiāng.,Cô ấy ngửi thấy mùi hoa.
5,吻,wěn,hôn,他亲吻了孩子的额头。,Tā qīn wěnle háizi de étóu.,Anh ấy hôn lên trán của đứa trẻ.
5,稳定,wěn dìng,ổn định,这个房子的结构很稳定。,Zhège fángzi de jiégòu hěn wěndìng.,Cấu trúc của ngôi nhà này rất ổn định.
5,问候,wèn hòu,hỏi thăm,我们向你们问候。,Wǒmen xiàng nǐmen wènhòu.,Chúng tôi gửi lời chào đến các bạn.
5,卧室,wò shì,phòng ngủ,他在卧室里休息。,Tā zài wòshì lǐ xiūxí.,Anh ấy đang nghỉ ngơi trong phòng ngủ.
5,握手,wò shǒu,bắt tay,我们握手告别。,Wǒmen wòshǒu gàobié.,Chúng tôi bắt tay và nói lời chia tay.
5,屋子,wū zi,căn nhà,这个屋子很温馨。,Zhège wūzi hěn wēnxīn.,Căn phòng này rất ấm cúng.
5,无奈,wú nài,"bó tay, không có cách nào, bất lực",他无奈地摇了摇头。,Tā wúnài de yáole yáo tóu.,Anh ấy bất lực lắc đầu.
5,无数,wú shù,vô số,这里有无数的星星。,Zhèlǐ yǒu wúshù de xīngxīng.,Ở đây có vô số ngôi sao.
5,无所谓,wú suǒ wèi,"không quan tâm, không để ý",我无所谓。,Wǒ wúsuǒwèi.,Tôi không quan tâm.
5,武术,wǔ shù,võ thuật,他练习武术已经很多年了。,Tā liànxí wǔshù yǐjīng hěn duō niánle.,Anh ấy đã luyện tập võ thuật nhiều năm rồi.
5,勿,wù,đừng,请勿打扰。,Qǐng wù dǎrǎo.,Xin đừng làm phiền.
5,物理,wù lǐ,vật lý,物理是一门有趣的学科。,Wùlǐ shì yīmén yǒuqù de xuékē.,Vật lý là một môn học thú vị.
5,物质,wù zhì,vật chất,这块物质非常坚硬。,Zhè kuài wùzhì fēicháng jiānyìng.,Chất liệu này rất cứng.
5,雾,wù,sương mù,外面有一层雾。,Wàimiàn yǒu yī céng wù.,Ở bên ngoài có một lớp sương mù.
5,吸取,xī qǔ,"hút, rút ra (bài học kinh nghiệm)",他从失败中吸取了经验。,Tā cóng shībài zhōng xīqǔle jīngyàn.,Anh ấy rút ra kinh nghiệm từ thất bại.
5,吸收,xī shōu,"thẩm thấu, ngấm",这台机器能有效地吸收能量。,Zhè tái jīqì néng yǒuxiào de xīshōu néngliàng.,Máy này có thể hấp thụ năng lượng một cách hiệu quả.
5,戏剧,xì jù,kịch,她对戏剧有浓厚的兴趣。,Tā duì xìjù yǒu nónghòu de xìngqù.,Cô ấy có sự quan tâm sâu sắc đến kịch.
5,系,xì,"thắt, buộc",我们系上了安全带。,Wǒmen xì shàngle ānquán dài.,Chúng tôi đã thắt dây an toàn.
5,系统,xì tǒng,hệ thống,这个系统很复杂。,Zhège xìtǒng hěn fùzá.,Hệ thống này rất phức tạp.
5,细节,xì jié,tình tiết,细节决定成败。,Xìjié juédìng chéngbài.,Chi tiết quyết định thành bại.
5,瞎,xiā,mù,他的右眼瞎 了。,tā de yòuyǎn xiā le。,Mắt phải của nó đã bị mù.
5,下载,xià zǎi,tải,我需要下载这个文件。,Wǒ xūyào xiàzài zhège wénjiàn.,Tôi cần tải xuống tài liệu này.
5,吓,xià,dọa,那个声音吓了我一跳。,Nàge shēngyīn xiàle wǒ yī tiào.,Âm thanh đó làm tôi giật mình.
5,夏令营,xià lìng yíng,trại,我们去参加夏令营吧！,Wǒmen qù cānjiā xiàlìngyíng ba!,Chúng ta hãy tham gia trại hè nhé!
5,鲜艳,xiān yàn,tươi tắn,她穿着一件鲜艳的衣服。,Tā chuānzhuó yī jiàn xiānyàn de yīfú.,Cô ấy mặc một bộ đồ sáng màu.
5,显得,xiǎn dé,lộ rõ,他显得很紧张。,Tā xiǎndé hěn jǐnzhāng.,Anh ấy có vẻ rất căng thẳng.
5,显然,xiǎn rán,"hiển nhiên, rõ ràng",显然她已经知道了这个消息。,Xiǎnrán tā yǐjīng zhīdàole zhège xiāoxi.,Rõ ràng là cô ấy đã biết tin này.
5,显示,xiǎn shì,"hiển thị, cho thấy, tôn lên",电脑显示器的分辨率很高。,Diànnǎo xiǎnshìqì de fēnbiàn lǜ hěn gāo.,Độ phân giải của màn hình máy tính rất cao.
5,县,xiàn,huyện,我们住在一个县城里。,Wǒmen zhù zài yīgè xiànchéng lǐ.,Chúng tôi sống ở một thị trấn huyện.
5,现代,xiàn dài,hiện đại,现代科技正在改变世界。,Xiàndài kējì zhèngzài gǎibiàn shìjiè.,Công nghệ hiện đại đang thay đổi thế giới.
5,现实,xiàn shí,hiện thực,现实情况比我们想象的要复杂。,Xiànshí qíngkuàng bǐ wǒmen xiǎngxiàng de yào fùzá.,Tình hình thực tế phức tạp hơn chúng tôi tưởng.
5,现象,xiàn xiàng,hiện tượng,这种现象在很多地方都能看到。,Zhè zhǒng xiànxiàng zài hěn duō dìfāng dōu néng kàn dào.,Hiện tượng này có thể thấy ở nhiều nơi.
5,限制,xiàn zhì,"hạn chế, giới hạn",这条路的行车速度有限制。,Zhè tiáo lù de xíngchē sùdù yǒu xiànzhì.,Tốc độ lái xe trên con đường này bị hạn chế.
5,相处,xiāng chǔ,"ở cùng nhau, tiếp xúc nhiều",我们相处得很好。,Wǒmen xiāngchǔ dé hěn hǎo.,Chúng tôi sống hòa thuận với nhau.
5,相当,xiāng dāng,tương đối,这道菜的辣味相当强。,Zhè dào cài de là wèi xiāngdāng qiáng.,Vị cay của món ăn này khá mạnh.
5,相对,xiāng duì,tương đối,这个问题相对简单。,Zhège wèntí xiāngduì jiǎndān.,Vấn đề này tương đối đơn giản.
5,相关,xiāng guān,liên quan,这些问题是相关的。,Zhèxiē wèntí shì xiāngguān de.,Những vấn đề này có liên quan với nhau.
5,相似,xiāng sì,giống,这两个问题非常相似。,Zhè liǎng gè wèntí fēicháng xiāngsì.,Hai vấn đề này rất giống nhau.
5,香肠,xiāng cháng,xúc xích,这种香肠的味道很好。,Zhè zhǒng xiāngcháng de wèidào hěn hǎo.,Hương vị của loại xúc xích này rất ngon.
5,享受,xiǎng shòu,hưởng thụ,我非常享受这个假期。,Wǒ fēicháng xiǎngshòu zhège jiàqī.,Tôi rất tận hưởng kỳ nghỉ này.
5,想念,xiǎng niàn,nhớ nhung,我很想念你。,Wǒ hěn xiǎngniàn nǐ.,Tôi rất nhớ bạn.
5,想象,xiǎng xiàng,tưởng tượng,他很擅长想象力的运用。,Tā hěn shàncháng xiǎngxiànglì de yùnyòng.,Anh ấy rất giỏi trong việc sử dụng trí tưởng tượng.
5,项,xiàng,"hạng, môn (thể thao)",我们需要完成这一项任务。,Wǒmen xūyào wánchéng zhè yī xiàng rènwù.,Chúng ta cần hoàn thành nhiệm vụ này.
5,项链,xiàng liàn,dây chuyền,她戴着一条漂亮的项链。,Tā dàizhe yī tiáo piàoliang de xiàngliàn.,Cô ấy đeo một chiếc dây chuyền đẹp.
5,项目,xiàng mù,hạng mục,这个项目非常重要。,Zhège xiàngmù fēicháng zhòngyào.,Dự án này rất quan trọng.
5,象棋,xiàng qí,cờ tướng,我喜欢下象棋。,Wǒ xǐhuān xià xiàngqí.,Tôi thích chơi cờ vua.
5,象征,xiàng zhēng,tượng trưng,鸽子象征和平。,gēzi xiàngzhēng hépíng,Chim bồ câu tượng trưng cho hòa bình.
5,消费,xiāo fèi,tiêu dùng,我们需要节省消费。,Wǒmen xūyào jiéshěng xiāofèi.,Chúng ta cần tiết kiệm chi phí.
5,消化,xiāo huà,tiêu hóa,消化过程很复杂。,xiāohuà guòchéng hěn fùzá.,Quá trình tiêu hóa rất phức tạp.
5,消极,xiāo jí,tiêu cực,她对这些消极的评论不以为然。,Tā duì zhèxiē xiāojí de pínglùn bù yǐwéirán.,Cô ấy không coi trọng những bình luận tiêu cực này.
5,消失,xiāo shī,biến mất,那个文件已经消失了。,Nàge wénjiàn yǐjīng xiāoshīle.,Tài liệu đó đã biến mất.
5,销售,xiāo shòu,bán,这家店的销售额很高。,Zhè jiā diàn de xiāoshòu'é hěn gāo.,Doanh số bán hàng của cửa hàng này rất cao.
5,小麦,xiǎo mài,lúa mạch,我们种了很多小麦。,Wǒmen zhòngle hěn duō xiǎomài.,Chúng tôi trồng rất nhiều lúa mì.
5,小气,xiǎo qì,keo kiệt,他有点儿小气。,Tā yǒudiǎn er xiǎoqì.,Anh ấy hơi keo kiệt.
5,孝顺,xiào shùn,hiếu thảo,他是一个孝顺的儿子。,Tā shì yīgè xiàoshùn de érzi.,Anh ấy là một người con hiếu thảo.
5,效率,xiào lǜ,hiệu suất,提高效率是我们的目标。,Tígāo xiàolǜ shì wǒmen de mùbiāo.,Tăng cường hiệu suất là mục tiêu của chúng tôi.
5,歇,xiē,nghỉ ngơi,他需要歇一会儿。,Tā xūyào xiē yíhuìr.,Anh ấy cần nghỉ ngời một lát.
5,斜,xié,"nghiêng, chéo",这条路有点儿斜。,Zhè tiáo lù yǒudiǎnr xié.,Con đường này hơi nghiêng.
5,写作,xiě zuò,viết,她擅长写作。,Tā shàncháng xiězuò.,Cô ấy giỏi viết lách.
5,血,xiě,máu,血液循环对身体健康很重要。,Xiěyè xúnhuán duì shēntǐ jiànkāng hěn zhòngyào.,Tuần hoàn máu rất quan trọng cho sức khỏe cơ thể.
5,心理,xīn lǐ,tâm lý,心理健康对生活质量有很大影响。,Xīnlǐ jiànkāng duì shēnghuó zhìliàng yǒu hěn dà yǐngxiǎng.,Sức khỏe tâm lý có ảnh hưởng lớn đến chất lượng cuộc sống.
5,心脏,xīn zàng,tim,心脏是人体重要的器官之一。,Xīnzàng shì réntǐ zhòngyào de qìguān zhī yī.,Tim là một trong những cơ quan quan trọng của cơ thể.
5,欣赏,xīn shǎng,"thưởng thức, đánh giá cao",我非常欣赏你的工作态度。,Wǒ fēicháng xīnshǎng nǐ de gōngzuò tàidu.,Tôi rất ngưỡng mộ thái độ làm việc của bạn.
5,信号,xìn hào,tín hiệu,信号不太强，手机信号不好。,"Xìnhào bù tài qiáng, shǒujī xìnhào bù hǎo.","Tín hiệu không mạnh, tín hiệu điện thoại không tốt."
5,信任,xìn rèn,tín nhiệm,我信任你能完成这个任务。,Wǒ xìnrèn nǐ néng wánchéng zhège rènwù.,Tôi tin tưởng bạn có thể hoàn thành nhiệm vụ này.
5,行动,xíng dòng,hành động,他的行动非常迅速。,Tā de xíngdòng fēicháng xùnsù.,Hành động của anh ấy rất nhanh chóng.
5,行人,xíng rén,người đi đường,行人请遵守交通规则。,Xíngrén qǐng zūnshǒu jiāotōng guīzé.,Người đi bộ vui lòng tuân thủ các quy tắc giao thông.
5,行为,xíng wéi,hành vi,这种行为是不允许的。,Zhè zhǒng xíngwéi shì bù yǔnxǔ de.,Hành vi này là không được phép.
5,形成,xíng chéng,hình thành,这项计划的实施将形成新的市场。,Zhè xiàng jìhuà de shíshī jiāng xíngchéng xīn de shìchǎng.,Việc thực hiện kế hoạch này sẽ hình thành một thị trường mới.
5,形容,xíng róng,hình dung,她形容了那次旅行的美好经历。,Tā xíngróngle nà cì lǚxíng de měihǎo jīnglì.,Cô ấy mô tả trải nghiệm tuyệt vời của chuyến đi đó.
5,形式,xíng shì,hình thức,他们采用了新的形式来解决问题。,Tāmen cǎiyòngle xīn de xíngshì lái jiějué wèntí.,Họ đã áp dụng hình thức mới để giải quyết vấn đề.
5,形势,xíng shì,tình hình,当前形势比较复杂。,Dāngqián xíngshì bǐjiào fùzá.,Tình hình hiện tại khá phức tạp.
5,形象,xíng xiàng,hình tượng,他的形象很亲切。,Tā de xíngxiàng hěn qīnqiè.,Hình ảnh của anh ấy rất dễ mến.
5,形状,xíng zhuàng,"hình dáng, dáng",这块石头的形状很奇特。,Zhè kuài shítou de xíngzhuàng hěn qítè.,Hình dạng của viên đá này rất đặc biệt.
5,幸亏,xìng kuī,may mà,幸亏我们提前准备了。,Xìngkuī wǒmen tíqián zhǔnbèile.,May mắn là chúng tôi đã chuẩn bị trước.
5,幸运,xìng yùn,may mắn,他总是幸运的。,Tā zǒng shì xìngyùn de.,Anh ấy luôn gặp may mắn.
5,性质,xìng zhì,tính chất,这件事的性质很特殊。,Zhè jiàn shì de xìngzhì hěn tèshū.,
5,兄弟,xiōng dì,huynh đệ,他是我的亲兄弟。,Tā shì wǒ de qīn xiōngdì.,Anh ấy là anh trai ruột của tôi.
5,胸,xiōng,ngực,她的胸很大。,Tā de xiōng hěn dà.,Ngực của cô ấy rất lớn.
5,休闲,xiū xián,"nhàn hạ, thoải mái",我喜欢休闲的活动。,Wǒ xǐhuān xiūxián de huódòng.,Tôi thích các hoạt động giải trí.
5,修改,xiū gǎi,sửa lỗi (văn bản),你可以修改这份报告。,Nǐ kěyǐ xiūgǎi zhè fèn bào gào.,Bạn có thể chỉnh sửa báo cáo này.
5,虚心,xū xīn,khiêm tốn,他总是虚心接受别人的意见。,Tā zǒng shì xūxīn jiēshòu biérén de yìjiàn.,Anh ấy luôn khiêm tốn tiếp nhận ý kiến của người khác.
5,叙述,xù shù,"kể, thuật",我们需要叙述这个事件的经过。,Wǒmen xūyào xùshù zhège shìjiàn de jīngguò.,Chúng ta cần kể lại diễn biến của sự kiện này.
5,宣布,xuān bù,tuyên bố,公司宣布了新的政策。,Gōngsī xuānbùle xīn de zhèngcè.,Công ty đã công bố chính sách mới.
5,宣传,xuān chuán,tuyên truyền,我们需要宣传这个活动。,Wǒmen xūyào xuānchuán zhège huódòng.,Chúng ta cần tuyên truyền về hoạt động này.
5,学历,xué lì,trình độ,她有很高的学历。,Tā yǒu hěn gāo de xuélì.,Cô ấy có trình độ học vấn rất cao.
5,学术,xué shù,học thuật,这篇论文涉及到很多学术问题。,Zhè piān lùnwén shèjí dào hěn duō xuéshù wèntí.,Bài luận này liên quan đến nhiều vấn đề học thuật.
5,学问,xué wèn,học vấn,他的学问非常渊博。,Tā de xuéwèn fēicháng yuānbó.,Kiến thức của anh ấy rất phong phú.
5,寻找,xún zhǎo,tìm kiếm,我们正在寻找合适的解决方案。,Wǒmen zhèngzài xúnzhǎo héshì de jiějué fāng'àn.,Chúng tôi đang tìm kiếm giải pháp phù hợp.
5,询问,xún wèn,hỏi han,请你询问一下那个问题。,Qǐng nǐ xúnwèn yīxià nàge wèntí.,Xin hãy hỏi về vấn đề đó.
5,训练,xùn liàn,huấn luyện,我们在进行训练以提高能力。,Wǒmen zài jìnxíng xùnliàn yǐ tígāo nénglì.,Chúng tôi đang tập luyện để nâng cao khả năng.
5,迅速,xùn sù,"nhanh chóng, nhanh",他处理问题非常迅速。,Tā chǔlǐ wèntí fēicháng xùnsù.,Anh ấy xử lý vấn đề rất nhanh chóng.
5,押金,yā jīn,tiền cọc,请先支付押金。,Qǐng xiān zhīfù yājīn.,Vui lòng thanh toán tiền đặt cọc trước.
5,牙齿,yá chǐ,răng,我需要检查你的牙齿。,Wǒ xūyào jiǎnchá nǐ de yáchǐ.,Tôi cần kiểm tra răng của bạn.
5,延长,yán cháng,kéo dài (thời gian),我们需要延长截止日期。,Wǒmen xūyào yáncháng jiézhǐ rìqī.,Chúng ta cần kéo dài hạn chót.
5,严肃,yán sù,nghiêm túc,他在会议上表现得非常严肃。,Tā zài huìyì shàng biǎoxiàn dé fēicháng yánsù.,Anh ấy thể hiện rất nghiêm túc trong cuộc họp.
5,演讲,yǎn jiǎng,diễn thuyết,她在演讲中讲述了她的经历。,Tā zài yǎnjiǎng zhōng jiǎngshùle tā de jīnglì.,Cô ấy đã kể về kinh nghiệm của mình trong bài phát biểu.
5,宴会,yàn huì,yến tiệc,我们在宴会上度过了一个愉快的夜晚。,Wǒmen zài yànhuì shàng dùguòle yīgè yúkuài de yèwǎn.,Chúng tôi đã có một buổi tối vui vẻ tại bữa tiệc.
5,阳台,yáng tái,ban công,我们可以在阳台上喝咖啡。,Wǒmen kěyǐ zài yángtái shàng hē kāfēi.,Chúng ta có thể uống cà phê trên ban công.
5,痒,yǎng,ngứa,我的皮肤有点发痒。,wǒ de pífū yǒudiǎn fā yǎng.,Da của tôi hơi ngứa.
5,样式,yàng shì,kiểu dáng,这种样式的设计很现代。,Zhè zhǒng yàngshì de shèjì hěn xiàndài.,Thiết kế theo kiểu này rất hiện đại.
5,腰,yāo,lưng,她的腰很细。,Tā de yāo hěn xì.,Eo của cô ấy rất thon gọn.
5,摇,yáo,lắc,他摇了摇头表示不同意。,Tā yáole yáo tóu biǎoshì bù tóngyì.,Anh ấy lắc đầu để biểu thị sự không đồng ý.
5,咬,yǎo,cắn,她咬了一口苹果。,Tā yǎole yī kǒu píngguǒ.,Cô ấy cắn một miếng táo.
5,要不,yào bù,nếu không thì,要不我们去看电影？,Yào bù wǒmen qù kàn diànyǐng?,Hay là chúng ta đi xem phim?
5,业务,yè wù,nghiệp vụ,他在公司里负责业务发展。,Tā zài gōngsī lǐ fùzé yèwù fāzhǎn.,Anh ấy phụ trách phát triển kinh doanh trong công ty.
5,业余,yè yú,nghiệp dư,他有很多业余爱好。,Tā yǒu hěn duō yèyú àihào.,Anh ấy có nhiều sở thích ngoài giờ làm việc.
5,夜,yè,đêm,夜晚的风很凉爽。,Yèwǎn de fēng hěn liángshuǎng.,Gió đêm rất mát mẻ.
5,一辈子,yí bèi zi,một đời người,我希望能过一辈子的好生活。,Wǒ xīwàng néng guò yī bèizi de hǎo shēnghuó.,Tôi hy vọng có thể sống một cuộc sống tốt đẹp suốt đời.
5,一旦,yí dàn,một khi,一旦你开始，就必须坚持下去。,"Yīdàn nǐ kāishǐ, jiù bìxū jiānchí xiàqù.","Một khi bạn bắt đầu, bạn phải kiên trì tiếp tục."
5,一律,yí lǜ,nhất loạt,他们的意见是一律的。,Tāmen de yìjiàn shì yīlǜ de.,Ý kiến của họ là nhất trí.
5,一再,yí zài,nhiều lần,他一再强调这个问题的重要性。,Tā yīzài qiángdiào zhège wèntí de zhòngyàoxìng.,Anh ấy liên tục nhấn mạnh tầm quan trọng của vấn đề này.
5,一致,yí zhì,thống nhất,他们的看法与我的一致。,Tāmen de kànfǎ yǔ wǒ de yīzhì.,Quan điểm của họ nhất trí với của tôi.
5,依然,yī rán,vẫn như xưa,尽管情况很困难，我们依然坚持。,"Jǐnguǎn qíngkuàng hěn kùnnán, wǒmen yīrán jiānchí.","Mặc dù tình hình rất khó khăn, chúng tôi vẫn kiên trì."
5,移动,yí dòng,di động,我们需要移动这些家具。,Wǒmen xūyào yídòng zhèxiē jiājù.,Chúng ta cần di chuyển những món đồ nội thất này.
5,移民,yí mín,di dân,他决定移民到加拿大。,Tā juédìng yímín dào jiānádà.,Anh ấy quyết định di cư đến Canada.
5,遗憾,yí hàn,hối tiếc,我对这个结果感到遗憾。,Wǒ duì zhège jiéguǒ gǎndào yíhàn.,Tôi cảm thấy tiếc về kết quả này.
5,疑问,yí wèn,"nghi vấn, nghi ngờ",他提出了一个很大的疑问。,Tā tíchūle yīgè hěn dà de yíwèn.,Anh ấy đã đặt ra một nghi vấn lớn.
5,乙,yǐ,ất,乙是第二个字母。,Yǐ shì dì èr gè zìmǔ.,Y là chữ cái thứ hai.
5,以及,yǐ jí,và,他和我以及其他人一起去了。,Tā hé wǒ yǐjí qítārén yīqǐ qùle.,Anh ấy và tôi cùng với những người khác đã đi.
5,以来,yǐ lái,trở lại đây (thời gian),这家公司自1990年以来一直在发展。,Zhè jiā gōngsī zì 1990 nián yǐlái yīzhí zài fāzhǎn.,Công ty này đã phát triển liên tục kể từ năm 1990.
5,亿,yì,trăm triệu,中国有十亿多人口。,Zhōngguó yǒu shí yì duō rénkǒu.,Trung Quốc có hơn một tỷ dân.
5,义务,yì wù,nghĩa vụ,我们有义务保护环境。,Wǒmen yǒu yìwù bǎohù huánjìng.,Chúng ta có nghĩa vụ bảo vệ môi trường.
5,议论,yì lùn,nghị luận,他们对这项政策的议论很多。,Tāmen duì zhè xiàng zhèngcè de yìlùn hěn duō.,Có nhiều ý kiến bàn luận về chính sách này.
5,意外,yì wài,ngoài ý muốn,他的意外表现让大家都惊讶。,Tā de yìwài biǎoxiàn ràng dàjiā dōu jīngyà.,Màn biểu hiện bất ngờ của anh ấy khiến mọi người đều ngạc nhiên.
5,意义,yì yì,ý nghĩa,这个决定的意义很大。,Zhège juédìng de yìyì hěn dà.,Ý nghĩa của quyết định này rất lớn.
5,因而,yīn ér,cho nên,他因而成功了。,Tā yīn'ér chénggōngle.,"Do đó, anh ấy đã thành công."
5,因素,yīn sù,nhân tố,这些因素都需要考虑。,Zhèxiē yīnsù dōu xūyào kǎolǜ.,Các yếu tố này đều cần được cân nhắc.
5,银,yín,bạc,你的手镯是银的吗?,nǐ de shǒuzhuó shì yín de ma?,Vòng tay của bạn có phải bằng bạc không?
5,印刷,yìn shuā,in ấn,这本书的印刷质量很好。,Zhè běn shū de yìnshuā zhìliàng hěn hǎo.,Chất lượng in ấn của cuốn sách này rất tốt.
5,英俊,yīng jùn,tuấn tú,他长得非常英俊。,Tā zhǎng de fēicháng yīngjùn.,Anh ấy rất điển trai.
5,英雄,yīng xióng,anh hùng,他们是战争中的英雄。,Tāmen shì zhànzhēng zhōng de yīngxióng.,Họ là những anh hùng trong cuộc chiến.
5,迎接,yíng jiē,nghênh đón,我们会去机场迎接他。,Wǒmen huì qù jīchǎng yíngjiē tā.,Chúng tôi sẽ ra sân bay đón anh ấy.
5,营养,yíng yǎng,dinh dưỡng,这个食物很有营养。,Zhège shíwù hěn yǒu yíngyǎng.,Thực phẩm này rất bổ dưỡng.
5,营业,yíng yè,kinh doanh,这家店的营业时间是从早上九点到晚上九点。,Zhè jiā diàn de yíngyè shíjiān shì cóng zǎoshàng jiǔ diǎn dào wǎnshàng jiǔ diǎn.,Thời gian mở cửa của cửa hàng này là từ 9 giờ sáng đến 9 giờ tối.
5,影子,yǐng zi,cái bóng,小宝贝喜欢看自己的影子。,Xiǎo bǎobèi xǐhuān kàn zìjǐ de yǐngzi.,Các em bé thích nhìn cái bóng của chính mình.
5,应付,yìng fù,ứng phó,他总是很轻松地应付工作。,Tā zǒngshì hěn qīngsōng de yìngfù gōngzuò.,Anh ấy luôn đối phó với công việc một cách nhẹ nhàng.
5,应用,yìng yòng,ứng dụng,这个软件在多个领域都有应用。,Zhège ruǎnjiàn zài duō gè lǐngyù dōu yǒu yìngyòng.,Phần mềm này được ứng dụng trong nhiều lĩnh vực.
5,硬,yìng,cứng,这块石头非常硬。,Zhè kuài shítou fēicháng yìng.,Viên đá này rất cứng.
5,硬件,yìng jiàn,phần cứng,电脑硬件包括处理器、内存和硬盘。,"Diànnǎo yìngjiàn bāokuò chǔlǐqì, nèicún hé yìngpán.","Phần cứng máy tính bao gồm bộ xử lý, bộ nhớ và ổ cứng."
5,拥抱,yōng bào,"ôm, ôm ấp",母亲拥抱了孩子。,Mǔqīn yōngbào le háizi.,Mẹ ôm chặt đứa con.
5,拥挤,yōng jǐ,"chen chúc, đông đúc",早上地铁上非常拥挤。,Zǎoshang dìtiě shàng fēicháng yōngjǐ.,Sáng sớm trên tàu điện ngầm rất chật chội.
5,勇气,yǒng qì,dũng khí,成功需要勇气和坚持。,Chénggōng xūyào yǒngqì hé jiānchí.,Thành công cần sự dũng cảm và kiên trì.
5,用功,yòng gōng,"dụng công, công phu",她是一个非常用功的学生。,Tā shì yīgè fēicháng yònggōng de xuéshēng.,Cô ấy là một học sinh rất chăm chỉ.
5,用途,yòng tú,cách dùng,这种材料的用途很广泛。,Zhè zhǒng cáiliào de yòngtú hěn guǎngfàn.,Loại vật liệu này có rất nhiều công dụng.
5,优惠,yōu huì,ưu đãi,商店提供了很多优惠。,Shāngdiàn tígōng le hěn duō yōuhuì.,Cửa hàng cung cấp rất nhiều ưu đãi.
5,优美,yōu měi,"trang nhã, thanh lịch, thanh nhã, đẹp, xinh xắn",这个地方的风景非常优美。,Zhège dìfāng de fēngjǐng fēicháng yōuměi.,Phong cảnh ở nơi này rất đẹp.
5,优势,yōu shì,ưu thế,这个产品有很大的市场优势。,Zhège chǎnpǐn yǒu hěn dà de shìchǎng yōushì.,Sản phẩm này có lợi thế lớn trên thị trường.
5,悠久,yōu jiǔ,lâu đời,这是一个历史悠久的城市。,Zhè shì yīgè lìshǐ yōujiǔ de chéngshì.,Đây là một thành phố có lịch sử lâu đời.
5,犹豫,yóu yù,do dự,他在做决定时总是犹豫不决。,Tā zài zuò juédìng shí zǒngshì yóuyù bù jué.,Anh ấy luôn do dự khi đưa ra quyết định.
5,油炸,yóu zhá,chiên giòn,我喜欢吃油炸食品。,Wǒ xǐhuān chī yóuzhá shípǐn.,Tôi thích ăn các món chiên rán.
5,游览,yóu lǎn,"du ngoạn, thưởng ngoạn",他们计划在假期游览长城。,Tāmen jìhuà zài jiàqī yóulǎn Chángchéng.,Họ dự định tham quan Vạn Lý Trường Thành trong kỳ nghỉ.
5,有利,yǒu lì,có lợi,这个计划对我们非常有利。,Zhège jìhuà duì wǒmen fēicháng yǒulì.,Kế hoạch này rất có lợi cho chúng tôi.
5,幼儿园,yòu ér yuán,nhà trẻ,孩子们在幼儿园玩得很开心。,Háizimen zài yòu'éryuán wán dé hěn kāixīn.,Các em nhỏ chơi đùa rất vui vẻ ở trường mẫu giáo.
5,娱乐,yú lè,giải trí,电影是最受欢迎的娱乐方式之一。,Diànyǐng shì zuì shòu huānyíng de yúlè fāngshì zhī yī.,Điện ảnh là một trong những hình thức giải trí phổ biến nhất.
5,与其,yǔ qí,thay vì,与其抱怨，不如努力工作。,"Yǔqí bàoyuàn, bùrú nǔlì gōngzuò.","Thay vì than phiền, hãy làm việc chăm chỉ."
5,语气,yǔ qì,ngữ khí,他的语气有点严肃。,Tā de yǔqì yǒudiǎn yánsù.,Giọng điệu của anh ấy có hơi nghiêm túc.
5,玉米,yù mǐ,ngô,这片玉米非常甜。,Zhè piàn yùmǐ fēicháng tián.,Bắp ngô này rất ngọt.
5,预报,yù bào,dự báo,天气预报说明天有雨。,Tiānqì yùbào shuō míngtiān yǒu yǔ.,Dự báo thời tiết nói rằng ngày mai sẽ có mưa.
5,预订,yù dìng,"đặt trước, dự định trước",我们已经预订了今晚的餐厅。,Wǒmen yǐjīng yùdìng le jīn wǎn de cāntīng.,Chúng tôi đã đặt trước nhà hàng cho tối nay.
5,预防,yù fáng,"phòng, phòng chống",预防胜于治疗。,Yùfáng shèng yú zhìliáo.,Phòng bệnh hơn chữa bệnh.
5,元旦,yuán dàn,nguyên đán,元旦是新年的第一天。,Yuándàn shì xīnnián de dì yī tiān.,Ngày đầu năm mới là ngày mồng một.
5,员工,yuán gōng,nhân công,公司需要招聘新的员工。,Gōngsī xūyào zhāopìn xīn de yuángōng.,Công ty cần tuyển dụng nhân viên mới.
5,原料,yuán liào,nguyên liệu,这道菜的原料很新鲜。,Zhè dào cài de yuánliào hěn xīnxiān.,Nguyên liệu của món ăn này rất tươi.
5,原则,yuán zé,nguyên tắc,我们需要遵守基本原则。,Wǒmen xūyào zūnshǒu jīběn yuánzé.,Chúng ta cần tuân thủ các nguyên tắc cơ bản.
5,圆,yuán,hình tròn,这张桌子是圆形的。,Zhè zhāng zhuōzi shì yuánxíng de.,Cái bàn này có hình tròn.
5,愿望,yuàn wàng,nguyện vọng,我们的愿望是世界和平。,Wǒmen de yuànwàng shì shìjiè hépíng.,Nguyện vọng của chúng tôi là hòa bình thế giới.
5,乐器,yuè qì,nhạc cụ,她能演奏多种乐器。,Tā néng yǎnzòu duō zhǒng yuèqì.,Cô ấy có thể chơi nhiều loại nhạc cụ.
5,晕,yūn,say (xe),他因为晕车而感到不适。,Tā yīnwèi yūnchē ér gǎndào bùshì.,Anh ấy cảm thấy không khỏe vì say xe.
5,运气,yùn qì,vận may,最近他的运气很好。,Zuìjìn tā de yùnqì hěn hǎo.,Gần đây vận may của anh ấy rất tốt.
5,运输,yùn shū,vận tải,这家公司专注于货物运输。,Zhè jiā gōngsī zhuānzhù yú huòwù yùnshū.,Công ty này chuyên về vận chuyển hàng hóa.
5,运用,yùn yòng,vận dụng,这个方法可以运用在不同的情况中。,Zhège fāngfǎ kěyǐ yùnyòng zài bùtóng de qíngkuàng zhōng.,Phương pháp này có thể áp dụng trong các tình huống khác nhau.
5,灾害,zāi hài,thiên tai,这次的灾害造成了很多损失。,Zhè cì de zāihài zàochéngle hěn duō sǔnshī.,Thảm họa lần này đã gây ra nhiều thiệt hại.
5,再三,zài sān,hết lần này đến lần khác,我们需要再三考虑这个问题。,Wǒmen xūyào zàisān kǎolǜ zhège wèntí.,Chúng ta cần cân nhắc vấn đề này nhiều lần.
5,在乎,zài hū,để ý,我非常在乎你的感受。,Wǒ fēicháng zàihu nǐ de gǎnshòu.,Tôi rất quan tâm đến cảm xúc của bạn.
5,在于,zài yú,ở chỗ,关键在于如何处理这个问题。,Guānjiàn zàiyú rúhé chǔlǐ zhège wèntí.,Điểm quan trọng nằm ở cách xử lý vấn đề này.
5,赞成,zàn chéng,tán thành,我完全赞成你的观点。,Wǒ wánquán zànchéng nǐ de guāndiǎn.,Tôi hoàn toàn đồng ý với quan điểm của bạn.
5,赞美,zàn měi,ca tụng,他常常赞美别人的工作。,Tā chángcháng zànměi biérén de gōngzuò.,Anh ấy thường khen ngợi công việc của người khác.
5,糟糕,zāo gāo,tồi tệ,这个地方的情况非常糟糕。,Zhège dìfāng de qíngkuàng fēicháng zāogāo.,Tình hình ở nơi này rất tồi tệ.
5,造成,zào chéng,gây nên,这次事故造成了严重的伤害。,Zhè cì shìgù zàochéngle yánzhòng de shānghài.,Tai nạn này đã gây ra những tổn thương nghiêm trọng.
5,则,zé,nhưng,这个任务很难完成，他则不觉得。,"Zhège rènwù hěn nán wánchéng, tā zé bù juéde.","Nhiệm vụ này rất khó hoàn thành, nhưng anh ấy lại không nghĩ vậy."
5,责备,zé bèi,trách cứ,她责备自己没有做好工作。,Tā zébèi zìjǐ méiyǒu zuò hǎo gōngzuò.,Cô ấy tự trách mình không hoàn thành công việc tốt.
5,摘,zhāi,hái,我们要摘一些水果。,Wǒmen yào zhāi yīxiē shuǐguǒ.,Chúng ta cần hái một số trái cây.
5,窄,zhǎi,hẹp,这条路很窄，车子不能通过。,"Zhè tiáo lù hěn zhǎi, chēzi bùnéng tōngguò.","Con đường này rất hẹp, xe không thể đi qua được."
5,粘贴,zhān tiē,"dính, dán",请将这张纸粘贴在墙上。,Qǐng jiāng zhè zhāng zhǐ niántiē zài qiáng shàng.,Xin hãy dán tờ giấy này lên tường.
5,展开,zhǎn kāi,"xòe ra, triển khai",我们需要展开新的计划。,Wǒmen xūyào zhǎnkāi xīn de jìhuà.,Chúng ta cần triển khai kế hoạch mới.
5,展览,zhǎn lǎn,triển lãm,这个展览吸引了很多游客。,Zhège zhǎnlǎn xīyǐnle hěn duō yóukè.,Triển lãm này thu hút nhiều du khách.
5,占,zhàn,chiếm,这个地区占据了很大的面积。,Zhège dìqū zhànjùle hěn dà de miànjī.,Khu vực này chiếm một diện tích rất lớn.
5,战争,zhàn zhēng,chiến tranh,战争给人民带来了巨大的痛苦。,Zhànzhēng gěi rénmín dàiláile jùdà de tòngkǔ.,Chiến tranh đã mang lại nỗi đau lớn cho nhân dân.
5,长辈,zhǎng bèi,tiền bối,我们应该尊敬长辈。,Wǒmen yīnggāi zūnjìng zhǎngbèi.,Chúng ta nên kính trọng người lớn tuổi.
5,涨,zhàng,"tăng lên (giá cả, lương)",价格上涨了很多。,Jiàgé zhǎngle hěn duō.,Giá đã tăng rất nhiều.
5,掌握,zhǎng wò,nắm vững,他掌握了这门技能。,Tā zhǎngwòle zhè mén jìnéng.,Anh ấy đã nắm vững kỹ năng này.
5,账户,zhàng hù,tài khoản,请在账户上写下你的名字。,Qǐng zài zhànghù shàng xiě xià nǐ de míngzì.,Xin hãy viết tên của bạn trên tài khoản.
5,招待,zhāo dài,chiêu đãi,我们将在晚会上招待客人。,Wǒmen jiāng zài wǎnhuì shàng zhāodài kèrén.,Chúng tôi sẽ tiếp đãi khách mời tại bữa tiệc tối.
5,着火,zháo huǒ,"bắt lửa, bén lửa",火灾导致了房屋的严重损毁。,Huǒzāi dǎozhìle fángwū de yánzhòng sǔnhuǐ.,Hỏa hoạn đã gây ra sự hủy hoại nghiêm trọng cho ngôi nhà.
5,着凉,zháo liáng,nhiễm lạnh,他感冒了，结果着凉了。,"Tā gǎnmào le, jiéguǒ zháoliáng le.",Anh ấy bị cảm và kết quả là bị lạnh.
5,召开,zhào kāi,triệu tập (cuộc họp),我们将在下周召开会议。,Wǒmen jiāng zài xià zhōu zhàokāi huìyì.,Chúng tôi sẽ tổ chức cuộc họp vào tuần sau.
5,照常,zhào cháng,như thường lệ,今天的工作会照常进行。,Jīntiān de gōngzuò huì zhàocháng jìnxíng.,Công việc hôm nay sẽ diễn ra như bình thường.
5,哲学,zhé xué,triết học,哲学是一门探讨人生和宇宙的学科。,Zhéxué shì yī mén tàntǎo rénshēng hé yǔzhòu de xuékē.,Triết học là một ngành học nghiên cứu về cuộc sống và vũ trụ.
5,针对,zhēn duì,"nhằm (tổ chức, người, vấn đề)",我们需要针对这个问题制定解决方案。,Wǒmen xūyào zhēnduì zhège wèntí zhìdìng jiějué fāng'àn.,Chúng ta cần lập kế hoạch giải quyết vấn đề này.
5,珍惜,zhēn xī,trân trọng,我们应该珍惜每一刻时光。,Wǒmen yīnggāi zhēnxī měi yī kè shíguāng.,Chúng ta nên trân trọng từng khoảnh khắc.
5,真实,zhēn shí,chân thực,他说的是事实，非常真实。,"Tā shuō de shì shìshí, fēicháng zhēnshí.","Những gì anh ấy nói là sự thật, rất chân thật.
"
5,诊断,zhěn duàn,chẩn đoán,医生正在进行诊断。,Yīshēng zhèngzài jìnxíng zhěnduàn.,Bác sĩ đang tiến hành chẩn đoán.
5,阵,zhèn,"trận (chiến đấu, chiến tranh), khoảng thời gian, mùi hương",阵雨可能在下午来临。,Zhènyǔ kěnéng zài xiàwǔ láilín.,Mưa rào có thể đến vào buổi chiều.
5,振动,zhèn dòng,trấn động,手机的震动声打断了会议。,Shǒujī de zhèndòng shēng dǎduànle huìyì.,Tiếng rung của điện thoại đã làm gián đoạn cuộc họp.
5,争论,zhēng lùn,tranh luận,关于这个问题，有很多争论。,"Guānyú zhège wèntí, yǒu hěn duō zhēnglùn.","Về vấn đề này, có rất nhiều tranh cãi."
5,争取,zhēng qǔ,"tranh thủ (ủng hộ, ý kiến)",我们要争取更多的机会。,Wǒmen yào zhēngqǔ gèng duō de jīhuì.,Chúng ta phải cố gắng giành thêm nhiều cơ hội hơn.
5,征求,zhēng qiú,"trưng cầu (ý kiến, ý kiến phản hồi), xin (ý kiến lãnh đạo, đồng ý)",我们征求了大家的意见。,Wǒmen zhēngqiúle dàjiā de yìjiàn.,Chúng tôi đã thu thập ý kiến của mọi người.
5,睁,zhēng,"mở to mắt, trợn mắt",请睁开眼睛看清楚。,Qǐng zhēng kāi yǎnjīng kàn qīngchǔ.,Xin hãy mở mắt ra để nhìn rõ.
5,整个,zhěng gè,"cả, toàn bộ",整个城市都被雪覆盖了。,Zhěnggè chéngshì dōu bèi xuě fùgàile.,Toàn bộ thành phố bị bao phủ bởi tuyết.
5,整齐,zhěng qí,"gọn gàng, ngăn nắp",他的房间非常整齐。,Tā de fángjiān fēicháng zhěngqí.,Phòng của anh ấy rất gọn gàng.
5,整体,zhěng tǐ,tổng thể,我们需要考虑整体方案。,Wǒmen xūyào kǎolǜ zhěngtǐ fāng'àn.,Chúng ta cần xem xét kế hoạch tổng thể.
5,正,zhèng,đứng (trái ),这篇文章正好符合要求。,Zhè piān wénzhāng zhènghǎo fúhé yāoqiú.,Bài viết này chính xác phù hợp với yêu cầu.
5,证件,zhèng jiàn,giấy tờ,请出示你的证件。,Qǐng chūshì nǐ de zhèngjiàn.,Xin hãy xuất trình giấy tờ của bạn.
5,证据,zhèng jù,chứng cứ,我们需要提供证据来支持我们的观点。,Wǒmen xūyào tígōng zhèngjù lái zhīchí wǒmen de guāndiǎn.,Chúng ta cần cung cấp chứng cứ để hỗ trợ quan điểm của mình.
5,政府,zhèng fǔ,chính phủ,政府正在制定新的政策。,Zhèngfǔ zhèngzài zhìdìng xīn de zhèngcè.,Chính phủ đang xây dựng chính sách mới.
5,政治,zhèng zhì,chính trị,政治问题很复杂。,Zhèngzhì wèntí hěn fùzá.,Các vấn đề chính trị rất phức tạp.
5,挣,zhèng,"tranh, giành",他挣了很多钱。,Tā zhèngle hěn duō qián.,Anh ấy đã kiếm được nhiều tiền.
5,支,zhī,chiếc (lượng từ cho bút…),这支笔很好用。,Zhè zhī bǐ hěn hǎo yòng.,"Cây bút này rất dễ sử dụng.
"
5,支票,zhī piào,ngân phiếu,请把这笔支票填好。,Qǐng bǎ zhè bǐ zhīpiào tián hǎo.,Xin hãy điền vào tờ séc này.
5,执照,zhí zhào,giấy phép,这个执照是有效的。,Zhège zhízhào shì yǒuxiào de.,Giấy phép này là hợp lệ.
5,直,zhí,thẳng,这条路很直。,Zhè tiáo lù hěn zhí.,Con đường này rất thẳng.
5,指导,zhǐ dǎo,chỉ đạo,经理将指导你完成任务。,Jīnglǐ jiāng zhǐdǎo nǐ wánchéng rènwù.,Quản lý sẽ hướng dẫn bạn hoàn thành nhiệm vụ.
5,指挥,zhǐ huī,chỉ huy,指挥家正在指挥乐团演奏。,Zhǐhuī jiā zhèngzài zhǐhuī yuètuán yǎnzòu.,Nhạc trưởng đang chỉ huy dàn nhạc biểu diễn.
5,至今,zhì jīn,đến nay,他至今还记得那个瞬间。,Tā zhìjīn hái jìdé nàgè shùnjiān.,Anh ấy đến giờ vẫn nhớ khoảnh khắc đó.
5,至于,zhì yú,còn như…..,这件事情至于你能否参加会议。,Zhè jiàn shìqíng zhìyú nǐ néngfǒu cānjiā huìyì.,Vấn đề này phụ thuộc vào việc bạn có thể tham dự cuộc họp không.
5,志愿者,zhì yuàn zhě,tình nguyện viên,她是一个热心的志愿者。,Tā shì yīgè rèxīn de zhìyuànzhě.,Cô ấy là một tình nguyện viên nhiệt tình.
5,制定,zhì dìng,"lập ra, thiết lập, xây dựng, lập (chính sách, qui định, kế hoạch, sách lược, phương án)",我们需要制定详细的计划。,Wǒmen xūyào zhìdìng xiángxì de jìhuà.,Chúng ta cần lập kế hoạch chi tiết.
5,制度,zhì dù,"chế độ, chính sách",这个制度需要改进。,Zhège zhìdù xūyào gǎijìn.,Hệ thống này cần được cải thiện.
5,制造,zhì zào,sản xuất,这家公司专注于制造电子产品。,Zhè jiā gōngsī zhuānzhù yú zhìzào diànzǐ chǎnpǐn.,Công ty này chuyên về sản xuất các sản phẩm điện tử.
5,制作,zhì zuò,"làm, chế tạo",我们正在制作一个新的视频。,Wǒmen zhèngzài zhìzuò yīgè xīn de shìpín.,Chúng tôi đang sản xuất một video mới.
5,治疗,zhì liáo,điều trị,这个药可以治疗你的病。,Zhège yào kěyǐ zhìliáo nǐ de bìng.,Thuốc này có thể chữa trị bệnh của bạn.
5,秩序,zhì xù,trật tự,维持社会的秩序很重要。,Wéichí shèhuì de zhìxù hěn zhòngyào.,Duy trì trật tự xã hội rất quan trọng.
5,智慧,zhì huì,trí tuệ,他以智慧解决了这个难题。,Tā yǐ zhìhuì jiějuéle zhège nántí.,Anh ấy đã giải quyết vấn đề khó khăn bằng trí tuệ.
5,中介,zhōng jiè,"môi giới, trung gian",他是一个有经验的中介。,Tā shì yīgè yǒu jīngyàn de zhōngjiè.,Anh ấy là một trung gian có kinh nghiệm.
5,中心,zhōng xīn,trung tâm,这个中心的服务很到位。,Zhège zhōngxīn de fúwù hěn dào wèi.,Dịch vụ của trung tâm này rất tốt.
5,中旬,zhōng xún,trung tuần,会议将在中旬举行。,Huìyì jiāng zài zhōngxún jǔxíng.,Cuộc họp sẽ diễn ra vào giữa tháng.
5,种类,zhǒng lèi,chủng loại,这家超市有很多种类的商品。,Zhè jiā chāoshì yǒu hěn duō zhǒnglèi de shāngpǐn.,Siêu thị này có nhiều loại hàng hóa khác nhau.
5,重大,zhòng dà,"trọng đại, lớn",这是一个重大项目。,Zhè shì yīgè zhòngdà xiàngmù.,Đây là một dự án quan trọng.
5,重量,zhòng liàng,trọng lượng,这个箱子的重量很大。,Zhège xiāngzi de zhòngliàng hěn dà.,Trọng lượng của cái hộp này rất nặng.
5,周到,zhōu dào,chu đáo,她对每一件事情都考虑得很周到。,Tā duì měi yī jiàn shìqíng dōu kǎolǜ dé hěn zhōudào.,Cô ấy xem xét mọi việc rất chu đáo.
5,猪,zhū,con lợn,那只猪非常肥胖。,Nà zhī zhū fēicháng féipàng.,Con heo đó rất béo.
5,竹子,zhú zi,cây trúc,竹子是一种非常有用的植物。,Zhúzi shì yī zhǒng fēicháng yǒuyòng de zhíwù.,Tre là một loại cây rất hữu ích.
5,逐步,zhú bù,từng bước,他们的计划是逐步实施的。,Tāmen de jìhuà shì zhúbù shíshī de.,Kế hoạch của họ sẽ được thực hiện từng bước.
5,逐渐,zhú jiàn,dần dần,这个问题会逐渐解决的。,Zhège wèntí huì zhújiàn jiějué de.,Vấn đề này sẽ được giải quyết dần dần.
5,主持,zhǔ chí,"dẫn (chương trình),",主持人正在主持会议。,Zhǔchí rén zhèngzài zhǔchí huìyì.,Người dẫn chương trình đang điều hành cuộc họp.
5,主动,zhǔ dòng,chủ động,她总是主动帮助别人。,Tā zǒng shì zhǔdòng bāngzhù biérén.,Cô ấy luôn chủ động giúp đỡ người khác.
5,主观,zhǔ guān,chủ quan,这是一个主观的问题。,Zhè shì yīgè zhǔguān de wèntí.,Đây là một vấn đề chủ quan.
5,主人,zhǔ rén,chủ nhân,这位先生是我们的主人。,Zhè wèi xiānshēng shì wǒmen de zhǔrén.,Người đàn ông này là chủ của chúng tôi.
5,主任,zhǔ rèn,chủ nhiệm,他是这个项目的主任。,Tā shì zhège xiàngmù de zhǔrèn.,Anh ấy là trưởng dự án này.
5,主题,zhǔ tí,chủ đề,主题是环保。,Zhǔtí shì huánbǎo.,Chủ đề là bảo vệ môi trường.
5,主席,zhǔ xí,chủ tịch,主席正在发言。,Zhǔxí zhèngzài fāyán.,Chủ tịch đang phát biểu.
5,主张,zhǔ zhāng,"ý tưởng, ý kiến",我们主张保护环境。,Wǒmen zhǔzhāng bǎohù huánjìng.,Chúng tôi chủ trương bảo vệ môi trường.
5,煮,zhǔ,"luộc, đun",我们需要煮一些水。,Wǒmen xūyào zhǔ yīxiē shuǐ.,Chúng ta cần đun sôi một ít nước.
5,注册,zhù cè,đăng kí,请注册你的账户。,Qǐng zhùcè nǐ de zhànghù.,Xin hãy đăng ký tài khoản của bạn.
5,祝福,zhù fú,chúc phúc,我祝福你们幸福快乐。,Wǒ zhùfú nǐmen xìngfú kuàilè.,Tôi chúc các bạn hạnh phúc và vui vẻ.
5,抓,zhuā,"bắt, véo",他用力抓住了绳子。,Tā yòng lì zhuāzhùle shéngzi.,Anh ấy nắm chặt sợi dây.
5,抓紧,zhuā jǐn,"(tay) nắm chắc, tranh thủ (thời gian)",请抓紧时间完成任务。,Qǐng zhuā jǐn shíjiān wánchéng rènwù.,Xin hãy tranh thủ thời gian để hoàn thành nhiệm vụ.
5,专家,zhuān jiā,chuyên gia,他是一位专家。,Tā shì yī wèi zhuānjiā.,Anh ấy là một chuyên gia.
5,专心,zhuān xīn,chuyên tâm,你要专心听讲。,Nǐ yào zhuānxīn tīng jiǎng.,Bạn cần tập trung nghe giảng.
5,转变,zhuǎn biàn,chuyển biến,这次转变对公司很重要。,Zhè cì zhuǎnbiàn duì gōngsī hěn zhòngyào.,Sự thay đổi lần này rất quan trọng đối với công ty.
5,转告,zhuǎn gào,chuyển lời,我会把这个消息转告给你。,Wǒ huì bǎ zhège xiāoxī zhuǎngào gěi nǐ.,Tôi sẽ chuyển thông tin này cho bạn.
5,装,zhuāng,"đựng, chứa",她正在装行李。,Tā zhèngzài zhuāng xínglǐ.,"Cô ấy đang đóng gói hành lý.
"
5,装饰,zhuāng shì,"trang hoàng, trang trí",她在房间里做了很多装饰。,Tā zài fángjiān lǐ zuòle hěn duō zhuāngshì.,Cô ấy đã làm rất nhiều trang trí trong phòng.
5,装修,zhuāng xiū,sửa nội thất,我们正在装修房子。,Wǒmen zhèngzài zhuāngxiū fángzi.,Chúng tôi đang sửa sang căn nhà.
5,状况,zhuàng kuàng,tình trạng,他的健康状况很好。,Tā de jiànkāng zhuàngkuàng hěn hǎo.,Tình trạng sức khỏe của anh ấy rất tốt.
5,状态,zhuàng tài,trạng thái,目前的状态不是很理想。,Mùqián de zhuàngtài bù shì hěn lǐxiǎng.,Tình trạng hiện tại không được lý tưởng lắm.
5,撞,zhuàng,"va vào, đâm vào",他不小心撞到了墙。,Tā bù xiǎoxīn zhuàng dào le qiáng.,Anh ấy vô tình đâm vào tường.
5,追,zhuī,đuổi theo,他在追一辆公共汽车。,Tā zài zhuī yī liàng gōnggòng qìchē.,"Anh ấy đang đuổi theo một chiếc xe buýt.
"
5,追求,zhuī qiú,theo đuổi,她一直在追求自己的梦想。,Tā yīzhí zài zhuīqiú zìjǐ de mèngxiǎng.,Cô ấy luôn theo đuổi ước mơ của mình.
5,咨询,zī xún,tư vấn,我们需要咨询专家的意见。,Wǒmen xūyào zīxún zhuānjiā de yìjiàn.,Chúng ta cần tham khảo ý kiến của chuyên gia.
5,姿势,zī shì,tư thế,你的姿势很优雅。,Nǐ de zīshì hěn yōuyǎ.,Tư thế của bạn rất duyên dáng.
5,资格,zī gé,tư cách,这个职位需要一定的资格。,Zhège zhíwèi xūyào yīdìng de zīgé.,Vị trí này yêu cầu một số bằng cấp nhất định.
5,资金,zī jīn,vốn (tiền),我们需要更多的资金。,Wǒmen xūyào gèng duō de zījīn.,Chúng ta cần nhiều vốn hơn.
5,资料,zī liào,tư liệu,这些资料非常重要。,Zhèxiē zīliào fēicháng zhòngyào.,Những tài liệu này rất quan trọng.
5,资源,zī yuán,nguồn tài nguyên,这个国家资源丰富。,Zhège guójiā zīyuán fēngfù.,Quốc gia này có tài nguyên phong phú.
5,紫,zǐ,màu tím,她穿了一件紫色的裙子。,Tā chuānle yī jiàn zǐsè de qúnzi.,Cô ấy mặc một chiếc váy màu tím.
5,自从,zì cóng,từ khi….,自从那次事故以后，她变得很小心。,"Zìcóng nà cì shìgù yǐhòu, tā biàn dé hěn xiǎoxīn.","Kể từ sau vụ tai nạn đó, cô ấy trở nên rất cẩn thận."
5,自动,zì dòng,tự động,这个机器是自动的。,Zhège jīqì shì zìdòng de.,Cái máy này là tự động.
5,自豪,zì háo,"tự hào, kiêu ngạo",他为自己的成功感到自豪。,Tā wèi zìjǐ de chénggōng gǎndào zìháo.,Anh ấy cảm thấy tự hào về thành công của mình.
5,自觉,zì jué,tự giác,你应该自觉遵守规定。,Nǐ yīnggāi zìjué zūnshǒu guīdìng.,Bạn nên tự giác tuân thủ các quy định.
5,自私,zì sī,ích kỉ,他有点儿自私。,Tā yǒudiǎn er zìsī.,Anh ấy hơi ích kỷ.
5,自由,zì yóu,tự do,在这个国家，人们享有自由。,"Zài zhège guójiā, rénmen xiǎngyǒu zìyóu.","Ở quốc gia này, người dân có quyền tự do."
5,自愿,zì yuàn,"tình nguyện, tự nguyện",她自愿参加志愿者活动。,Tā zìyuàn cānjiā zhìyuàn zhě huódòng.,Cô ấy tình nguyện tham gia các hoạt động tình nguyện.
5,字母,zì mǔ,chữ cái,英文的字母有二十六个。,Yīngwén de zìmǔ yǒu èrshíliù gè.,Bảng chữ cái tiếng Anh có 26 chữ cái.
5,字幕,zì mù,phụ đề,电影有中文字幕。,Diànyǐng yǒu zhōngwén zìmù.,Bộ phim có phụ đề tiếng Trung.
5,综合,zōng hé,tổng hợp,这次考试的内容是综合的。,Zhè cì kǎoshì de nèiróng shì zōnghé de.,Nội dung của kỳ thi này là tổng hợp.
5,总裁,zǒng cái,giám đốc,他是公司的总裁。,Tā shì gōngsī de zǒngcái.,Anh ấy là tổng giám đốc của công ty.
5,总共,zǒng gòng,tổng cộng,总共需要三天完成这个任务。,Zǒnggòng xūyào sān tiān wánchéng zhège rènwù.,Tổng cộng cần ba ngày để hoàn thành nhiệm vụ này.
5,总理,zǒng lǐ,thủ tướng,总理发表了讲话。,Zǒnglǐ fābiǎole jiǎnghuà.,Thủ tướng đã phát biểu.
5,总算,zǒng suàn,rốt cuộc,他总算找到了工作。,Tā zǒngsuàn zhǎodàole gōngzuò.,Cuối cùng anh ấy đã tìm được công việc.
5,总统,zǒng tǒng,tổng thống,总统今天将发表演讲。,Zǒngtǒng jīntiān jiāng fābiǎo yǎnjiǎng.,Tổng thống sẽ phát biểu hôm nay.
5,总之,zǒng zhī,tóm lại,总之，我们要好好努力。,"Zǒngzhī, wǒmen yào hǎohǎo nǔlì.","Nói chung, chúng ta phải nỗ lực làm việc tốt."
5,阻止,zǔ zhī,"ngăn chặn, ngăn cản",他们试图阻止这项计划。,Tāmen shìtú zǔzhǐ zhè xiàng jìhuà.,Họ đã cố gắng ngăn chặn kế hoạch này.
5,组,zǔ,"tổ, cụm, nhóm",我们组成了一个团队。,Wǒmen zǔchéngle yī gè tuánduì.,"Chúng tôi đã thành lập một đội.
"
5,组成,zǔ chéng,tổ thành,这两个部分组成了一个整体。,Zhè liǎng gè bùfen zǔchéngle yīgè zhěngtǐ.,Hai phần này tạo thành một tổng thể.
5,组合,zǔ hé,"tổ hợp, tổ hợp thành, nhóm",我们需要一个合理的组合。,Wǒmen xūyào yīgè hélǐ de zǔhé.,Chúng ta cần một sự kết hợp hợp lý.
5,组织,zǔ zhī,tổ chức,他们组织了一个大型活动。,Tāmen zǔzhīle yīgè dàxíng huódòng.,Họ đã tổ chức một sự kiện lớn.
5,最初,zuì chū,ban đầu,这是最初的设计方案。,Zhè shì zuìchū de shèjì fāng'àn.,Đây là kế hoạch thiết kế ban đầu.
5,醉,zuì,"say, say đắm",他喝酒后会很容易醉。,Tā hējiǔ hòu huì hěn róngyì zuì.,Anh ấy dễ say sau khi uống rượu.
5,尊敬,zūn jìng,"tôn kính, kính trọng",我们应该尊敬每一个人。,Wǒmen yīnggāi zūnjìng měi yīgè rén.,Chúng ta nên tôn trọng mỗi người.
5,遵守,zūn shǒu,tuân thủ,请遵守交通规则。,Qǐng zūnshǒu jiāotōng guīzé.,Xin hãy tuân thủ các quy tắc giao thông.
5,作品,zuò pǐn,tác phẩm,这部小说是他的最新作品。,Zhè bù xiǎoshuō shì tā de zuìxīn zuòpǐn.,Cuốn tiểu thuyết này là tác phẩm mới nhất của anh ấy.
5,作为,zuò wéi,"coi là, làm, là",作为老师，他很有责任心。,"Zuòwéi lǎoshī, tā hěn yǒu zérèn xīn.","Với tư cách là giáo viên, anh ấy rất có trách nhiệm."
5,作文,zuò wén,bài viết,我们需要写一篇作文。,Wǒmen xūyào xiě yī piān zuòwén.,Chúng ta cần viết một bài văn.
