Level,Từ mới,Phiên âm,Giải thích,Ví dụ (chữ hán),Phiên âm ví dụ,Dịch
6,哎哟,āi yōu,ái chà,哎哟，这个问题真是让人头疼。,"āiyō, zhè gè wèntí zhēn shì ràng rén tóuténg.","Ôi chao, vấn đề này thật là nhức đầu."
6,挨,ái,"chịu đựng, bị",他每天都要挨饿。,tā měitiān dōu yào āi è.,Anh ấy phải chịu đói mỗi ngày.
6,癌症,ái zhèng,ung thư,她不幸患上了癌症。,tā bùxìng huàn shàng le áizhèng.,Cô ấy không may mắc bệnh ung thư.
6,爱不释手,ài bù shì shǒu,yêu không rời tay,这本书让他爱不释手。,zhè běn shū ràng tā àibùshìshǒu.,Cuốn sách này làm anh ấy không thể rời tay.
6,爱戴,ài dài,"yêu mến, kính trọng",他深受大家的爱戴。,tā shēn shòu dàjiā de àidài.,Anh ấy được mọi người yêu mến.
6,暧昧,ài mèi,"mập mờ, không rõ ràng",他们之间的关系有点暧昧。,tāmen zhījiān de guānxì yǒu diǎn àimèi.,Mối quan hệ giữa họ có chút mờ ám.
6,安居乐业,ān jū lè yè,an cư lạc nghiệp,他们在这里安居乐业。,tāmen zài zhèlǐ ānjūlèyè.,Họ sống an cư lạc nghiệp ở đây.
6,安宁,ān níng,yên bình,她喜欢安宁的生活。,tā xǐhuān ānníng de shēnghuó.,Cô ấy thích cuộc sống yên bình.
6,安详,ān xiáng,"bình thản, điềm tĩnh",他总是表现得很安详。,tā zǒng shì biǎoxiàn de hěn ānxiáng.,Anh ấy luôn tỏ ra rất điềm tĩnh.
6,安置,ān zhì,"sắp xếp, bố trí",我们需要为他们安置住房。,wǒmen xūyào wèi tāmen ānzhì zhùfáng.,Chúng ta cần sắp xếp chỗ ở cho họ.
6,案件,àn jiàn,vụ án,这个案件非常复杂。,zhè gè ànjiàn fēicháng fùzá.,Vụ án này rất phức tạp.
6,案例,àn lì,"trường hợp, ví dụ",这个案例很有参考价值。,zhè gè ànlì hěn yǒu cānkǎo jiàzhí.,Trường hợp này rất có giá trị tham khảo.
6,按摩,àn mó,mát xa,她每周都会去按摩。,tā měi zhōu dū huì qù ànmó.,Cô ấy đi mát-xa mỗi tuần.
6,暗示,àn shì,"ám hiệu, gợi ý",他暗示我应该努力工作。,tā ànshì wǒ yīnggāi nǔlì gōngzuò.,Anh ấy gợi ý tôi nên làm việc chăm chỉ.
6,昂贵,áng guì,đắt đỏ,这块手表非常昂贵。,zhè kuài shǒubiǎo fēicháng ángguì.,Chiếc đồng hồ này rất đắt tiền.
6,凹凸,āo tū,lồi lõm,这条路很凹凸不平。,zhè tiáo lù hěn āotū bù píng.,Con đường này rất gồ ghề.
6,熬,áo,"nấu, chịu đựng",她在厨房里熬了整夜。,tā zài chúfáng lǐ áo le zhěng yè.,Cô ấy đã nấu nướng cả đêm trong bếp.
6,奥秘,ào mì,"bí mật, huyền bí",这个问题充满了奥秘。,zhè gè wèntí chōngmǎn le àomì.,Vấn đề này đầy bí ẩn.
6,扒,bā,"cào, móc, kéo",他用力扒开了门。,tā yònglì bā kāi le mén.,Anh ấy đã cố gắng mở cửa.
6,疤,bā,vết sẹo,他脸上的疤很明显。,tā liǎn shàng de bā hěn míngxiǎn.,Vết sẹo trên mặt anh ấy rất rõ.
6,巴不得,bā bu de,"nóng lòng, mong mỏi",我巴不得快点放假。,wǒ bābudé kuài diǎn fàngjià.,Tôi mong muốn nhanh chóng được nghỉ.
6,巴结,bā jié,"nịnh nọt, xu nịnh",他总是喜欢巴结老板。,tā zǒng shì xǐhuān bājié lǎobǎn.,Anh ấy luôn thích nịnh nọt sếp.
6,拔苗助长,bá miáo zhù zhǎng,đốt cháy giai đoạn,这样做只会拔苗助长。,zhèyàng zuò zhǐ huì bámiáozhùzhǎng.,Làm như vậy chỉ là hại nhiều hơn lợi.
6,把关,bǎ guān,"trông coi, bảo vệ",我们要严格把关质量。,wǒmen yào yángé bǎguān zhìliàng.,Chúng ta phải kiểm soát chất lượng nghiêm ngặt.
6,把手,bǎ shǒu,"tay cầm, tay nắm",这个杯子的把手坏了。,zhè gè bēizi de bǎshǒu huài le.,Tay cầm của cái cốc này bị hỏng rồi.
6,把戏,bǎ xì,"trò biểu diễn, trò ảo thuật",他总是喜欢耍把戏。,tā zǒng shì xǐhuān shuǎ bǎxì.,Anh ấy luôn thích biểu diễn trò ảo thuật.
6,霸道,bà dào,"bá đạo, hung hăng",他的性格有点霸道。,tā de xìnggé yǒu diǎn bàdào.,Tính cách của anh ấy hơi độc đoán.
6,罢工,bà gōng,đình công,工人们决定罢工。,gōngrénmen juédìng bàgōng.,Công nhân quyết định đình công.
6,掰,bāi,bẻ gãy,他用力掰开了苹果。,tā yònglì bāi kāi le píngguǒ.,Anh ấy dùng lực tách quả táo ra.
6,百分点,bǎi fēn diǎn,điểm phần trăm,他的成绩提高了百分之一。,tā de chéngjī tígāo le bǎifēnzhī yī.,Thành tích của anh ấy đã tăng lên 1%.
6,摆脱,bǎi tuō,thoát khỏi,我终于摆脱了这个麻烦。,wǒ zhōngyú bǎituō le zhè gè máfan.,Cuối cùng tôi đã thoát khỏi rắc rối này.
6,拜访,bài fǎng,thăm hỏi,我们去拜访了老朋友。,wǒmen qù bàifǎng le lǎo péngyǒu.,Chúng tôi đã đi thăm người bạn cũ.
6,败坏,bài huài,"phá hoại, làm hỏng",他的行为败坏了公司的名声。,tā de xíngwéi bàihuài le gōngsī de míngshēng.,Hành vi của anh ấy đã làm hỏng danh tiếng của công ty.
6,拜年,bài nián,chúc Tết,新年时，我们要去拜年。,"xīnnián shí, wǒmen yào qù bàinián.","Vào dịp Tết, chúng tôi phải đi chúc Tết."
6,拜托,bài tuō,nhờ vả,请你拜托他把文件送来。,qǐng nǐ bàituō tā bǎ wénjiàn sòng lái.,Xin nhờ anh ấy mang tài liệu tới.
6,颁布,bān bù,ban hành,政府颁布了新的法律。,zhèngfǔ bānbù le xīn de fǎlǜ.,Chính phủ đã ban hành luật mới.
6,颁发,bān fā,trao tặng,他们获得了奖状。,tāmen huòdé le jiǎngzhuàng.,Họ đã nhận được bằng khen.
6,斑纹,bān wén,"hoa văn, vằn",这个动物有很漂亮的斑纹。,zhè gè dòngwù yǒu hěn piàoliang de bānwén.,Con vật này có những vằn rất đẹp.
6,版本,bǎn běn,phiên bản,我们需要更新这个版本的应用程序。,wǒmen xūyào gēngxīn zhè gè bǎnběn de yìngyòng chéngxù.,Chúng ta cần cập nhật phiên bản ứng dụng này.
6,伴侣,bàn lǚ,bạn đời,他是我的最佳伴侣。,tā shì wǒ de zuìjiā bànlǚ.,Anh ấy là người bạn đồng hành tốt nhất của tôi.
6,伴随,bàn suí,"đi cùng, đi kèm",这件事总是伴随麻烦。,zhè jiàn shì zǒng shì bànsuí máfan.,Việc này luôn đi kèm với rắc rối.
6,半途而废,bàn tú ér fèi,bỏ dở giữa chừng,他总是半途而废。,tā zǒng shì bàntú'érfèi.,Anh ấy luôn bỏ cuộc giữa chừng.
6,扮演,bàn yǎn,đóng vai,他在电影中扮演了一个重要角色。,tā zài diànyǐng zhōng bànyǎn le yī gè zhòngyào juésè.,Anh ấy đóng vai một nhân vật quan trọng trong phim.
6,绑架,bǎng jià,bắt cóc,那个罪犯绑架了一个小孩。,nà gè zuìfàn bǎngjià le yī gè xiǎohái.,Tên tội phạm đã bắt cóc một đứa trẻ.
6,榜样,bǎng yàng,"tấm gương, mẫu mực",他是我们学习的榜样。,tā shì wǒmen xuéxí de bǎngyàng.,Anh ấy là tấm gương để chúng tôi học tập.
6,磅,bàng,pound (đơn vị đo lường),这个盒子重达十磅。,zhè gè hézi zhòng dá shí bàng.,Chiếc hộp này nặng tới mười cân Anh.
6,包庇,bāo bì,"che giấu, bao che",他试图包庇他的朋友。,tā shìtú bāobì tā de péngyǒu.,Anh ấy cố gắng bao che cho bạn của mình.
6,包袱,bāo fu,gánh nặng,我们需要解决这个问题的包袱。,wǒmen xūyào jiějué zhè gè wèntí de bāofu.,Chúng ta cần giải quyết gánh nặng của vấn đề này.
6,包围,bāo wéi,bao vây,敌人已经包围了城市。,dírén yǐjīng bāowéi le chéngshì.,Kẻ địch đã bao vây thành phố.
6,包装,bāo zhuāng,đóng gói,我需要包装这些礼物。,wǒ xūyào bāozhuāng zhèxiē lǐwù.,Tôi cần gói những món quà này.
6,保管,bǎo guǎn,bảo quản,请保管好你的贵重物品。,qǐng bǎoguǎn hǎo nǐ de guìzhòng wùpǐn.,Hãy giữ gìn cẩn thận những vật dụng quý giá của bạn.
6,饱和,bǎo hé,bão hòa,这个市场已经饱和了。,zhè gè shìchǎng yǐjīng bǎohé le.,Thị trường này đã bão hòa rồi.
6,饱经沧桑,bǎo jīng cāng sāng,trải qua nhiều thăng trầm,他饱经沧桑，经历了许多困难。,"tā bǎojīngcāngsāng, jīnglì le xǔduō kùnnán.",Anh ấy đã trải qua nhiều thăng trầm và khó khăn.
6,保密,bǎo mì,giữ bí mật,这个文件需要保密。,zhè gè wénjiàn xūyào bǎomì.,Tài liệu này cần được bảo mật.
6,保姆,bǎo mǔ,bảo mẫu,我请了一位保姆来照顾孩子。,wǒ qǐng le yī wèi bǎomǔ lái zhàogù háizi.,Tôi thuê một người giúp việc để chăm sóc con cái.
6,保守,bǎo shǒu,bảo thủ,他是一个非常保守的人。,tā shì yī gè fēicháng bǎoshǒu de rén.,Anh ấy là một người rất bảo thủ.
6,保卫,bǎo wèi,bảo vệ,我们要保卫我们的家园。,wǒmen yào bǎowèi wǒmen de jiāyuán.,Chúng ta phải bảo vệ quê hương của mình.
6,保养,bǎo yǎng,bảo dưỡng,她每天都花时间保养皮肤。,tā měitiān dōu huā shíjiān bǎoyǎng pífū.,Cô ấy dành thời gian chăm sóc da mỗi ngày.
6,保障,bǎo zhàng,bảo đảm,政府采取措施保障人民的安全。,zhèngfǔ cǎiqǔ cuòshī bǎozhàng rénmín de ānquán.,Chính phủ thực hiện các biện pháp để đảm bảo an toàn cho người dân.
6,保重,bǎo zhòng,bảo trọng,请保重身体。,qǐng bǎozhòng shēntǐ.,Hãy giữ gìn sức khỏe.
6,报仇,bào chóu,báo thù,他发誓要报仇。,tā fāshì yào bàochóu.,Anh ấy thề sẽ trả thù.
6,报酬,bào chóu,thù lao,他为这项工作获得了丰厚的报酬。,tā wèi zhè xiàng gōngzuò huòdé le fēnghòu de bàochóu.,Anh ấy nhận được thù lao hậu hĩnh cho công việc này.
6,报答,bào dá,báo đáp,我会努力报答你的帮助。,wǒ huì nǔlì bàodá nǐ de bāngzhù.,Tôi sẽ cố gắng đền đáp sự giúp đỡ của bạn.
6,报到,bào dào,báo danh,请明天早上九点前来报到。,qǐng míngtiān zǎoshang jiǔ diǎn qián lái bàodào.,Xin hãy đến đăng ký trước 9 giờ sáng mai.
6,爆发,bào fā,bùng phát,火山突然爆发了。,huǒshān túrán bàofā le.,Núi lửa đột nhiên phun trào.
6,报复,bào fù,báo thù,他遭到了同事的报复。,tā zāo dào le tóngshì de bàofù.,Anh ấy bị đồng nghiệp trả thù.
6,抱负,bào fù,hoài bão,他从小就有伟大的抱负。,tā cóng xiǎo jiù yǒu wěidà de bàofù.,Anh ấy có hoài bão lớn từ khi còn nhỏ.
6,曝光,bào guāng,"phơi bày, lộ diện",这件事被媒体曝光了。,zhè jiàn shì bèi méitǐ bàoguāng le.,Sự việc này đã bị phơi bày trên truyền thông.
6,暴力,bào lì,bạo lực,他使用暴力解决问题。,tā shǐyòng bàolì jiějué wèntí.,Anh ấy dùng bạo lực để giải quyết vấn đề.
6,暴露,bào lù,lộ ra,他的话让真相暴露了出来。,tā de huà ràng zhēnxiàng bàolù le chūlái.,Lời nói của anh ấy đã làm lộ ra sự thật.
6,报社,bào shè,tòa soạn báo,他在报社工作。,tā zài bàoshè gōngzuò.,Anh ấy làm việc tại tòa soạn báo.
6,报销,bào xiāo,thanh toán (chi phí),这些费用可以报销。,zhèxiē fèiyòng kěyǐ bàoxiāo.,Những chi phí này có thể được hoàn trả.
6,抱怨,bào yuàn,phàn nàn,他总是喜欢抱怨生活。,tā zǒng shì xǐhuān bàoyuàn shēnghuó.,Anh ấy luôn thích phàn nàn về cuộc sống.
6,爆炸,bào zhà,nổ,工厂发生了爆炸事故。,gōngchǎng fāshēng le bàozhà shìgù.,Nhà máy đã xảy ra tai nạn nổ.
6,悲哀,bēi āi,bi ai,他感到非常悲哀。,tā gǎndào fēicháng bēi'āi.,Anh ấy cảm thấy rất đau buồn.
6,卑鄙,bēi bǐ,đê tiện,他的行为真是卑鄙。,tā de xíngwéi zhēn shì bēibǐ.,Hành vi của anh ấy thật là hèn hạ.
6,悲惨,bēi cǎn,bi thảm,这个故事非常悲惨。,zhè gè gùshì fēicháng bēicǎn.,Câu chuyện này rất bi thảm.
6,北极,běi jí,Bắc Cực,我想去北极探险。,wǒ xiǎng qù běijí tànxiǎn.,Tôi muốn đi thám hiểm Bắc Cực.
6,被动,bèi dòng,bị động,他在会议上显得很被动。,tā zài huìyì shàng xiǎnde hěn bèidòng.,Anh ấy tỏ ra rất bị động trong cuộc họp.
6,备份,bèi fèn,sao lưu,请先做个备份，以防万一。,"qǐng xiān zuò gè bèifèn, yǐfáng wànyī.",Hãy làm bản sao lưu trước để phòng ngừa.
6,被告,bèi gào,bị cáo,被告在法庭上辩护。,bèigào zài fǎtíng shàng biànhù.,Bị cáo biện hộ tại tòa án.
6,贝壳,bèi ké,vỏ sò,沙滩上有很多美丽的贝壳。,shātān shàng yǒu hěn duō měilì de bèiké.,Trên bãi biển có rất nhiều vỏ sò đẹp.
6,背叛,bèi pàn,phản bội,他背叛了朋友的信任。,tā bèipàn le péngyǒu de xìnrèn.,Anh ấy đã phản bội niềm tin của bạn bè.
6,背诵,bèi sòng,đọc thuộc lòng,请你把这段话背诵下来。,qǐng nǐ bǎ zhè duàn huà bèisòng xiàlái.,Hãy học thuộc lòng đoạn này.
6,备忘录,bèi wàng lù,"sổ tay, sổ ghi nhớ",我写了一份备忘录。,wǒ xiě le yī fèn bèiwànglù.,Tôi đã viết một bản ghi nhớ.
6,奔波,bēn bō,"bôn ba, vất vả",他在城市和乡村之间奔波。,tā zài chéngshì hé xiāngcūn zhījiān bēnbō.,Anh ấy đi lại giữa thành phố và nông thôn.
6,奔驰,bēn chí,chạy nhanh,她开着奔驰车去上班。,tā kāi zhe bēnchí chē qù shàngbān.,Cô ấy lái xe Mercedes đi làm.
6,本能,běn néng,bản năng,这是人类的本能反应。,zhè shì rénlèi de běnnéng fǎnyìng.,Đây là phản ứng bản năng của con người.
6,本钱,běn qián,vốn,他用自己的本钱创业。,tā yòng zìjǐ de běnqián chuàngyè.,Anh ấy sử dụng vốn của mình để khởi nghiệp.
6,本人,běn rén,bản thân,本人对此事不知情。,běnrén duì cǐ shì bù zhī qíng.,Tôi (bản thân) không biết gì về việc này.
6,本身,běn shēn,bản thân,这个问题本身很复杂。,zhè gè wèntí běnshēn hěn fùzá.,Vấn đề này tự nó rất phức tạp.
6,本事,běn shì,tài năng,他有很多做事的本事。,tā yǒu hěn duō zuòshì de běnshì.,Anh ấy có nhiều tài năng để làm việc.
6,本着,běn zhe,căn cứ vào,本着公平的原则，我们做出了决定。,"běnzhe gōngpíng de yuánzé, wǒmen zuò chū le juédìng.","Dựa trên nguyên tắc công bằng, chúng tôi đã đưa ra quyết định."
6,笨拙,bèn zhuō,vụng về,他干活时显得很笨拙。,tā gànhuó shí xiǎnde hěn bènzhuō.,Anh ấy trông rất vụng về khi làm việc.
6,崩溃,bēng kuì,sụp đổ,他经历了精神上的崩溃。,tā jīnglì le jīngshén shàng de bēngkuì.,Anh ấy đã trải qua sự suy sụp tinh thần.
6,甭,béng,không cần,甭担心，一切都会好的。,"béng dānxīn, yīqiè dū huì hǎo de.","Đừng lo lắng, mọi thứ sẽ ổn thôi."
6,蹦,bèng,nhảy lên,他从椅子上蹦了起来。,tā cóng yǐzi shàng bèng le qǐlái.,Anh ấy bật dậy khỏi ghế.
6,迸发,bèng fā,bùng phát,创意的火花突然迸发出来。,chuàngyì de huǒhuā túrán bèngfā chūlái.,Ý tưởng sáng tạo bùng phát đột ngột.
6,逼迫,bī pò,ép buộc,他被迫离开了家乡。,tā bèipò líkāi le jiāxiāng.,Anh ấy bị buộc phải rời quê hương.
6,鼻涕,bí tì,nước mũi,小孩子经常流鼻涕。,xiǎo háizi jīngcháng liú bítì.,Trẻ con thường hay chảy nước mũi.
6,比方,bǐ fāng,ví dụ,比方说，你可以这样做。,"bǐfāng shuō, nǐ kěyǐ zhèyàng zuò.","Ví dụ như, bạn có thể làm thế này."
6,比喻,bǐ yù,"so sánh, ví von",他用比喻的方式来解释这个概念。,tā yòng bǐyù de fāngshì lái jiěshì zhège gàiniàn.,Anh ấy dùng phép ẩn dụ để giải thích khái niệm này.
6,比重,bǐ zhòng,tỷ trọng,这个行业在经济中的比重很大。,zhège hángyè zài jīngjì zhōng de bǐzhòng hěn dà.,Ngành này chiếm tỷ trọng lớn trong nền kinh tế.
6,臂,bì,cánh tay,他举起了手臂。,tā jǔ qǐ le shǒubì.,Anh ấy giơ cánh tay lên.
6,弊病,bì bìng,"tệ nạn, bệnh tật",我们需要解决这个系统的弊病。,wǒmen xūyào jiějué zhège xìtǒng de bìbìng.,Chúng ta cần giải quyết các khuyết điểm của hệ thống này.
6,必定,bì dìng,nhất định,他必定会成功。,tā bìdìng huì chénggōng.,Anh ấy chắc chắn sẽ thành công.
6,弊端,bì duān,"tệ nạn, sai sót",这个政策存在很多弊端。,zhège zhèngcè cúnzài hěn duō bìduān.,Chính sách này có nhiều khuyết điểm.
6,闭塞,bì sè,bế tắc,这个地区非常闭塞。,zhège dìqū fēicháng bìsè.,Khu vực này rất hẻo lánh.
6,碧玉,bì yù,ngọc bích,碧玉是一种珍贵的宝石。,bìyù shì yī zhǒng zhēnguì de bǎoshí.,Ngọc bích là một loại đá quý.
6,鞭策,biān cè,khuyến khích,老师鞭策学生努力学习。,lǎoshī biāncè xuéshēng nǔlì xuéxí.,Giáo viên thúc giục học sinh học tập chăm chỉ.
6,边疆,biān jiāng,biên cương,边疆地区风景优美。,biānjiāng dìqū fēngjǐng yōuměi.,Vùng biên cương có phong cảnh tuyệt đẹp.
6,边界,biān jiè,biên giới,这里是两国的边界。,zhèlǐ shì liǎng guó de biānjiè.,Đây là biên giới của hai nước.
6,边境,biān jìng,biên giới,我们不能越过边境。,wǒmen bùnéng yuèguò biānjìng.,Chúng ta không thể vượt qua biên giới.
6,边缘,biān yuán,vùng rìa,他站在悬崖的边缘。,tā zhàn zài xuányá de biānyuán.,Anh ấy đứng ở rìa vách đá.
6,编织,biān zhī,"đan, dệt",她喜欢编织毛衣。,tā xǐhuān biānzhī máoyī.,Cô ấy thích đan áo len.
6,扁,biǎn,"dẹp, bẹp",这个箱子有点扁。,zhège xiāngzi yǒudiǎn biǎn.,Chiếc hộp này hơi dẹp.
6,贬低,biǎn dī,"hạ thấp, đánh giá thấp",不要贬低自己的能力。,bùyào biǎndī zìjǐ de nénglì.,Đừng hạ thấp khả năng của mình.
6,贬义,biǎn yì,nghĩa xấu,这个词是贬义的。,zhège cí shì biǎnyì de.,Từ này có nghĩa xấu.
6,遍布,biàn bù,"rải rác, phân bố khắp",这座城市遍布高楼大厦。,zhè zuò chéngshì biànbù gāolóu dàshà.,Thành phố này đầy những tòa nhà cao tầng.
6,变故,biàn gù,biến cố,他的家庭经历了一次变故。,tā de jiātíng jīnglì le yīcì biàngù.,Gia đình anh ấy đã trải qua một biến cố.
6,辩护,biàn hù,biện hộ,律师为他进行辩护。,lǜshī wèi tā jìnxíng biànhù.,Luật sư biện hộ cho anh ấy.
6,辩解,biàn jiě,"giải thích, biện giải",他试图为自己的错误辩解。,tā shìtú wèi zìjǐ de cuòwù biànjiě.,Anh ấy cố gắng biện minh cho lỗi lầm của mình.
6,便利,biàn lì,tiện lợi,这里的交通很便利。,zhèlǐ de jiāotōng hěn biànlì.,Giao thông ở đây rất thuận tiện.
6,变迁,biàn qiān,biến đổi,这座城市经历了巨大的变迁。,zhè zuò chéngshì jīnglì le jùdà de biànqiān.,Thành phố này đã trải qua nhiều thay đổi lớn.
6,辨认,biàn rèn,nhận diện,我可以辨认出他的声音。,wǒ kěyǐ biànrèn chū tā de shēngyīn.,Tôi có thể nhận ra giọng nói của anh ấy.
6,便条,biàn tiáo,ghi chú,他留了一张便条给我。,tā liú le yī zhāng biàntiáo gěi wǒ.,Anh ấy để lại một mảnh giấy ghi chú cho tôi.
6,便于,biàn yú,thuận tiện cho,这种方法便于操作。,zhè zhǒng fāngfǎ biànyú cāozuò.,Cách này dễ thao tác.
6,辩证,biàn zhèng,biện chứng,我们需要辩证地看待这个问题。,wǒmen xūyào biànzhèng de kàndài zhège wèntí.,Chúng ta cần nhìn nhận vấn đề này một cách biện chứng.
6,变质,biàn zhì,biến chất,牛奶变质了，不能喝。,"niúnǎi biànzhì le, bùnéng hē.","Sữa đã hỏng, không thể uống được."
6,辫子,biàn zi,bím tóc,她的辫子很长。,tā de biànzi hěn cháng.,Tóc tết của cô ấy rất dài.
6,标本,biāo běn,mẫu vật,他是一个动物标本收藏家。,tā shì yī gè dòngwù biāoběn shōucángjiā.,Anh ấy là một nhà sưu tầm mẫu vật động vật.
6,标记,biāo jì,ký hiệu,请在地图上标记出位置。,qǐng zài dìtú shàng biāojì chū wèizhì.,Vui lòng đánh dấu vị trí trên bản đồ.
6,飙升,biāo shēng,tăng vọt,房价在短时间内飙升了。,fángjià zài duǎn shíjiān nèi biāoshēng le.,Giá nhà đã tăng vọt trong thời gian ngắn.
6,标题,biāo tí,tiêu đề,这个文章的标题很吸引人。,zhège wénzhāng de biāotí hěn xīyǐn rén.,Tiêu đề bài viết này rất thu hút.
6,表决,biǎo jué,biểu quyết,他们就此问题进行了表决。,tāmen jiù cǐ wèntí jìnxíng le biǎojué.,Họ đã bỏ phiếu về vấn đề này.
6,表态,biǎo tài,bày tỏ thái độ,他在会上表态支持这个计划。,tā zài huì shàng biǎotài zhīchí zhège jìhuà.,Anh ấy bày tỏ ủng hộ kế hoạch này trong cuộc họp.
6,表彰,biǎo zhāng,khen ngợi,他的贡献得到了表彰。,tā de gòngxiàn dédào le biǎozhāng.,Đóng góp của anh ấy đã được khen thưởng.
6,憋,biē,"nén, nhịn",我憋了一肚子话没说出来。,wǒ biē le yī dùzi huà méi shuō chūlái.,Tôi có rất nhiều điều muốn nói nhưng chưa nói ra.
6,别人,bié rén,người khác,这是别人的东西，不要随便动。,"zhè shì biérén de dōngxi, bùyào suíbiàn dòng.","Đây là đồ của người khác, đừng tùy tiện động vào."
6,别墅,bié shù,biệt thự,他们住在一栋豪华的别墅里。,tāmen zhù zài yī dòng háohuá de biéshù lǐ.,Họ sống trong một biệt thự sang trọng.
6,别致,bié zhì,độc đáo,她的穿着很别致。,tā de chuānzhuó hěn biézhì.,Cách ăn mặc của cô ấy rất độc đáo.
6,别扭,bié niu,"khó chịu, gượng gạo",他们之间的关系有些别扭。,tāmen zhījiān de guānxì yǒuxiē bièniu.,Mối quan hệ giữa họ có chút khó xử.
6,濒临,bīn lín,"cận kề, gần kề",他濒临崩溃的边缘。,tā bīnlín bēngkuì de biānyuán.,Anh ấy đang trên bờ vực sụp đổ.
6,冰雹,bīng báo,mưa đá,突然下起了冰雹。,tūrán xià qǐ le bīngbáo.,Bất ngờ có mưa đá.
6,并存,bìng cún,cùng tồn tại,他们和平并存。,tāmen hépíng bìngcún.,Họ sống chung hòa bình.
6,并非,bìng fēi,không phải là,他并非不愿意，而是没有时间。,"tā bìngfēi bù yuànyì, ér shì méiyǒu shíjiān.","Anh ấy không phải là không muốn, mà là không có thời gian."
6,并列,bìng liè,đặt song song,这些奖项并列第一。,zhèxiē jiǎngxiàng bìngliè dì yī.,Những giải thưởng này đồng hạng nhất.
6,拨打,bō dǎ,quay số điện thoại,请拨打这个电话号码。,qǐng bōdǎ zhège diànhuà hàomǎ.,Vui lòng gọi số điện thoại này.
6,播放,bō fàng,phát sóng,他们正在播放音乐。,tāmen zhèngzài bòfàng yīnyuè.,Họ đang phát nhạc.
6,波浪,bō làng,sóng,海上的波浪很大。,hǎishàng de bōlàng hěn dà.,Sóng biển rất lớn.
6,波涛汹涌,bō tāo xiōng yǒng,sóng lớn cuồn cuộn,海上的波涛汹涌。,hǎishàng de bōtāo xiōngyǒng.,Sóng biển dâng trào dữ dội.
6,剥削,bō xuē,bóc lột,他们剥削工人的劳动。,tāmen bōxuē gōngrén de láodòng.,Họ bóc lột sức lao động của công nhân.
6,播种,bō zhǒng,gieo hạt,农民在田里播种。,nóngmín zài tián lǐ bōzhǒng.,Nông dân đang gieo hạt trên đồng.
6,博大精深,bó dà jīng shēn,"uyên thâm, sâu sắc",他的知识博大精深。,tā de zhīshì bódà jīngshēn.,Kiến thức của anh ấy rộng lớn và sâu sắc.
6,搏斗,bó dòu,"đấu tranh, vật lộn",他与敌人进行了搏斗。,tā yǔ dírén jìnxíng le bódòu.,Anh ấy đã đấu tranh với kẻ thù.
6,博览会,bó lǎn huì,triển lãm,我们参加了一个博览会。,wǒmen cānjiā le yī gè bólǎnhuì.,Chúng tôi đã tham gia một hội chợ triển lãm.
6,伯母,bó mǔ,bác gái,他去看望了伯母。,tā qù kànwàng le bómǔ.,Anh ấy đi thăm bác gái.
6,薄弱,bó ruò,"yếu ớt, mỏng manh",这个计划的基础非常薄弱。,zhège jìhuà de jīchǔ fēicháng bóruò.,Nền tảng của kế hoạch này rất yếu.
6,补偿,bǔ cháng,"bù đắp, đền bù",他们对她的损失进行了补偿。,tāmen duì tā de sǔnshī jìnxíng le bǔcháng.,Họ đã bồi thường cho tổn thất của cô ấy.
6,补救,bǔ jiù,"cứu chữa, bổ cứu",我们必须找到补救的方法。,wǒmen bìxū zhǎodào bǔjiù de fāngfǎ.,Chúng ta cần tìm cách khắc phục.
6,哺乳,bǔ rǔ,"bú, nuôi bằng sữa mẹ",哺乳动物是温血动物。,bǔrǔ dòngwù shì wēn xiě dòngwù.,Động vật có vú là động vật máu nóng.
6,补贴,bǔ tiē,trợ cấp,政府对农业进行补贴。,zhèngfǔ duì nóngyè jìnxíng bǔtiē.,Chính phủ trợ cấp cho nông nghiệp.
6,捕捉,bǔ zhuō,bắt giữ,我们需要捕捉这个机会。,wǒmen xūyào bǔzhuō zhège jīhuì.,Chúng ta cần nắm bắt cơ hội này.
6,不得已,bù dé yǐ,bất đắc dĩ,他是不得已才离开的。,tā shì bùdéyǐ cái líkāi de.,Anh ấy rời đi vì không có lựa chọn nào khác.
6,步伐,bù fá,"bước đi, nhịp đi",他迈出了坚定的步伐。,tā màichū le jiāndìng de bùfá.,Anh ấy bước những bước đi vững chắc.
6,不妨,bù fáng,"không ngại, có thể",不妨试试这种方法。,bùfáng shìshì zhè zhǒng fāngfǎ.,Bạn có thể thử phương pháp này.
6,不敢当,bù gǎn dāng,không dám nhận,你不敢当我这么称赞你。,nǐ bùgǎndāng wǒ zhème chēngzàn nǐ.,Bạn không xứng đáng với lời khen của tôi.
6,布告,bù gào,thông báo,学校发布了一份布告。,xuéxiào fābù le yī fèn bùgào.,Nhà trường đã đưa ra một thông báo.
6,不顾,bù gù,không quan tâm,他不顾一切地追求梦想。,tā bùgù yīqiè de zhuīqiú mèngxiǎng.,Anh ấy theo đuổi ước mơ mà không màng đến gì.
6,不禁,bù jīn,không nhịn được,听到这个消息，她不禁流下了眼泪。,"tīngdào zhège xiāoxi, tā bùjīn liúxià le yǎnlèi.","Nghe tin này, cô ấy không kìm được nước mắt."
6,布局,bù jú,bố trí,我们需要合理布局。,wǒmen xūyào hélǐ bùjú.,Chúng ta cần bố trí hợp lý.
6,不堪,bù kān,không thể chịu nổi,这个地方脏得不堪入目。,zhège dìfāng zàng de bùkān rù mù.,Nơi này bẩn đến mức không thể nhìn vào được.
6,不可思议,bù kě sī yì,không thể tưởng tượng,这个结果让人不可思议。,zhège jiéguǒ ràng rén bùkě sīyì.,Kết quả này thật khó tin.
6,不愧,bù kuì,không hổ thẹn,他不愧是我们心中的英雄。,tā bùkuì shì wǒmen xīnzhōng de yīngxióng.,Anh ấy xứng đáng là người anh hùng trong lòng chúng tôi.
6,不料,bù liào,không ngờ,他不料会遇到这样的困难。,tā bùliào huì yùdào zhèyàng de kùnnán.,Anh ấy không ngờ sẽ gặp khó khăn như vậy.
6,不时,bù shí,thỉnh thoảng,他不时地看表。,tā bùshí de kàn biǎo.,Anh ấy thỉnh thoảng nhìn đồng hồ.
6,部署,bù shǔ,bố trí,我们正在进行详细的部署。,wǒmen zhèngzài jìnxíng xiángxì de bùshǔ.,Chúng tôi đang triển khai chi tiết.
6,部位,bù wèi,"bộ phận, vị trí",这个部位需要特别保护。,zhège bùwèi xūyào tèbié bǎohù.,Vị trí này cần được bảo vệ đặc biệt.
6,不惜,bù xī,"không tiếc, không ngại",我们不惜任何代价完成任务。,wǒmen bùxī rènhé dàijià wánchéng rènwù.,Chúng tôi không tiếc bất kỳ giá nào để hoàn thành nhiệm vụ.
6,不相上下,bù xiāng shàng xià,không phân cao thấp,他们的水平不相上下。,tāmen de shuǐpíng bùxiāngshàngxià.,Trình độ của họ tương đương nhau.
6,不像话,bù xiàng huà,"không ra gì, kỳ cục",他的行为真不像话。,tā de xíngwéi zhēn bù xiàng huà.,Hành vi của anh ấy thật không thể chấp nhận được.
6,不屑一顾,bù xiè yí gù,không thèm ngó tới,他对别人的批评不屑一顾。,tā duì biérén de pīpíng bùxiè yī gù.,Anh ấy coi thường những lời chỉ trích của người khác.
6,不言而喻,bù yán ér yù,không cần nói cũng hiểu,这个问题不言而喻。,zhège wèntí bù yán ér yù.,Vấn đề này rõ ràng mà không cần nói.
6,不由得,bù yóu de,không kìm được,她不由得笑了起来。,tā bùyóude xiào le qǐlái.,Cô ấy không thể nhịn cười.
6,不择手段,bù zé shǒu duàn,không từ thủ đoạn,他为了成功不择手段。,tā wèile chénggōng bùzé shǒuduàn.,Anh ấy không từ thủ đoạn nào để thành công.
6,不止,bù zhǐ,không ngừng,这个项目不止需要时间，还需要耐心。,"zhège xiàngmù bùzhǐ xūyào shíjiān, hái xūyào nàixīn.",Dự án này không chỉ cần thời gian mà còn cần kiên nhẫn.
6,布置,bù zhì,bố trí,请按照指示布置场地。,qǐng ànzhào zhǐshì bùzhì chǎngdì.,Vui lòng bố trí địa điểm theo hướng dẫn.
6,裁缝,cái féng,thợ may,她是一名优秀的裁缝。,tā shì yī míng yōuxiù de cáifeng.,Cô ấy là một thợ may xuất sắc.
6,财富,cái fù,tài sản,知识是无价的财富。,zhīshì shì wújià de cáifù.,Tri thức là tài sản vô giá.
6,才干,cái gàn,"tài cán, năng lực",他有很强的才干。,tā yǒu hěn qiáng de cáigàn.,Anh ấy có tài năng rất mạnh.
6,裁判,cái pàn,trọng tài,裁判宣布比赛结果。,cáipàn xuānbù bǐsài jiéguǒ.,Trọng tài công bố kết quả trận đấu.
6,财务,cái wù,tài chính,公司正在处理财务问题。,gōngsī zhèngzài chǔlǐ cáiwù wèntí.,Công ty đang giải quyết các vấn đề tài chính.
6,裁员,cái yuán,cắt giảm nhân viên,公司决定裁员。,gōngsī juédìng cáiyuán.,Công ty quyết định cắt giảm nhân sự.
6,财政,cái zhèng,tài chính,政府管理财政事务。,zhèngfǔ guǎnlǐ cáizhèng shìwù.,Chính phủ quản lý các vấn đề tài chính.
6,采购,cǎi gòu,mua sắm,我们要采购新设备。,wǒmen yào cǎigòu xīn shèbèi.,Chúng ta cần mua sắm thiết bị mới.
6,采集,cǎi jí,"thu thập, sưu tập",研究人员在采集数据。,yánjiū rényuán zài cǎijí shùjù.,Các nhà nghiên cứu đang thu thập dữ liệu.
6,采纳,cǎi nà,chấp nhận,我们采纳了他的建议。,wǒmen cǎinà le tā de jiànyì.,Chúng tôi đã chấp nhận đề xuất của anh ấy.
6,彩票,cǎi piào,vé số,他中了彩票，赢得了大奖。,"tā zhōng le cǎipiào, yíngdé le dà jiǎng.",Anh ấy trúng xổ số và giành được giải thưởng lớn.
6,参谋,cān móu,"tham mưu, cố vấn",他是我们的参谋长。,tā shì wǒmen de cānmóu zhǎng.,Anh ấy là trưởng cố vấn của chúng tôi.
6,参照,cān zhào,tham khảo,请参照这份指南。,qǐng cānzhào zhè fèn zhǐnán.,Vui lòng tham khảo hướng dẫn này.
6,残酷,cán kù,"tàn khốc, tàn bạo",这场比赛非常残酷。,zhè chǎng bǐsài fēicháng cánkù.,Trận đấu này rất tàn khốc.
6,残留,cán liú,còn sót lại,这里还有残留的气味。,zhèlǐ hái yǒu cánliú de qìwèi.,Ở đây vẫn còn mùi hương.
6,残忍,cán rěn,tàn nhẫn,他的行为非常残忍。,tā de xíngwéi fēicháng cánrěn.,Hành vi của anh ấy rất tàn nhẫn.
6,灿烂,càn làn,"rực rỡ, sáng lạn",夜空中的星星灿烂夺目。,yèkōng zhōng de xīngxīng cànlàn duómù.,Những ngôi sao trên bầu trời đêm lấp lánh rực rỡ.
6,舱,cāng,"khoang (tàu, máy bay)",船舱里非常宽敞。,chuáncāng lǐ fēicháng kuānchǎng.,Khoang thuyền rất rộng rãi.
6,苍白,cāng bái,"xanh xao, tái nhợt",他的脸色很苍白。,tā de liǎnsè hěn cāngbái.,Sắc mặt của anh ấy rất nhợt nhạt.
6,仓促,cāng cù,"vội vàng, gấp gáp",他们仓促决定了这个计划。,tāmen cāngcù juédìng le zhège jìhuà.,Họ đã vội vàng quyết định kế hoạch này.
6,仓库,cāng kù,"kho, nhà kho",货物存放在仓库里。,huòwù cúnfàng zài cāngkù lǐ.,Hàng hóa được lưu trữ trong kho.
6,操劳,cāo láo,lao tâm khổ tứ,他为了家庭操劳。,tā wèile jiātíng cāoláo.,Anh ấy làm việc chăm chỉ vì gia đình.
6,操练,cāo liàn,"thao luyện, luyện tập",他们每天都在操练。,tāmen měitiān dōu zài cāoliàn.,Họ tập luyện hàng ngày.
6,操纵,cāo zòng,"điều khiển, thao túng",他能够熟练地操纵机器。,tā nénggòu shúliàn de cāozòng jīqì.,Anh ấy có thể điều khiển máy móc một cách thành thạo.
6,操作,cāo zuò,thao tác,操作这台设备需要小心。,cāozuò zhè tái shèbèi xūyào xiǎoxīn.,Vận hành thiết bị này cần cẩn thận.
6,嘈杂,cáo zá,ồn ào,大街上很嘈杂。,dàjiē shàng hěn cáozá.,Đường phố rất ồn ào.
6,草案,cǎo àn,"bản thảo, dự thảo",这只是一个初步的草案。,zhè zhǐshì yī gè chūbù de cǎo'àn.,Đây chỉ là một bản thảo sơ bộ.
6,草率,cǎo shuài,"qua loa, đại khái",他的决定太草率了。,tā de juédìng tài cǎoshuài le.,Quyết định của anh ấy quá sơ sài.
6,策划,cè huà,"kế hoạch, lập kế hoạch",我们正在策划一个新项目。,wǒmen zhèngzài cèhuà yī gè xīn xiàngmù.,Chúng tôi đang lên kế hoạch cho một dự án mới.
6,测量,cè liáng,đo lường,工程师在测量建筑物。,gōngchéngshī zài cèliáng jiànzhú wù.,Các kỹ sư đang đo lường tòa nhà.
6,策略,cè lüè,chiến lược,我们需要制定策略。,wǒmen xūyào zhìdìng cèlüè.,Chúng tôi cần lên kế hoạch chiến lược.
6,侧面,cè miàn,"mặt bên, khía cạnh",我们从侧面观察了这个问题。,wǒmen cóng cèmiàn guānchá le zhège wèntí.,Chúng tôi quan sát vấn đề này từ một góc độ khác.
6,层出不穷,céng chū bù qióng,tầng tầng lớp lớp,这个问题层出不穷。,zhège wèntí céngchū bù qióng.,Vấn đề này liên tục xuất hiện.
6,层次,céng cì,"tầng lớp, cấp bậc",他在公司中有很高的层次。,tā zài gōngsī zhōng yǒu hěn gāo de céngcì.,Anh ấy có một vị trí cao trong công ty.
6,差距,chā jù,chênh lệch,他们之间存在巨大的差距。,tāmen zhījiān cúnzài jùdà de chājù.,Có một khoảng cách lớn giữa họ.
6,查获,chá huò,"tra ra, bắt được",警方查获了大量毒品。,jǐngfāng cháhuò le dàliàng dúpǐn.,Cảnh sát đã thu giữ một lượng lớn ma túy.
6,岔,chà,"rẽ nhánh, rẽ đường",他的话中有很多岔子。,tā de huà zhōng yǒu hěn duō chàzi.,Lời nói của anh ấy có nhiều sơ hở.
6,刹那,chà nà,"chớp mắt, trong khoảnh khắc",事情在刹那间发生了。,shìqíng zài shànà jiān fāshēng le.,Sự việc xảy ra trong chớp nhoáng.
6,诧异,chà yì,ngạc nhiên,她的表现让人感到诧异。,tā de biǎoxiàn ràng rén gǎndào chàyì.,Sự thể hiện của cô ấy khiến người khác ngạc nhiên.
6,柴油,chái yóu,dầu diesel,他用柴油发动了机器。,tā yòng cháiyóu fādòng le jīqì.,Anh ấy sử dụng dầu diesel để khởi động máy.
6,搀,chān,"nâng đỡ, dìu",他扶着老人过马路。,tā fúzhe lǎorén guò mǎlù.,Anh ấy đỡ cụ già qua đường.
6,馋,chán,thèm thuồng,看到美食，他总是很馋。,"kàn dào měishí, tā zǒngshì hěn chán.","Nhìn thấy đồ ăn ngon, anh ấy luôn thèm thuồng."
6,缠绕,chán rào,quấn quanh,这条项链缠绕在一起了。,zhè tiáo xiàngliàn chánrào zài yīqǐ le.,Sợi dây chuyền này bị rối lại.
6,阐述,chǎn shù,"trình bày, giải thích",他详细阐述了他的观点。,tā xiángxì chǎnshù le tā de guāndiǎn.,Anh ấy trình bày chi tiết quan điểm của mình.
6,产业,chǎn yè,"công nghiệp, sản nghiệp",这是一项重要的产业。,zhè shì yī xiàng zhòngyào de chǎnyè.,Đây là một ngành công nghiệp quan trọng.
6,颤抖,chàn dǒu,run rẩy,听到这个消息，他的身体颤抖了。,"tīngdào zhège xiāoxi, tā de shēntǐ chàndǒu le.","Nghe tin này, cơ thể anh ấy run lên."
6,猖狂,chāng kuáng,điên cuồng,他们的行为非常猖狂。,tāmen de xíngwéi fēicháng chāngkuáng.,Hành vi của họ rất hung hăng.
6,昌盛,chāng shèng,hưng thịnh,这个国家正在昌盛。,zhège guójiā zhèngzài chāngshèng.,Quốc gia này đang thịnh vượng.
6,偿还,cháng huán,hoàn trả,他偿还了所有的债务。,tā chánghuán le suǒyǒu de zhàiwù.,Anh ấy đã trả hết nợ nần.
6,常年,cháng nián,quanh năm,这家公司常年盈利。,zhè jiā gōngsī chángnián yínglì.,Công ty này có lãi hàng năm.
6,尝试,cháng shì,thử nghiệm,我们应该尝试新的方法。,wǒmen yīnggāi chángshì xīn de fāngfǎ.,Chúng ta nên thử các phương pháp mới.
6,常务,cháng wù,thường vụ,他是公司的常务董事。,tā shì gōngsī de chángwù dǒngshì.,Anh ấy là giám đốc điều hành của công ty.
6,场,chǎng,"sân, bãi, nơi",比赛在操场上举行。,bǐsài zài cāochǎng shàng jǔxíng.,Trận đấu được tổ chức trên sân chơi.
6,场合,chǎng hé,"trường hợp, hoàn cảnh",会议在正式的场合举行。,huìyì zài zhèngshì de chǎnghé jǔxíng.,Cuộc họp được tổ chức trong một dịp chính thức.
6,敞开,chǎng kāi,"mở rộng, mở toang",门已经敞开了。,mén yǐjīng chǎngkāi le.,Cửa đã mở rộng.
6,场面,chǎng miàn,"cảnh tượng, tình cảnh",电影的场面很壮观。,diànyǐng de chǎngmiàn hěn zhuàngguān.,Cảnh phim rất hoành tráng.
6,场所,chǎng suǒ,"nơi, chỗ",我们在这个场所见面。,wǒmen zài zhège chǎngsuǒ jiànmiàn.,Chúng tôi gặp nhau tại địa điểm này.
6,倡导,chàng dǎo,"khởi xướng, đề xướng",他倡导环保运动。,tā chàngdǎo huánbǎo yùndòng.,Anh ấy kêu gọi phong trào bảo vệ môi trường.
6,畅通,chàng tōng,"thông suốt, thông suốt",这条道路畅通无阻。,zhè tiáo dàolù chàngtōng wúzǔ.,Con đường này không có trở ngại nào.
6,畅销,chàng xiāo,bán chạy,这本书畅销全国。,zhè běn shū chàngxiāo quánguó.,Cuốn sách này bán chạy trên toàn quốc.
6,倡议,chàng yì,"sáng kiến, đề nghị",他提出了一个新的倡议。,tā tíchū le yī gè xīn de chàngyì.,Anh ấy đưa ra một sáng kiến mới.
6,超级,chāo jí,siêu cấp,这是一个超级工程。,zhè shì yī gè chāojí gōngchéng.,Đây là một dự án khổng lồ.
6,钞票,chāo piào,tiền giấy,他的钱包里有很多钞票。,tā de qiánbāo lǐ yǒu hěn duō chāopiào.,Ví của anh ấy có nhiều tiền mặt.
6,超越,chāo yuè,"vượt qua, vượt trội",我们需要超越自我。,wǒmen xūyào chāoyuè zìwǒ.,Chúng ta cần vượt qua bản thân.
6,潮流,cháo liú,"trào lưu, dòng nước",我喜欢追逐潮流。,wǒ xǐhuān zhuīzhú cháoliú.,Tôi thích theo đuổi xu hướng.
6,潮湿,cháo shī,ẩm ướt,潮湿的天气让人不舒服。,cháoshī de tiānqì ràng rén bù shūfú.,Thời tiết ẩm ướt khiến mọi người khó chịu.
6,嘲笑,cháo xiào,"chế giễu, cười nhạo",他们嘲笑他的错误。,tāmen cháoxiào tā de cuòwù.,Họ cười nhạo sai lầm của anh ấy.
6,撤退,chè tuì,"rút lui, thoái lui",军队被迫撤退。,jūnduì bèi pò chètuì.,Quân đội buộc phải rút lui.
6,撤销,chè xiāo,"hủy bỏ, bãi bỏ",这个决定被撤销了。,zhège juédìng bèi chèxiāo le.,Quyết định này đã bị hủy bỏ.
6,沉淀,chén diàn,"lắng đọng, kết tủa",这是一种自然的沉淀过程。,zhè shì yī zhǒng zìrán de chéndiàn guòchéng.,Đây là một quá trình lắng đọng tự nhiên.
6,陈旧,chén jiù,"cũ kỹ, lỗi thời",这些设备已经很陈旧了。,zhèxiē shèbèi yǐjīng hěn chénjiù le.,Những thiết bị này đã cũ kỹ rồi.
6,陈列,chén liè,"trưng bày, bày biện",商店陈列着各种商品。,shāngdiàn chénliè zhe gè zhǒng shāngpǐn.,Cửa hàng trưng bày nhiều loại hàng hóa.
6,沉闷,chén mèn,"nặng nề, u ám",这个地方非常沉闷。,zhège dìfāng fēicháng chénmèn.,Nơi này rất buồn tẻ.
6,陈述,chén shù,"trình bày, phát biểu",他陈述了事件的经过。,tā chénshù le shìjiàn de jīngguò.,Anh ấy trình bày quá trình sự việc.
6,沉思,chén sī,"suy tư, trầm ngâm",他常常沉思自己的未来。,tā chángcháng chénsī zìjǐ de wèilái.,Anh ấy thường suy ngẫm về tương lai của mình.
6,沉重,chén zhòng,"nặng nề, trĩu nặng",听到这个消息，他的心情沉重。,"tīngdào zhège xiāoxi, tā de xīnqíng chénzhòng.","Nghe tin này, tâm trạng của anh ấy rất nặng nề."
6,沉着,chén zhuó,"bình tĩnh, điềm tĩnh",他在危机时刻保持沉着。,tā zài wēijī shíkè bǎochí chénzhuó.,Anh ấy giữ bình tĩnh trong lúc khủng hoảng.
6,称心如意,chèn xīn rú yì,"vừa ý, hài lòng",他的生活称心如意。,tā de shēnghuó chènxīn rúyì.,Cuộc sống của anh ấy vừa lòng mãn ý.
6,称号,chēng hào,danh hiệu,他被授予了荣誉称号。,tā bèi shòuyǔ le róngyù chēnghào.,Anh ấy được trao tặng danh hiệu danh dự.
6,橙,chéng,màu cam,橙子是我最喜欢的水果之一。,chéngzi shì wǒ zuì xǐhuān de shuǐguǒ zhī yī.,Cam là một trong những loại trái cây tôi thích nhất.
6,盛,chéng,"đựng, chứa, đầy đủ",他的才能非常盛。,tā de cáinéng fēicháng shèng.,Tài năng của anh ấy rất xuất sắc.
6,承办,chéng bàn,"đảm nhận, thụ lý",公司承办了这次活动。,gōngsī chéngbàn le zhè cì huódòng.,Công ty đảm nhận tổ chức sự kiện này.
6,承包,chéng bāo,"thầu, bao thầu",他们承包了这个项目。,tāmen chéngbāo le zhège xiàngmù.,Họ đã thầu dự án này.
6,城堡,chéng bǎo,"lâu đài, thành trì",古堡的景象非常壮观。,gǔbǎo de jǐngxiàng fēicháng zhuàngguān.,Cảnh tượng của lâu đài cổ rất hùng vĩ.
6,成本,chéng běn,"giá thành, chi phí",生产成本需要降低。,shēngchǎn chéngběn xūyào jiàngdī.,Chi phí sản xuất cần phải giảm.
6,惩罚,chéng fá,trừng phạt,犯罪分子受到了惩罚。,fànzuì fēnzǐ shòudào le chéngfá.,Tội phạm đã bị trừng phạt.
6,成交,chéng jiāo,"giao dịch, thành giao",交易顺利成交了。,jiāoyì shùnlì chéngjiāo le.,Giao dịch đã được hoàn thành thành công.
6,承诺,chéng nuò,"cam kết, hứa hẹn",我们承诺会按时完成。,wǒmen chéngnuò huì ànshí wánchéng.,Chúng tôi cam kết sẽ hoàn thành đúng hạn.
6,澄清,chéng qīng,"làm sáng tỏ, giải thích",他澄清了误会。,tā chéngqīng le wùhuì.,Anh ấy đã làm rõ sự hiểu lầm.
6,成天,chéng tiān,cả ngày,他成天忙于工作。,tā chéngtiān máng yú gōngzuò.,Anh ấy bận rộn với công việc cả ngày.
6,乘务员,chéng wù yuán,"tiếp viên (tàu, máy bay)",乘务员为乘客提供服务。,chéngwùyuán wèi chéngkè tígōng fúwù.,Tiếp viên cung cấp dịch vụ cho hành khách.
6,呈现,chéng xiàn,"trình bày, xuất hiện",他的作品呈现了丰富的情感。,tā de zuòpǐn chéngxiàn le fēngfù de qínggǎn.,Tác phẩm của anh ấy thể hiện cảm xúc phong phú.
6,成效,chéng xiào,"hiệu quả, kết quả",这种方法很有效。,zhè zhǒng fāngfǎ hěn yǒuxiào.,Phương pháp này rất hiệu quả.
6,成心,chéng xīn,"cố ý, cố tình",他是成心想帮助你。,tā shì chéngxīn xiǎng bāngzhù nǐ.,Anh ấy thật lòng muốn giúp bạn.
6,成员,chéng yuán,thành viên,他是团队的一员。,tā shì tuánduì de yī yuán.,Anh ấy là một thành viên của đội.
6,诚挚,chéng zhì,"chân thành, tha thiết",他用诚挚的态度道歉。,tā yòng chéngzhì de tàidù dàoqiàn.,Anh ấy xin lỗi với thái độ chân thành.
6,秤,chèng,"cái cân, cân",他们正在用秤称重。,tāmen zhèngzài yòng chèng chēngzhòng.,Họ đang dùng cân để cân.
6,吃苦,chī kǔ,"chịu khổ, chịu đựng",他在工作中很吃苦。,tā zài gōngzuò zhōng hěn chīkǔ.,Anh ấy làm việc rất chăm chỉ.
6,吃力,chī lì,"tốn sức, mệt nhọc",他搬运这些东西非常吃力。,tā bānyùn zhèxiē dōngxī fēicháng chīlì.,Anh ấy rất khó khăn trong việc vận chuyển những thứ này.
6,迟缓,chí huǎn,"chậm chạp, trì hoãn",他的反应很迟缓。,tā de fǎnyìng hěn chíhuǎn.,Phản ứng của anh ấy rất chậm.
6,持久,chí jiǔ,"bền bỉ, lâu dài",这种材料非常持久。,zhè zhǒng cáiliào fēicháng chíjiǔ.,Loại vật liệu này rất bền.
6,池塘,chí táng,"ao, hồ",孩子们在池塘边玩耍。,háizimen zài chítáng biān wánshuǎ.,Trẻ em chơi đùa bên hồ.
6,迟疑,chí yí,"do dự, lưỡng lự",他对这个决定有些迟疑。,tā duì zhège juédìng yǒuxiē chíyí.,Anh ấy do dự về quyết định này.
6,赤道,chì dào,xích đạo,赤道横穿地球。,chìdào héngchuān dìqiú.,Đường xích đạo chạy qua Trái đất.
6,赤字,chì zì,"thâm hụt, thiếu hụt",公司出现了严重的赤字。,gōngsī chūxiàn le yánzhòng de chìzì.,Công ty gặp phải thâm hụt nghiêm trọng.
6,充当,chōng dāng,"đảm nhiệm, đóng vai",他充当了调解人。,tā chōngdāng le tiáojiě rén.,Anh ấy đóng vai trò là người hòa giải.
6,冲动,chōng dòng,"xung động, kích động",他总是冲动行事。,tā zǒngshì chōngdòng xíngshì.,Anh ấy luôn hành động bốc đồng.
6,冲击,chōng jī,"tấn công, xung kích",洪水冲击了村庄。,hóngshuǐ chōngjī le cūnzhuāng.,Lũ lụt tấn công làng mạc.
6,充沛,chōng pèi,"dồi dào, đầy đủ",他充沛的精力让人佩服。,tā chōngpèi de jīnglì ràng rén pèifú.,Năng lượng dồi dào của anh ấy khiến người ta ngưỡng mộ.
6,充实,chōng shí,"làm phong phú, bổ sung",我们需要充实自己的知识。,wǒmen xūyào chōngshí zìjǐ de zhīshì.,Chúng ta cần làm giàu kiến thức của mình.
6,冲突,chōng tū,"xung đột, va chạm",他们之间发生了冲突。,tāmen zhījiān fāshēng le chōngtū.,Đã xảy ra xung đột giữa họ.
6,充足,chōng zú,"đầy đủ, phong phú",我们有充足的时间完成任务。,wǒmen yǒu chōngzú de shíjiān wánchéng rènwù.,Chúng ta có đủ thời gian để hoàn thành nhiệm vụ.
6,崇拜,chóng bài,"sùng bái, tôn thờ",我非常崇拜他。,wǒ fēicháng chóngbài tā.,Tôi rất tôn sùng anh ấy.
6,重叠,chóng dié,"chồng chéo, trùng điệp",这两个图案重叠在一起。,zhè liǎng gè tú'àn chóngdié zài yīqǐ.,Hai mẫu này chồng lên nhau.
6,崇高,chóng gāo,"cao cả, cao quý",他有崇高的理想。,tā yǒu chónggāo de lǐxiǎng.,Anh ấy có lý tưởng cao cả.
6,崇敬,chóng jìng,"kính trọng, tôn kính",我们都崇敬他。,wǒmen dōu chóngjìng tā.,Chúng tôi đều kính trọng anh ấy.
6,重阳节,Chóng yáng jié,lễ Trùng Cửu,重阳节是中国的传统节日。,Chóngyángjié shì Zhōngguó de chuántǒng jiérì.,Lễ Trùng Cửu là ngày lễ truyền thống của Trung Quốc.
6,抽空,chōu kòng,tranh thủ thời gian,我会抽空来看你。,wǒ huì chōukòng lái kàn nǐ.,Tôi sẽ tranh thủ thời gian để đến thăm bạn.
6,筹备,chóu bèi,"chuẩn bị, sắp xếp",他们正在筹备婚礼。,tāmen zhèngzài chóubèi hūnlǐ.,Họ đang chuẩn bị cho đám cưới.
6,踌躇,chóu chú,"do dự, lưỡng lự",他踌躇了很久才决定。,tā chóuchú le hěn jiǔ cái juédìng.,Anh ấy do dự rất lâu mới quyết định.
6,稠密,chóu mì,"dày đặc, đông đúc",这个地区人口稠密。,zhège dìqū rénkǒu chóumì.,Khu vực này có dân số đông đúc.
6,丑恶,chǒu è,"xấu xa, đê tiện",他的行为非常丑恶。,tā de xíngwéi fēicháng chǒu'è.,Hành vi của anh ấy rất xấu xa.
6,初步,chū bù,"sơ bộ, bước đầu",这是一个初步计划。,zhè shì yī gè chūbù jìhuà.,Đây là một kế hoạch sơ bộ.
6,出路,chū lù,"đường ra, lối thoát",我们必须找到出路。,wǒmen bìxū zhǎodào chūlù.,Chúng ta phải tìm được lối thoát.
6,出卖,chū mài,"bán, phản bội",他出卖了自己的朋友。,tā chūmài le zìjǐ de péngyǒu.,Anh ấy phản bội bạn của mình.
6,出身,chū shēn,"xuất thân, gốc gác",他出身于一个贫穷的家庭。,tā chūshēn yú yī gè pínqióng de jiātíng.,Anh ấy xuất thân từ một gia đình nghèo.
6,出神,chū shén,"mê mẩn, ngẩn ngơ",他看电影时出神了。,tā kàn diànyǐng shí chūshén le.,Anh ấy mải mê xem phim.
6,出息,chū xī,"triển vọng, tiền đồ",他有很大的出息。,tā yǒu hěn dà de chūxí.,Anh ấy rất có triển vọng.
6,出洋相,chū yáng xiàng,"làm trò cười, bẽ mặt",他在会上出洋相了。,tā zài huì shàng chūyángxiàng le.,Anh ấy bị xấu hổ tại cuộc họp.
6,储备,chǔ bèi,"dự trữ, tích trữ",我们需要储备足够的物资。,wǒmen xūyào chǔbèi zúgòu de wùzī.,Chúng ta cần dự trữ đủ vật tư.
6,储存,chǔ cún,"dự trữ, cất giữ",这些数据需要储存起来。,zhèxiē shùjù xūyào chǔcún qǐlái.,Dữ liệu này cần được lưu trữ.
6,处分,chǔ fèn,"xử phạt, xử lý",他受到了处分。,tā shòudào le chǔfèn.,Anh ấy đã bị xử phạt.
6,处境,chǔ jìng,"tình cảnh, hoàn cảnh",他的处境很困难。,tā de chǔjìng hěn kùnnán.,Tình cảnh của anh ấy rất khó khăn.
6,储蓄,chǔ xù,"tiết kiệm, để dành",我们需要建立一个储蓄账户。,wǒmen xūyào jiànlì yī gè chǔxù zhànghù.,Chúng ta cần mở một tài khoản tiết kiệm.
6,处置,chǔ zhì,"xử lý, xử trí",他被安排在这个岗位上。,tā bèi ānpái zài zhège gǎngwèi shàng.,Anh ấy được sắp xếp vào vị trí này.
6,触犯,chù fàn,"vi phạm, đụng chạm",他触犯了法律。,tā chùfàn le fǎlǜ.,Anh ấy đã vi phạm pháp luật.
6,川流不息,chuān liú bù xī,"như nước chảy, không ngừng",这条河川流不息。,zhè tiáo hé chuānliú bùxī.,Con sông này chảy không ngừng.
6,穿越,chuān yuè,"vượt qua, xuyên qua",他们穿越了沙漠。,tāmen chuānyuè le shāmò.,Họ đã vượt qua sa mạc.
6,船舶,chuán bó,"tàu, thuyền",这艘船舶非常大。,zhè sōu chuánbó fēicháng dà.,Con tàu này rất lớn.
6,传达,chuán dá,"truyền đạt, thông báo",他传达了这个消息。,tā chuándá le zhège xiāoxi.,Anh ấy đã truyền đạt thông tin này.
6,传单,chuán dān,"tờ rơi, truyền đơn",他给我一张传单。,tā gěi wǒ yī zhāng chuándān.,Anh ấy đưa cho tôi một tờ rơi.
6,传授,chuán shòu,"truyền thụ, dạy dỗ",他传授了我们很多知识。,tā chuánshòu le wǒmen hěn duō zhīshì.,Anh ấy đã truyền dạy cho chúng tôi nhiều kiến thức.
6,喘气,chuǎn qì,"thở dốc, thở hổn hển",他跑得气喘吁吁。,tā pǎo de qìchuǎn xūxū.,Anh ấy chạy thở hổn hển.
6,串,chuàn,"xâu, chuỗi",我们把钥匙串在一起。,wǒmen bǎ yàoshi chuàn zài yīqǐ.,Chúng tôi xâu chìa khóa lại với nhau.
6,床单,chuáng dān,ga trải giường,这条床单很干净。,zhè tiáo chuángdān hěn gānjìng.,Ga giường này rất sạch.
6,创立,chuàng lì,"sáng lập, thành lập",他创立了自己的公司。,tā chuànglì le zìjǐ de gōngsī.,Anh ấy đã thành lập công ty của mình.
6,创新,chuàng xīn,"đổi mới, sáng tạo",我们需要不断创新。,wǒmen xūyào bùduàn chuàngxīn.,Chúng ta cần không ngừng đổi mới.
6,创业,chuàng yè,khởi nghiệp,他决定创业。,tā juédìng chuàngyè.,Anh ấy quyết định khởi nghiệp.
6,创作,chuàng zuò,sáng tác,这是一部创作小说。,zhè shì yī bù chuàngzuò xiǎoshuō.,Đây là một tiểu thuyết sáng tác.
6,吹牛,chuī niú,"khoác lác, nói phét",他总是喜欢吹牛。,tā zǒngshì xǐhuān chuīniú.,Anh ấy luôn thích khoác lác.
6,吹捧,chuī pěng,"tán tụng, tâng bốc",他们过分吹捧了他的成绩。,tāmen guòfèn chuīpěng le tā de chéngjī.,Họ đã quá tâng bốc thành tích của anh ấy.
6,锤,chuí,cái búa,他用锤子敲钉子。,tā yòng chuízi qiāo dīngzi.,Anh ấy dùng búa đóng đinh.
6,垂直,chuí zhí,thẳng đứng,这根柱子是垂直的。,zhè gēn zhùzi shì chuízhí de.,Cái cột này là thẳng đứng.
6,纯粹,chún cuì,thuần túy,他是一个纯粹的艺术家。,tā shì yī gè chúncuì de yìshùjiā.,Anh ấy là một nghệ sĩ thuần túy.
6,纯洁,chún jié,"trong sạch, thuần khiết",这个城市的空气很纯洁。,zhège chéngshì de kōngqì hěn chúnjié.,Không khí của thành phố này rất trong lành.
6,词汇,cí huì,từ vựng,我们需要学习更多的词汇。,wǒmen xūyào xuéxí gèng duō de cíhuì.,Chúng ta cần học nhiều từ vựng hơn.
6,慈祥,cí xiáng,"từ bi, hiền hậu",她的笑容很慈祥。,tā de xiàoróng hěn cíxiáng.,Nụ cười của cô ấy rất hiền từ.
6,雌雄,cí xióng,đực và cái,这些鸟类是雌雄同体的。,zhèxiē niǎolèi shì cíxióng tóngtǐ de.,Những loài chim này là lưỡng tính.
6,刺,cì,"gai, đâm",他被刺伤了。,tā bèi cìshāng le.,Anh ấy bị đâm.
6,伺候,cì hòu,"phục vụ, chăm sóc",他在伺候病人。,tā zài cìhòu bìngrén.,Anh ấy đang chăm sóc bệnh nhân.
6,次品,cì pǐn,hàng lỗi,这个产品是次品。,zhège chǎnpǐn shì cìpǐn.,Sản phẩm này là hàng kém chất lượng.
6,次序,cì xù,thứ tự,请按次序排队。,qǐng àn cìxù páiduì.,Xin vui lòng xếp hàng theo thứ tự.
6,丛,cóng,"bụi, lùm",这是一片丛林。,zhè shì yī piàn cónglín.,Đây là một khu rừng rậm.
6,从容不迫,cóng róng bù pò,"ung dung, bình tĩnh",他从容不迫地回答问题。,tā cóngróng bù pò de huídá wèntí.,Anh ấy bình tĩnh trả lời câu hỏi.
6,凑合,còu he,"tạm bợ, tạm thời",我们需要凑合着用这些资源。,wǒmen xūyào còuhé zhe yòng zhèxiē zīyuán.,Chúng ta cần tạm dùng những tài nguyên này.
6,粗鲁,cū lǔ,"thô lỗ, cộc cằn",他的态度很粗鲁。,tā de tàidù hěn cūlǔ.,Thái độ của anh ấy rất thô lỗ.
6,窜,cuàn,"chạy trốn, trốn chạy",小偷在夜里窜逃了。,xiǎotōu zài yèlǐ cuàntáo le.,Tên trộm trốn thoát trong đêm.
6,摧残,cuī cán,"tàn phá, phá hoại",战争摧残了这个国家。,zhànzhēng cuīcán le zhège guójiā.,Chiến tranh đã tàn phá đất nước này.
6,脆弱,cuì ruò,"yếu ớt, dễ vỡ",他的身体很脆弱。,tā de shēntǐ hěn cuìruò.,Sức khỏe của anh ấy rất yếu.
6,搓,cuō,"vò, chà",他在搓手指。,tā zài cuō shǒuzhǐ.,Anh ấy đang xoa ngón tay.
6,磋商,cuō shāng,"đàm phán, thương lượng",他们正在进行磋商。,tāmen zhèngzài jìnxíng cuōshāng.,Họ đang tiến hành thảo luận.
6,挫折,cuò zhé,"trở ngại, thất bại",他在克服挫折中成长。,tā zài kèfú cuòzhé zhōng chéngzhǎng.,Anh ấy trưởng thành trong việc vượt qua khó khăn.
6,搭,dā,"lắp đặt, dựng lên",我帮你搭个棚子。,wǒ bāng nǐ dā gè péngzi.,Tôi sẽ giúp bạn dựng một cái lều.
6,搭档,dā dàng,"cộng tác, hợp tác",他们是一对好搭档。,tāmen shì yī duì hǎo dādàng.,Họ là một cặp cộng sự tốt.
6,搭配,dā pèi,"phối hợp, kết hợp",你可以自由搭配衣服。,nǐ kěyǐ zìyóu dāpèi yīfu.,Bạn có thể phối đồ tự do.
6,答辩,dá biàn,"biện hộ, bào chữa",他在法庭上答辩。,tā zài fǎtíng shàng dábiàn.,Anh ấy biện hộ tại tòa.
6,达成,dá chéng,"đạt thành, đạt được",我们达成了协议。,wǒmen dáchéng le xiéyì.,Chúng tôi đã đạt được thỏa thuận.
6,答复,dá fù,"trả lời, đáp lại",他给了我一个答复。,tā gěi le wǒ yī gè dáfù.,Anh ấy đã đưa ra câu trả lời cho tôi.
6,打包,dǎ bāo,"đóng gói, gói hàng",请把这些东西打包好。,qǐng bǎ zhèxiē dōngxi dǎbāo hǎo.,Vui lòng đóng gói những thứ này.
6,打官司,dǎ guān si,kiện tụng,他在法庭上打官司。,tā zài fǎtíng shàng dǎguānsi.,Anh ấy đang kiện tụng tại tòa.
6,打击,dǎ jī,"đánh, đập",我们必须打击犯罪。,wǒmen bìxū dǎjí fànzuì.,Chúng ta phải trấn áp tội phạm.
6,打架,dǎ jià,đánh nhau,他们在街上打架。,tāmen zài jiē shàng dǎjià.,Họ đang đánh nhau trên phố.
6,打量,dǎ liang,"quan sát, xem xét",他在仔细打量这个物件。,tā zài zǐxì dǎliàng zhège wùjiàn.,Anh ấy đang quan sát kỹ vật này.
6,打猎,dǎ liè,săn bắn,他喜欢打猎。,tā xǐhuān dǎliè.,Anh ấy thích đi săn.
6,打仗,dǎ zhàng,"đánh trận, chiến đấu",他们在边境打仗。,tāmen zài biānjìng dǎzhàng.,Họ đang chiến đấu ở biên giới.
6,大不了,dà bù liǎo,"cùng lắm, chẳng qua",这件事大不了就这样了。,zhè jiàn shì dàbùliǎo jiù zhèyàng le.,Chuyện này cùng lắm cũng chỉ thế thôi.
6,大臣,dà chén,đại thần,大臣们在开会。,dàchénmen zài kāihuì.,Các đại thần đang họp.
6,大伙儿,dà huǒr,"mọi người, tất cả",大伙儿都很开心。,dàhuǒr dōu hěn kāixīn.,Mọi người đều rất vui vẻ.
6,大厦,dà shà,tòa nhà lớn,这座大厦非常壮观。,zhè zuò dàshà fēicháng zhuàngguān.,Tòa nhà này rất tráng lệ.
6,大肆,dà sì,"bừa bãi, tùy tiện",他们大肆庆祝。,tāmen dàsì qìngzhù.,Họ ăn mừng rầm rộ.
6,大体,dà tǐ,"đại thể, nhìn chung",大体上来说，他是对的。,"dàtǐ shàng lái shuō, tā shì duì de.","Nói chung, anh ấy đúng."
6,大意,dà yì,"đại ý, sơ suất",我的大意是这样的。,wǒ de dàyì shì zhèyàng de.,Ý chính của tôi là như thế này.
6,大致,dà zhì,"đại khái, chung chung",计划大致完成了。,jìhuà dàzhì wánchéng le.,Kế hoạch đã gần hoàn thành.
6,歹徒,dǎi tú,"tên cướp, kẻ xấu",歹徒被警方抓住了。,dǎitú bèi jǐngfāng zhuāzhù le.,Tên tội phạm bị cảnh sát bắt.
6,逮捕,dài bǔ,"bắt giữ, bắt bớ",他被逮捕了。,tā bèi dàibǔ le.,Anh ấy đã bị bắt.
6,代价,dài jià,"giá cả, chi phí",我们必须付出代价。,wǒmen bìxū fùchū dàijià.,Chúng ta phải trả giá.
6,代理,dài lǐ,"đại lý, đại diện",他是我们的代理。,tā shì wǒmen de dàilǐ.,Anh ấy là đại lý của chúng tôi.
6,带领,dài lǐng,"dẫn dắt, lãnh đạo",他带领团队取得了成功。,tā dàilǐng tuánduì qǔdé le chénggōng.,Anh ấy dẫn dắt đội nhóm đến thành công.
6,怠慢,dài màn,"lơ là, không nhiệt tình",他对我们很怠慢。,tā duì wǒmen hěn dàimàn.,Anh ấy rất thờ ơ với chúng tôi.
6,担保,dān bǎo,"đảm bảo, bảo lãnh",他担保这笔交易。,tā dānbǎo zhè bǐ jiāoyì.,Anh ấy đảm bảo cho giao dịch này.
6,胆怯,dǎn qiè,"nhút nhát, sợ hãi",他很胆怯，不敢说话。,"tā hěn dǎnqiè, bù gǎn shuōhuà.","Anh ấy rất nhút nhát, không dám nói."
6,蛋白质,dàn bái zhì,"chất đạm, protein",蛋白质对身体很重要。,dànbáizhì duì shēntǐ hěn zhòngyào.,Protein rất quan trọng cho cơ thể.
6,诞辰,dàn chén,sinh nhật,今天是他的诞辰。,jīntiān shì tā de dànchén.,Hôm nay là sinh nhật của anh ấy.
6,淡季,dàn jì,mùa thấp điểm,这是淡季，游客不多。,"zhè shì dànjì, yóukè bù duō.","Đây là mùa thấp điểm, không có nhiều khách du lịch."
6,诞生,dàn shēng,"ra đời, sinh ra",他在这个城市诞生。,tā zài zhège chéngshì dànshēng.,Anh ấy sinh ra ở thành phố này.
6,淡水,dàn shuǐ,nước ngọt,这里的水是淡水。,zhèlǐ de shuǐ shì dànshuǐ.,Nước ở đây là nước ngọt.
6,当场,dāng chǎng,"tại chỗ, ngay tại nơi",当场抓住了小偷。,dāngchǎng zhuāzhù le xiǎotōu.,Tên trộm bị bắt tại chỗ.
6,当初,dāng chū,"ban đầu, lúc đầu",当初我们都很年轻。,dāngchū wǒmen dōu hěn niánqīng.,Hồi đó chúng tôi đều rất trẻ.
6,当面,dāng miàn,trước mặt,我们需要当面讨论。,wǒmen xūyào dāngmiàn tǎolùn.,Chúng ta cần thảo luận trực tiếp.
6,当前,dāng qián,"hiện nay, hiện tại",当前的问题是经济发展。,dāngqián de wèntí shì jīngjì fāzhǎn.,Vấn đề hiện nay là phát triển kinh tế.
6,当事人,dāng shì rén,"đương sự, người liên quan",当事人已经到场。,dāngshìrén yǐjīng dàochǎng.,Người có liên quan đã có mặt.
6,当务之急,dāng wù zhī jí,việc cấp bách hiện tại,这是当务之急。,zhè shì dāngwù zhī jí.,Đây là việc cấp bách nhất.
6,当心,dāng xīn,"cẩn thận, chú ý",当心路上的车。,dāngxīn lùshàng de chē.,Hãy cẩn thận xe trên đường.
6,当选,dāng xuǎn,"được bầu, trúng cử",他被当选为市长。,tā bèi dāngxuǎn wéi shìzhǎng.,Anh ấy được bầu làm thị trưởng.
6,党,dǎng,đảng,党员们在开会。,dǎngyuánmen zài kāihuì.,Các đảng viên đang họp.
6,档案,dàng àn,"hồ sơ, tài liệu",请保存好这些档案。,qǐng bǎocún hǎo zhèxiē dàng'àn.,Vui lòng lưu trữ tốt các tài liệu này.
6,档次,dàng cì,"đẳng cấp, mức độ",这个酒店的档次很高。,zhège jiǔdiàn de dàngcì hěn gāo.,Khách sạn này có đẳng cấp cao.
6,倒闭,dǎo bì,"phá sản, đóng cửa",那家公司已经倒闭了。,nà jiā gōngsī yǐjīng dǎobì le.,Công ty đó đã phá sản rồi.
6,导弹,dǎo dàn,tên lửa,他们测试了一枚导弹。,tāmen cèshì le yī méi dǎodàn.,Họ đã thử nghiệm một quả tên lửa.
6,导航,dǎo háng,"dẫn đường, điều hướng",他使用导航系统。,tā shǐyòng dǎoháng xìtǒng.,Anh ấy sử dụng hệ thống định vị.
6,捣乱,dǎo luàn,"gây rối, phá rối",小孩子在课堂上捣乱。,xiǎoháizi zài kètáng shàng dǎoluàn.,Trẻ em đang quấy rối trong lớp.
6,导向,dǎo xiàng,"hướng dẫn, dẫn đường",这个计划的导向很明确。,zhège jìhuà de dǎoxiàng hěn míngquè.,Hướng dẫn của kế hoạch này rất rõ ràng.
6,岛屿,dǎo yǔ,"đảo nhỏ, quần đảo",中国有很多美丽的岛屿。,Zhōngguó yǒu hěn duō měilì de dǎoyǔ.,Trung Quốc có nhiều hòn đảo xinh đẹp.
6,稻谷,dào gǔ,lúa,稻谷已经成熟了。,dàogǔ yǐjīng chéngshú le.,Lúa đã chín.
6,盗窃,dào qiè,trộm cắp,他因盗窃罪被捕。,tā yīn dàoqiè zuì bèi bǔ.,Anh ấy bị bắt vì tội trộm cắp.
6,得不偿失,dé bù cháng shī,mất nhiều hơn được,如果这样做，得不偿失。,"rúguǒ zhèyàng zuò, débùchángshī.","Nếu làm như vậy, lợi bất cập hại."
6,得力,dé lì,"có hiệu quả, hữu hiệu",他是我们得力的助手。,tā shì wǒmen délì de zhùshǒu.,Anh ấy là trợ lý đắc lực của chúng tôi.
6,得天独厚,dé tiān dú hòu,"được trời phú, ưu đãi",这个地方得天独厚。,zhège dìfāng détiān-dúhòu.,Nơi này có điều kiện tự nhiên ưu đãi.
6,得罪,dé zuì,"gây tội, xúc phạm",他很怕得罪人。,tā hěn pà dézuì rén.,Anh ấy rất sợ làm mất lòng người khác.
6,蹬,dēng,"đạp, giẫm",他蹬了一下自行车。,tā dēng le yī xià zìxíngchē.,Anh ấy đạp xe đạp một cái.
6,灯笼,dēng lóng,đèn lồng,我们挂了很多灯笼。,wǒmen guà le hěn duō dēnglóng.,Chúng tôi đã treo nhiều đèn lồng.
6,登陆,dēng lù,"đổ bộ, cập bến",他顺利登陆了网站。,tā shùnlì dēnglù le wǎngzhàn.,Anh ấy đăng nhập vào trang web một cách suôn sẻ.
6,登录,dēng lù,"đăng nhập, ghi chép",请登录您的账号。,qǐng dēnglù nín de zhànghào.,Vui lòng đăng nhập vào tài khoản của bạn.
6,等级,děng jí,"cấp bậc, đẳng cấp",这个系统有多个等级。,zhège xìtǒng yǒu duō gè děngjí.,Hệ thống này có nhiều cấp bậc.
6,瞪,dèng,"trừng mắt, nhìn trừng",他瞪了我一眼。,tā dèng le wǒ yī yǎn.,Anh ấy lườm tôi một cái.
6,堤坝,dī bà,"đê, đập",堤坝保护着村庄。,dībà bǎohù zhe cūnzhuāng.,Đê bảo vệ làng mạc.
6,敌视,dí shì,"thù địch, địch thị",他们对外国人很敌视。,tāmen duì wàiguó rén hěn díshì.,Họ rất thù địch với người nước ngoài.
6,抵达,dǐ dá,"đến, đạt đến",他刚刚抵达目的地。,tā gānggāng dǐdá mùdìdì.,Anh ấy vừa mới đến đích.
6,抵抗,dǐ kàng,"kháng cự, chống lại",我们要抵抗敌人的进攻。,wǒmen yào dǐkàng dírén de jìngōng.,Chúng ta phải chống lại sự tấn công của kẻ thù.
6,抵制,dǐ zhì,"tẩy chay, ngăn chặn",他们决定抵制这个产品。,tāmen juédìng dǐzhì zhège chǎnpǐn.,Họ quyết định tẩy chay sản phẩm này.
6,地步,dì bù,"tình trạng, tình hình",他的生活已经到了绝境。,tā de shēnghuó yǐjīng dàole juéjìng.,Cuộc sống của anh ấy đã đến mức không còn đường thoát.
6,地道,dì dao,"địa đạo, chính cống",这个地方的建筑很地道。,zhège dìfāng de jiànzhú hěn dìdao.,Các công trình xây dựng ở nơi này rất chính thống.
6,地势,dì shì,"địa thế, địa hình",山区的地势很险峻。,shānqū de dìshì hěn xiǎnjùn.,Địa thế của vùng núi rất hiểm trở.
6,递增,dì zēng,"tăng dần, tăng lên",他的工作量在不断递增。,tā de gōngzuòliàng zài bùduàn dìzēng.,Khối lượng công việc của anh ấy đang tăng lên không ngừng.
6,地质,dì zhì,địa chất,我们研究了地质结构。,wǒmen yánjiū le dìzhì jiégòu.,Chúng tôi đã nghiên cứu cấu trúc địa chất.
6,颠簸,diān bǒ,"lắc lư, chao đảo",飞机在空中颠簸。,fēijī zài kōngzhōng diānbǒ.,Máy bay rung lắc trên không trung.
6,颠倒,diān dǎo,"đảo lộn, lộn ngược",他把事情颠倒了。,tā bǎ shìqíng diāndǎo le.,Anh ấy đã đảo lộn mọi việc.
6,典礼,diǎn lǐ,"lễ, buổi lễ",他们在举行婚礼典礼。,tāmen zài jǔxíng hūnlǐ diǎnlǐ.,Họ đang tổ chức lễ cưới.
6,典型,diǎn xíng,"điển hình, mẫu mực",他是一个典型的好学生。,tā shì yī gè diǎnxíng de hǎo xuéshēng.,Anh ấy là một học sinh điển hình.
6,点缀,diǎn zhuì,"điểm xuyết, trang trí",我们在花园里点缀了一些花。,wǒmen zài huāyuán lǐ diǎnzhuì le yīxiē huā.,Chúng tôi đã trang trí một số hoa trong vườn.
6,垫,diàn,"đệm, lót",请在椅子上放一个垫子。,qǐng zài yǐzi shàng fàng yī gè diànzi.,Vui lòng đặt một cái đệm trên ghế.
6,奠定,diàn dìng,đặt nền móng,这个决定奠定了基础。,zhège juédìng diàndìng le jīchǔ.,Quyết định này đã đặt nền móng.
6,惦记,diàn jì,"nhớ nhung, lo lắng",我常常惦记着你。,wǒ chángcháng diànjì zhe nǐ.,Tôi thường xuyên nhớ đến bạn.
6,电源,diàn yuán,nguồn điện,确保电源是安全的。,quèbǎo diànyuán shì ānquán de.,Đảm bảo nguồn điện an toàn.
6,叼,diāo,ngậm,小狗叼着骨头。,xiǎogǒu diāo zhe gǔtou.,Chú chó ngậm khúc xương.
6,雕刻,diāo kè,điêu khắc,他擅长雕刻。,tā shàncháng diāokè.,Anh ấy giỏi chạm khắc.
6,雕塑,diāo sù,tượng điêu khắc,这座城市有许多雕塑。,zhè zuò chéngshì yǒu xǔduō diāosù.,Thành phố này có nhiều bức tượng.
6,吊,diào,"treo, móc",他从树上掉下来。,tā cóng shù shàng diào xiàlái.,Anh ấy rơi từ trên cây xuống.
6,调动,diào dòng,điều động,公司正在调动人事。,gōngsī zhèngzài diàodòng rénshì.,Công ty đang điều động nhân sự.
6,跌,diē,"ngã, rơi",他从楼梯上跌倒了。,tā cóng lóutī shàng diēdǎo le.,Anh ấy ngã từ cầu thang xuống.
6,盯,dīng,nhìn chăm chú,她一直盯着屏幕。,tā yīzhí dīng zhe píngmù.,Cô ấy cứ nhìn chằm chằm vào màn hình.
6,叮嘱,dīng zhǔ,dặn dò,妈妈叮嘱我多穿衣服。,māma dīngzhǔ wǒ duō chuān yīfú.,Mẹ dặn dò tôi mặc thêm áo.
6,定期,dìng qī,định kỳ,我们需要定期检查设备。,wǒmen xūyào dìngqī jiǎnchá shèbèi.,Chúng ta cần kiểm tra thiết bị định kỳ.
6,定义,dìng yì,định nghĩa,请给出一个明确的定义。,qǐng gěi chū yī gè míngquè de dìngyì.,Vui lòng đưa ra một định nghĩa rõ ràng.
6,丢人,diū rén,mất mặt,他的行为很丢人。,tā de xíngwéi hěn diūrén.,Hành vi của anh ấy thật mất mặt.
6,丢三落四,diū sān là sì,quên trước quên sau,他经常丢三落四。,tā jīngcháng diūsān-làsì.,Anh ấy thường xuyên hay quên.
6,东道主,dōng dào zhǔ,"chủ nhà, chủ tiệc",他们是这次活动的东道主。,tāmen shì zhè cì huódòng de dōngdàozhǔ.,Họ là chủ nhà của sự kiện này.
6,东张西望,dōng zhāng xī wàng,nhìn đông nhìn tây,小猫东张西望。,xiǎomāo dōngzhāngxīwàng.,Chú mèo con nhìn quanh quất.
6,董事长,dǒng shì zhǎng,chủ tịch hội đồng quản trị,他是公司的董事长。,tā shì gōngsī de dǒngshìzhǎng.,Anh ấy là chủ tịch hội đồng quản trị của công ty.
6,栋,dòng,"cây trụ, cây cột",这栋楼很高。,zhè dòng lóu hěn gāo.,Tòa nhà này rất cao.
6,动荡,dòng dàng,"động loạn, bất ổn",政治局势动荡。,zhèngzhì júshì dòngdàng.,Tình hình chính trị bất ổn.
6,动机,dòng jī,"động cơ, lý do",他有很强的动机。,tā yǒu hěn qiáng de dòngjī.,Anh ấy có động cơ rất mạnh.
6,冻结,dòng jié,đóng băng,他的账户被冻结了。,tā de zhànghù bèi dòngjié le.,Tài khoản của anh ấy đã bị đóng băng.
6,动静,dòng jìng,"động tĩnh, tình hình",外面很安静，没有动静。,"wàimiàn hěn ānjìng, méiyǒu dòngjìng.","Bên ngoài rất yên tĩnh, không có tiếng động."
6,动力,dòng lì,động lực,这个计划需要更多的动力。,zhège jìhuà xūyào gèng duō de dònglì.,Kế hoạch này cần thêm động lực.
6,动脉,dòng mài,động mạch,人体的动脉很重要。,réntǐ de dòngmài hěn zhòngyào.,Động mạch của cơ thể rất quan trọng.
6,动身,dòng shēn,"khởi hành, lên đường",他决定明天动身。,tā juédìng míngtiān dòngshēn.,Anh ấy quyết định khởi hành vào ngày mai.
6,动手,dòng shǒu,"ra tay, bắt tay",请大家动手准备晚餐。,qǐng dàjiā dòngshǒu zhǔnbèi wǎncān.,Mọi người hãy cùng nhau chuẩn bị bữa tối.
6,动态,dòng tài,tình trạng động,我们需要了解市场的动态。,wǒmen xūyào liǎojiě shìchǎng de dòngtài.,Chúng ta cần hiểu rõ động thái của thị trường.
6,洞穴,dòng xué,hang động,洞穴里很暗。,dòngxué lǐ hěn àn.,Trong hang rất tối.
6,动员,dòng yuán,động viên,我们需要动员所有人参与。,wǒmen xūyào dòngyuán suǒyǒu rén cānyù.,Chúng ta cần huy động tất cả mọi người tham gia.
6,兜,dōu,"túi, bao",他兜里有很多零钱。,tā dōu lǐ yǒu hěn duō língqián.,Trong túi anh ấy có nhiều tiền lẻ.
6,陡峭,dǒu qiào,"dốc đứng, hiểm trở",这座山很陡峭。,zhè zuò shān hěn dǒuqiào.,Ngọn núi này rất dốc.
6,斗争,dòu zhēng,đấu tranh,他们在进行斗争。,tāmen zài jìnxíng dòuzhēng.,Họ đang tiến hành đấu tranh.
6,督促,dū cù,"đốc thúc, thúc giục",老师督促学生们学习。,lǎoshī dūcù xuéshēngmen xuéxí.,Giáo viên đôn đốc học sinh học tập.
6,都市,dū shì,"đô thị, thành phố",这个都市很繁华。,zhège dūshì hěn fánhuá.,Thành phố này rất phồn hoa.
6,独裁,dú cái,độc tài,他是一个独裁者。,tā shì yī gè dúcáizhě.,Anh ấy là một kẻ độc tài.
6,毒品,dú pǐn,ma túy,毒品交易很危险。,dúpǐn jiāoyì hěn wēixiǎn.,Giao dịch ma túy rất nguy hiểm.
6,赌博,dǔ bó,"đánh bạc, cờ bạc",他沉迷于赌博，无法自拔,"tā chénmí yú dǔbó, wúfǎ zìbá.","Anh ấy nghiện cờ bạc, không thể tự thoát ra được."
6,堵塞,dǔ sè,tắc nghẽn,这个问题已经堵塞了进展。,zhège wèntí yǐjīng dǔsè le jìnzhǎn.,Vấn đề này đã cản trở sự tiến bộ.
6,杜绝,dù jué,"ngăn chặn, dứt tuyệt",我们必须杜绝浪费。,wǒmen bìxū dùjué làngfèi.,Chúng ta phải ngăn chặn lãng phí.
6,端,duān,"đầu, điểm",这是问题的关键点。,zhè shì wèntí de guānjiàn diǎn.,Đây là điểm then chốt của vấn đề.
6,端午节,duān wǔ jié,Tết Đoan Ngọ,我们在端午节吃粽子。,wǒmen zài duānwǔjié chī zòngzi.,Chúng tôi ăn bánh ú vào Tết Đoan Ngọ.
6,端正,duān zhèng,"chỉnh đốn, ngay thẳng",我们需要端正态度。,wǒmen xūyào duānzhèng tàidù.,Chúng ta cần chỉnh đốn thái độ.
6,短促,duǎn cù,ngắn ngủi,时间很短促。,shíjiān hěn duǎncù.,Thời gian rất ngắn ngủi.
6,断定,duàn dìng,"phán đoán, kết luận",我们断定他会成功。,wǒmen duàndìng tā huì chénggōng.,Chúng tôi kết luận rằng anh ấy sẽ thành công.
6,断断续续,duàn duàn xù xù,"ngắt quãng, rời rạc",信号断断续续。,xìnhào duànduàn-xùxù.,Tín hiệu bị gián đoạn.
6,断绝,duàn jué,đoạn tuyệt,他们断绝了关系。,tāmen duànjué le guānxì.,Họ đã cắt đứt quan hệ.
6,堆积,duī jī,"chất đống, tích lũy",垃圾堆积如山。,lājī duījī rú shān.,Rác chất đống như núi.
6,对策,duì cè,"đối sách, phương án",我们需要制定对策。,wǒmen xūyào zhìdìng duìcè.,Chúng ta cần đề ra biện pháp đối phó.
6,对称,duì chèn,đối xứng,这个建筑对称而美丽。,zhège jiànzhú duìchèn ér měilì.,Tòa nhà này cân xứng và đẹp.
6,对付,duì fù,"đối phó, xử lý",我们可以对付这个问题。,wǒmen kěyǐ duìfù zhège wèntí.,Chúng ta có thể giải quyết vấn đề này.
6,兑换,duì huàn,đổi (ngoại tệ),你可以去银行兑换货币。,nǐ kěyǐ qù yínháng duìhuàn huòbì.,Bạn có thể đến ngân hàng đổi tiền.
6,对抗,duì kàng,"đối kháng, chống lại",他们对抗了很久。,tāmen duìkàng le hěn jiǔ.,Họ đã chống đối nhau rất lâu.
6,对立,duì lì,"đối lập, đối kháng",他们的意见对立。,tāmen de yìjiàn duìlì.,Ý kiến của họ đối lập nhau.
6,对联,duì lián,câu đối,春节时我们贴对联。,Chūnjié shí wǒmen tiē duìlián.,Chúng tôi dán câu đối vào dịp Tết.
6,队伍,duì wǔ,đội ngũ,军队在训练中。,jūnduì zài xùnliàn zhōng.,Quân đội đang trong quá trình huấn luyện.
6,兑现,duì xiàn,"đổi hiện, thực hiện",他们兑现了承诺。,tāmen duìxiàn le chéngnuò.,Họ đã thực hiện lời hứa.
6,对应,duì yìng,"đối ứng, tương ứng",我们需要对应这些问题。,wǒmen xūyào duìyìng zhèxiē wèntí.,Chúng ta cần đối phó với những vấn đề này.
6,对照,duì zhào,"đối chiếu, so sánh",请对照这个表格检查。,qǐng duìzhào zhège biǎogé jiǎnchá.,Vui lòng đối chiếu bảng này để kiểm tra.
6,顿时,dùn shí,ngay lập tức,他听到消息后顿时哭了。,tā tīngdào xiāoxī hòu dùnshí kū le.,"Sau khi nghe tin, anh ấy lập tức khóc."
6,哆嗦,duō suo,"run rẩy, run lên",他冷得直哆嗦。,tā lěng de zhí duōsuo.,Anh ấy lạnh đến mức run rẩy.
6,多元化,duō yuán huà,đa dạng hóa,公司决定实行多元化策略。,gōngsī juédìng shíxíng duōyuánhuà cèlüè.,Công ty quyết định thực hiện chiến lược đa dạng hóa.
6,堕落,duò luò,"sa đọa, đồi bại",他因为堕落而失去了工作。,tā yīnwèi duòluò ér shīqù le gōngzuò.,Anh ấy mất việc vì sa ngã.
6,额外,é wài,"thêm, bổ sung",他做了很多额外的工作。,tā zuòle hěn duō éwài de gōngzuò.,Anh ấy đã làm rất nhiều công việc bổ sung.
6,恶心,ě xīn,"buồn nôn, ghê tởm",那种食物让我觉得恶心。,nà zhǒng shíwù ràng wǒ juéde ěxīn.,Món ăn đó làm tôi thấy buồn nôn.
6,恶化,è huà,trở nên xấu hơn,他的病情恶化了。,tā de bìngqíng èhuà le.,Tình trạng bệnh của anh ấy đã xấu đi.
6,遏制,è zhì,"kiềm chế, ngăn chặn",我们必须遏制这种行为。,wǒmen bìxū èzhì zhè zhǒng xíngwéi.,Chúng ta phải kiềm chế hành vi này.
6,恩怨,ēn yuàn,"ân oán, thù hận",他们之间有很多恩怨。,tāmen zhī jiān yǒu hěn duō ēnyuàn.,Họ có nhiều mối hận thù với nhau.
6,而已,ér yǐ,chỉ vậy thôi,他只是个普通人而已。,tā zhǐshì gè pǔtōng rén éryǐ.,Anh ấy chỉ là một người bình thường thôi.
6,耳环,ěr huán,khuyên tai,她戴了一对漂亮的耳环。,tā dài le yī duì piàoliang de ěrhuán.,Cô ấy đeo một đôi bông tai đẹp.
6,二氧化碳,èr yǎng huà tàn,khí CO2,植物通过光合作用吸收二氧化碳。,zhíwù tōngguò guānghé zuòyòng xīshōu èryǎnghuàtàn.,Thực vật hấp thụ CO2 thông qua quang hợp.
6,发布,fā bù,"phát hành, công bố",公司发布了最新的产品。,gōngsī fābù le zuìxīn de chǎnpǐn.,Công ty đã phát hành sản phẩm mới nhất.
6,发财,fā cái,"phát tài, làm giàu",他梦想着有一天能够发财。,tā mèngxiǎng zhe yǒu yī tiān nénggòu fācái.,Anh ấy mơ ước một ngày nào đó sẽ phát tài.
6,发呆,fā dāi,"ngẩn ngơ, ngây dại",他在课堂上发呆。,tā zài kètáng shàng fādāi.,Anh ấy thẫn thờ trong lớp học.
6,发动,fā dòng,"khởi động, phát động",他发动了汽车。,tā fādòng le qìchē.,Anh ấy khởi động xe ô tô.
6,发火,fā huǒ,"nổi giận, bốc cháy",她因为生气而发火。,tā yīnwèi shēngqì ér fāhuǒ.,Cô ấy tức giận nên nổi nóng.
6,发觉,fā jué,"phát hiện, nhận ra",我发觉他有点奇怪。,wǒ fājué tā yǒudiǎn qíguài.,Tôi nhận thấy anh ấy có chút kỳ lạ.
6,发射,fā shè,"phóng, bắn ra",火箭成功地发射了。,huǒjiàn chénggōng de fāshè le.,Tên lửa đã phóng thành công.
6,发誓,fā shì,"thề, tuyên thệ",他发誓永远不会撒谎。,tā fāshì yǒngyuǎn bù huì sāhuǎng.,Anh ấy thề rằng sẽ không bao giờ nói dối.
6,发行,fā xíng,phát hành,新书即将发行。,xīn shū jíjiāng fāxíng.,Cuốn sách mới sắp được phát hành.
6,发炎,fā yán,"viêm, sưng tấy",他的喉咙发炎了。,tā de hóulóng fāyán le.,Cổ họng của anh ấy bị viêm.
6,发扬,fā yáng,phát huy,我们应该发扬传统文化。,wǒmen yīnggāi fāyáng chuántǒng wénhuà.,Chúng ta nên phát huy văn hóa truyền thống.
6,发育,fā yù,"phát triển, trưởng thành",婴儿在健康地发育。,yīng'ér zài jiànkāng de fāyù.,Em bé đang phát triển khỏe mạnh.
6,法人,fǎ rén,pháp nhân,公司是一个法人实体。,gōngsī shì yī gè fǎrén shítǐ.,Công ty là một pháp nhân.
6,番,fān,"lượt, đợt",他经历了好几番挑战。,tā jīnglì le hǎo jǐ fān tiǎozhàn.,Anh ấy đã trải qua nhiều thử thách.
6,翻,fān,"lật, đảo",请把书翻到第十页。,qǐng bǎ shū fān dào dì shí yè.,Vui lòng lật sách đến trang 10.
6,繁华,fán huá,"phồn hoa, sầm uất",这座城市非常繁华。,zhè zuò chéngshì fēicháng fánhuá.,Thành phố này rất phồn hoa.
6,繁忙,fán máng,bận rộn,他每天的工作都很繁忙。,tā měitiān de gōngzuò dōu hěn fánmáng.,Công việc hàng ngày của anh ấy rất bận rộn.
6,繁体字,fán tǐ zì,chữ phồn thể,繁体字在台湾仍然使用。,fántǐzì zài Táiwān réngrán shǐyòng.,Chữ phồn thể vẫn được sử dụng ở Đài Loan.
6,繁殖,fán zhí,"sinh sản, nhân giống",细菌在适宜的条件下繁殖。,xìjūn zài shìyí de tiáojiàn xià fánzhí.,Vi khuẩn sinh sản trong điều kiện thích hợp.
6,反驳,fǎn bó,"phản bác, bác bỏ",他反驳了对方的观点。,tā fǎnbó le duìfāng de guāndiǎn.,Anh ấy phản bác quan điểm của đối phương.
6,反常,fǎn cháng,bất thường,今天天气反常地热。,jīntiān tiānqì fǎncháng de rè.,Thời tiết hôm nay nóng bất thường.
6,反倒,fǎn dào,"ngược lại, trái lại",事情反倒变得更糟了。,shìqíng fǎndào biàn de gèng zāo le.,Sự việc ngược lại trở nên tồi tệ hơn.
6,反动,fǎn dòng,phản động,他们是反动组织。,tāmen shì fǎndòng zǔzhī.,Họ là tổ chức phản động.
6,反感,fǎn gǎn,"phản cảm, ghét",他的行为让人反感。,tā de xíngwéi ràng rén fǎngǎn.,Hành vi của anh ấy khiến người ta ghét.
6,反抗,fǎn kàng,"phản kháng, chống cự",人民反抗了独裁政权。,rénmín fǎnkàng le dúcái zhèngquán.,Người dân đã chống lại chế độ độc tài.
6,反馈,fǎn kuì,phản hồi,这个产品收到了很多反馈。,zhège chǎnpǐn shōudào le hěn duō fǎnkuì.,Sản phẩm này đã nhận được nhiều phản hồi.
6,反面,fǎn miàn,"mặt trái, mặt khác",事情总有反面。,shìqíng zǒng yǒu fǎnmiàn.,Mọi chuyện đều có mặt trái.
6,反射,fǎn shè,"phản xạ, phản chiếu",镜子能反射光线。,jìngzi néng fǎnshè guāngxiàn.,Gương có thể phản xạ ánh sáng.
6,反思,fǎn sī,"suy nghĩ lại, ngẫm lại",我们需要反思自己的错误。,wǒmen xūyào fǎnsī zìjǐ de cuòwù.,Chúng ta cần suy ngẫm về lỗi lầm của mình.
6,反问,fǎn wèn,hỏi ngược lại,他反问道：“你为什么不试试？”,"tā fǎnwèn dào: ""nǐ wèishéme bù shìshi?""","Anh ấy hỏi ngược lại: ""Tại sao bạn không thử?"""
6,反之,fǎn zhī,ngược lại,反之，结果可能会不同。,"fǎnzhī, jiéguǒ kěnéng huì bùtóng.","Ngược lại, kết quả có thể sẽ khác."
6,范畴,fàn chóu,"phạm trù, lĩnh vực",这属于哲学的范畴。,zhè shǔyú zhéxué de fànchóu.,Điều này thuộc phạm trù triết học.
6,泛滥,fàn làn,"lan tràn, tràn lan",洪水泛滥成灾。,hóngshuǐ fànlàn chéng zāi.,Lũ lụt lan tràn gây ra thảm họa.
6,贩卖,fàn mài,"buôn bán, buôn lậu",他被指控贩卖毒品。,tā bèi zhǐkòng fànmài dúpǐn.,Anh ấy bị buộc tội buôn bán ma túy.
6,方位,fāng wèi,"phương vị, vị trí",请告诉我这个建筑的方位。,qǐng gàosù wǒ zhège jiànzhù de fāngwèi.,Vui lòng cho tôi biết vị trí của tòa nhà này.
6,方言,fāng yán,phương ngữ,他说的方言我听不懂。,tā shuō de fāngyán wǒ tīng bù dǒng.,Tôi không hiểu phương ngữ mà anh ấy nói.
6,方针,fāng zhēn,"phương châm, chính sách",公司已经制定了新的方针。,gōngsī yǐjīng zhìdìng le xīn de fāngzhēn.,Công ty đã thiết lập phương châm mới.
6,防守,fáng shǒu,phòng thủ,守门员负责防守球门。,shǒuményuán fùzé fángshǒu qiúmén.,Thủ môn chịu trách nhiệm bảo vệ khung thành.
6,防疫,fáng yì,phòng dịch,我们应该加强防疫措施。,wǒmen yīnggāi jiāqiáng fángyì cuòshī.,Chúng ta nên tăng cường các biện pháp phòng dịch.
6,防御,fáng yù,"phòng ngự, phòng vệ",城墙用来防御敌人。,chéngqiáng yòng lái fángyù dírén.,Thành trì được dùng để phòng ngự kẻ thù.
6,防止,fáng zhǐ,"ngăn ngừa, phòng chống",请防止这种情况发生。,qǐng fángzhǐ zhè zhǒng qíngkuàng fāshēng.,Vui lòng ngăn chặn tình huống này xảy ra.
6,防治,fáng zhì,phòng trị,我们需要防治这种疾病。,wǒmen xūyào fángzhì zhè zhǒng jíbìng.,Chúng ta cần phòng và chữa căn bệnh này.
6,纺织,fǎng zhī,"dệt, dệt may",这个地区的纺织业非常发达。,zhège dìqū de fǎngzhī yè fēicháng fādá.,Ngành dệt may ở khu vực này rất phát triển.
6,放大,fàng dà,phóng to,科学家放大了细菌的图像。,kēxuéjiā fàngdà le xìjūn de túxiàng.,Các nhà khoa học đã phóng to hình ảnh của vi khuẩn.
6,放射,fàng shè,"phát xạ, bức xạ",这种物质能放射出有害的辐射。,zhè zhǒng wùzhì néng fàngshè chū yǒuhài de fúshè.,Chất này có thể phát ra bức xạ có hại.
6,放手,fàng shǒu,"buông tay, thả tay",请放手，我自己能行。,"qǐng fàngshǒu, wǒ zìjǐ néng xíng.","Vui lòng buông tay, tôi có thể tự làm được."
6,非法,fēi fǎ,"phi pháp, bất hợp pháp",贩卖毒品是非法的。,fànmài dúpǐn shì fēifǎ de.,Buôn bán ma túy là bất hợp pháp.
6,飞禽走兽,fēi qín zǒu shòu,chim bay thú chạy,这个地方有很多飞禽走兽。,zhège dìfāng yǒu hěn duō fēiqín zǒushòu.,Nơi này có nhiều chim bay và thú chạy.
6,飞翔,fēi xiáng,bay lượn,鹰在空中自由飞翔。,yīng zài kōngzhōng zìyóu fēixiáng.,Đại bàng bay lượn tự do trên không trung.
6,飞跃,fēi yuè,"bay vọt, nhảy vọt",这项技术的发展飞跃。,zhè xiàng jìshù de fāzhǎn fēiyuè.,Sự phát triển của công nghệ này tiến bộ vượt bậc.
6,肥沃,féi wò,"màu mỡ, phì nhiêu",这片土地非常肥沃。,zhè piàn tǔdì fēicháng féiwò.,Mảnh đất này rất màu mỡ.
6,诽谤,fěi bàng,"phỉ báng, vu khống",他因为诽谤被起诉了。,tā yīnwèi fěibàng bèi qǐsù le.,Anh ấy bị kiện vì tội phỉ báng.
6,匪徒,fěi tú,"kẻ cướp, kẻ xấu",匪徒抢劫了银行。,fěitú qiǎngjié le yínháng.,Bọn cướp đã cướp ngân hàng.
6,废除,fèi chú,"bãi bỏ, hủy bỏ",政府决定废除这项法律。,zhèngfǔ juédìng fèichú zhè xiàng fǎlǜ.,Chính phủ quyết định bãi bỏ luật này.
6,沸腾,fèi téng,"sôi, sục sôi",水在沸腾。,shuǐ zài fèiténg.,Nước đang sôi.
6,废墟,fèi xū,"tàn tích, đống đổ nát",地震后，城市变成了废墟。,"dìzhèn hòu, chéngshì biàn chéng le fèixū.","Sau trận động đất, thành phố trở thành đống đổ nát."
6,分辨,fēn biàn,phân biệt,我能分辨出这两种颜色。,wǒ néng fēnbiàn chū zhè liǎng zhǒng yánsè.,Tôi có thể phân biệt hai màu này.
6,分寸,fēn cun,"chừng mực, mức độ",做事要掌握好分寸。,zuòshì yào zhǎngwò hǎo fēncùn.,Làm việc phải biết chừng mực.
6,吩咐,fēn fù,"dặn dò, căn dặn",他吩咐我去买些水果。,tā fēnfù wǒ qù mǎi xiē shuǐguǒ.,Anh ấy bảo tôi đi mua một ít trái cây.
6,分红,fēn hóng,"chia lãi, chia lợi tức",公司分红给每个员工。,gōngsī fēnhóng gěi měi gè yuángōng.,Công ty chia cổ tức cho từng nhân viên.
6,分解,fēn jiě,"phân giải, phân tích",科学家分解了这个化合物。,kēxuéjiā fēnjiě le zhège huàhéwù.,Các nhà khoa học đã phân giải hợp chất này.
6,分裂,fēn liè,"phân liệt, tách rời",这个国家面临分裂的危机。,zhège guójiā miànlín fēnliè de wēijī.,Quốc gia này đang đối mặt với nguy cơ chia rẽ.
6,分泌,fēn mì,"tiết ra, bài tiết",身体会分泌荷尔蒙。,shēntǐ huì fēnmì hè'ěrméng.,Cơ thể sẽ tiết ra hormone.
6,分明,fēn míng,"rõ ràng, phân minh",事实分明，他说的都是谎言。,"shìshí fēnmíng, tā shuō de dōu shì huǎngyán.","Sự thật rõ ràng, những gì anh ấy nói đều là nói dối."
6,分歧,fēn qí,"khác biệt, bất đồng",我们在这个问题上有分歧。,wǒmen zài zhège wèntí shàng yǒu fēnqí.,Chúng ta có sự khác biệt về vấn đề này.
6,分散,fēn sàn,"phân tán, tản ra",他因为工作的原因必须分散注意力。,tā yīnwèi gōngzuò de yuányīn bìxū fēnsàn zhùyìlì.,Anh ấy phải phân tán sự chú ý vì công việc.
6,分手,fēn shǒu,"chia tay, chia ly",他们决定分手了。,tāmen juédìng fēnshǒu le.,Họ quyết định chia tay.
6,坟墓,fén mù,"mộ phần, phần mộ",这个坟墓已有百年历史。,zhège fénmù yǐ yǒu bǎinián lìshǐ.,Ngôi mộ này đã có lịch sử trăm năm.
6,粉末,fěn mò,"bột, vụn",这药片可以变成粉末。,zhè yàopiàn kěyǐ biàn chéng fěnmò.,Viên thuốc này có thể biến thành bột.
6,粉色,fěn sè,màu hồng,她喜欢粉色的衣服。,tā xǐhuan fěnsè de yīfu.,Cô ấy thích quần áo màu hồng.
6,粉碎,fěn suì,"nghiền nát, phá tan",这台机器可以粉碎垃圾。,zhè tái jīqì kěyǐ fěnsuì lājī.,Cỗ máy này có thể nghiền nát rác.
6,分量,fèn liàng,"trọng lượng, khối lượng",这个包装的分量很足。,zhège bāozhuāng de fènliàng hěn zú.,Bao bì này có trọng lượng rất đủ.
6,风暴,fēng bào,"bão táp, cơn bão",海上风暴即将来临。,hǎi shàng fēngbào jíjiāng láilín.,Cơn bão trên biển sắp đến.
6,封闭,fēng bì,"phong bế, đóng kín",他把门窗封闭了。,tā bǎ ménchuāng fēngbì le.,Anh ấy đã đóng cửa sổ lại.
6,风度,fēng dù,"phong độ, tư cách",他的风度非常优雅。,tā de fēngdù fēicháng yōuyǎ.,Phong cách của anh ấy rất lịch lãm.
6,风光,fēng guāng,"phong cảnh, cảnh đẹp",我们在山顶上欣赏风光。,wǒmen zài shāndǐng shàng xīnshǎng fēngguāng.,Chúng tôi ngắm cảnh trên đỉnh núi.
6,封建,fēng jiàn,phong kiến,这本书讨论了封建社会。,zhè běn shū tǎolùn le fēngjiàn shèhuì.,Cuốn sách này thảo luận về xã hội phong kiến.
6,锋利,fēng lì,"sắc bén, nhọn",这把刀非常锋利。,zhè bǎ dāo fēicháng fēnglì.,Con dao này rất sắc bén.
6,丰满,fēng mǎn,"đầy đặn, phong phú",他有一副丰满的身材。,tā yǒu yī fù fēngmǎn de shēncái.,Anh ấy có một thân hình đầy đặn.
6,风气,fēng qì,"phong tục, tập quán",这里的风气很好。,zhèlǐ de fēngqì hěn hǎo.,Bầu không khí ở đây rất tốt.
6,风趣,fēng qù,"hài hước, dí dỏm",他讲故事很有风趣。,tā jiǎng gùshì hěn yǒu fēngqù.,Anh ấy kể chuyện rất hài hước.
6,丰盛,fēng shèng,"phong phú, thịnh soạn",秋天是一个丰盛的季节。,qiūtiān shì yī gè fēngshèng de jìjié.,Mùa thu là một mùa bội thu.
6,丰收,fēng shōu,"bội thu, mùa màng tốt",今年的丰收令人欣喜。,jīnnián de fēngshōu lìng rén xīnxǐ.,Vụ mùa năm nay bội thu khiến người ta vui mừng.
6,封锁,fēng suǒ,phong tỏa,我们必须封锁边界。,wǒmen bìxū fēngsuǒ biānjiè.,Chúng ta phải phong tỏa biên giới.
6,风土人情,fēng tǔ rén qíng,phong tục tập quán,这里的风土人情很有特色。,zhèlǐ de fēngtǔ rénqíng hěn yǒu tèsè.,Phong tục và con người ở đây rất đặc sắc.
6,风味,fēng wèi,"hương vị, phong vị",这个餐厅的风味独特。,zhège cāntīng de fēngwèi dútè.,Hương vị của nhà hàng này rất đặc biệt.
6,逢,féng,"gặp gỡ, gặp phải",我们每逢春节都回家。,wǒmen měi féng chūnjié dōu huíjiā.,Chúng tôi về nhà vào mỗi dịp Tết.
6,奉献,fèng xiàn,"hiến dâng, cống hiến",他一生都在奉献给科学。,tā yīshēng dōu zài fèngxiàn gěi kēxué.,Anh ấy cống hiến cả đời cho khoa học.
6,否决,fǒu jué,"phủ quyết, bác bỏ",这个提案被否决了。,zhège tí'àn bèi fǒujué le.,Đề xuất này đã bị bác bỏ.
6,夫妇,fū fù,vợ chồng,他们是一对幸福的夫妇。,tāmen shì yī duì xìngfú de fūfù.,Họ là một cặp vợ chồng hạnh phúc.
6,夫人,fū rén,phu nhân,他的夫人非常优雅。,tā de fūrén fēicháng yōuyǎ.,Vợ của anh ấy rất tao nhã.
6,敷衍,fū yǎn,"qua loa, đại khái",他总是敷衍了事。,tā zǒng shì fūyǎn liǎoshì.,Anh ấy luôn làm việc qua loa.
6,幅度,fú dù,"biên độ, phạm vi",今年收入的幅度增加了。,jīnnián shōurù de fúdù zēngjiā le.,Mức độ thu nhập năm nay đã tăng.
6,符号,fú hào,ký hiệu,数学符号非常重要。,shùxué fúhào fēicháng zhòngyào.,Ký hiệu toán học rất quan trọng.
6,福利,fú lì,phúc lợi,公司提供了很多福利。,gōngsī tígōng le hěn duō fúlì.,Công ty cung cấp nhiều phúc lợi.
6,俘虏,fú lǔ,"bắt giữ, tù binh",战争中有很多俘虏。,zhànzhēng zhōng yǒu hěn duō fúlǔ.,Có nhiều tù binh trong chiến tranh.
6,服气,fú qì,"phục tùng, chịu phục",他对自己的成绩非常服气。,tā duì zìjǐ de chéngjī fēicháng fúqì.,Anh ấy rất hài lòng với kết quả của mình.
6,福气,fú qì,"may mắn, phúc đức",他的家庭非常有福气。,tā de jiātíng fēicháng yǒu fúqì.,Gia đình anh ấy rất may mắn.
6,辐射,fú shè,"bức xạ, tia phóng xạ",这种物质会辐射出有害物质。,zhè zhǒng wùzhì huì fúshè chū yǒuhài wùzhì.,Chất này sẽ phát ra các chất có hại.
6,腐败,fǔ bài,"tham nhũng, thối nát",腐败的官员必须受到惩罚。,fǔbài de guānyuán bìxū shòudào chéngfá.,Các quan chức tham nhũng phải bị trừng phạt.
6,腐烂,fǔ làn,"thối rữa, mục nát",苹果已经开始腐烂了。,píngguǒ yǐjīng kāishǐ fǔlàn le.,Quả táo đã bắt đầu thối rữa.
6,腐蚀,fǔ shí,"ăn mòn, bào mòn",金属表面被腐蚀了。,jīnshǔ biǎomiàn bèi fǔshí le.,Bề mặt kim loại đã bị ăn mòn.
6,腐朽,fǔ xiǔ,"mục nát, lạc hậu",这段木头已经腐朽了。,zhè duàn mùtou yǐjīng fǔxiǔ le.,Mảnh gỗ này đã bị mục nát.
6,抚养,fǔ yǎng,nuôi dưỡng,父母有责任抚养孩子。,fùmǔ yǒu zérèn fǔyǎng háizi.,Cha mẹ có trách nhiệm nuôi dưỡng con cái.
6,俯仰,fǔ yǎng,"cúi ngửa, nhấp nhổm",他的表情俯仰之间变化多端。,tā de biǎoqíng fǔyǎng zhījiān biànhuà duōduān.,Biểu cảm của anh ấy thay đổi liên tục.
6,辅助,fǔ zhù,"hỗ trợ, trợ giúp",我们需要一些辅助工具。,wǒmen xūyào yīxiē fǔzhù gōngjù.,Chúng tôi cần một số công cụ hỗ trợ.
6,副,fù,"phó, phụ",他是副经理。,tā shì fù jīnglǐ.,Anh ấy là phó giám đốc.
6,负担,fù dān,"gánh nặng, chịu trách nhiệm",这个项目对我们来说是一个负担。,zhège xiàngmù duì wǒmen lái shuō shì yīgè fùdān.,Dự án này là một gánh nặng đối với chúng tôi.
6,覆盖,fù gài,"che phủ, bao phủ",山上覆盖着厚厚的积雪。,shān shàng fùgài zhe hòuhòu de jīxuě.,Trên núi phủ đầy tuyết dày.
6,附和,fù hè,"phụ họa, theo",他们总是附和老板的意见。,tāmen zǒng shì fùhè lǎobǎn de yìjiàn.,Họ luôn đồng ý với ý kiến của ông chủ.
6,复活,fù huó,"phục hồi, tái sinh",这个传统节日复活了。,zhège chuántǒng jiérì fùhuó le.,Lễ hội truyền thống này đã được hồi sinh.
6,附件,fù jiàn,tệp đính kèm,我把附件发给你了。,wǒ bǎ fùjiàn fā gěi nǐ le.,Tôi đã gửi tệp đính kèm cho bạn.
6,附属,fù shǔ,phụ thuộc,这所学校是大学的附属机构。,zhè suǒ xuéxiào shì dàxué de fùshǔ jīgòu.,Trường này là một tổ chức trực thuộc đại học.
6,腹泻,fù xiè,tiêu chảy,他吃了不洁的食物，结果腹泻了。,"tā chī le bùjié de shíwù, jiéguǒ fùxiè le.","Anh ấy ăn phải thức ăn không sạch, kết quả là bị tiêu chảy."
6,复兴,fù xīng,phục hưng,这个国家正在复兴。,zhège guójiā zhèngzài fùxīng.,Quốc gia này đang phục hưng.
6,赋予,fù yǔ,"trao cho, giao cho",我们赋予他新的职责。,wǒmen fùyǔ tā xīn de zhízé.,Chúng tôi giao cho anh ấy nhiệm vụ mới.
6,富裕,fù yù,"giàu có, phong phú",他的家庭非常富裕。,tā de jiātíng fēicháng fùyù.,Gia đình anh ấy rất giàu có.
6,副作用,fù zuò yòng,tác dụng phụ,这个药有副作用。,zhège yào yǒu fùzuòyòng.,Thuốc này có tác dụng phụ.
6,改良,gǎi liáng,"cải tiến, cải tạo",我们需要改良这个系统。,wǒmen xūyào gǎiliáng zhège xìtǒng.,Chúng ta cần cải tiến hệ thống này.
6,盖章,gài zhāng,"đóng dấu, ký tên",请在文件上盖章。,qǐng zài wénjiàn shàng gàizhāng.,Vui lòng đóng dấu vào tài liệu.
6,尴尬,gān gà,"ngượng ngùng, khó xử",他感到非常尴尬。,tā gǎndào fēicháng gāngà.,Anh ấy cảm thấy rất xấu hổ.
6,干旱,gān hàn,"khô hạn, hạn hán",这个地区干旱了很多年。,zhège dìqū gānhàn le hěn duō nián.,Khu vực này đã khô hạn trong nhiều năm.
6,干扰,gān rǎo,"can thiệp, quấy rầy",不要干扰他工作。,bùyào gānrǎo tā gōngzuò.,Đừng làm phiền công việc của anh ấy.
6,干涉,gān shè,can thiệp,他们干涉了我们的计划。,tāmen gānshè le wǒmen de jìhuà.,Họ đã can thiệp vào kế hoạch của chúng tôi.
6,甘心,gān xīn,"cam tâm, vui lòng",他甘心做这个工作。,tā gānxīn zuò zhège gōngzuò.,Anh ấy sẵn lòng làm công việc này.
6,干预,gān yù,"can dự, can thiệp",我们不能干预他的选择。,wǒmen bùnéng gānyù tā de xuǎnzé.,Chúng ta không thể can thiệp vào sự lựa chọn của anh ấy.
6,感慨,gǎn kǎi,"cảm khái, xúc động",他感慨地说，生活不容易。,"tā gǎnkǎi de shuō, shēnghuó bù róngyì.",Anh ấy cảm thán rằng cuộc sống không dễ dàng.
6,感染,gǎn rǎn,"lây nhiễm, truyền nhiễm",他被感染了流感。,tā bèi gǎnrǎn le liúgǎn.,Anh ấy bị nhiễm cúm.
6,干劲,gàn jìn,"nhiệt tình, hăng hái",工人们干劲十足地工作。,gōngrénmen gànjìn shízú de gōngzuò.,Công nhân làm việc đầy năng lượng.
6,扛,káng,"vác, gánh",他扛着一袋米回家。,tā káng zhe yī dài mǐ huí jiā.,Anh ấy vác một bao gạo về nhà.
6,刚刚,gāng gāng,"vừa mới, vừa lúc",我刚刚完成任务。,wǒ gānggāng wánchéng rènwù.,Tôi vừa mới hoàn thành nhiệm vụ.
6,纲领,gāng lǐng,cương lĩnh,党的纲领非常明确。,dǎng de gānglǐng fēicháng míngquè.,Cương lĩnh của đảng rất rõ ràng.
6,港口,gǎng kǒu,"cảng, bến cảng",这个港口非常繁忙。,zhège gǎngkǒu fēicháng fánmáng.,Cảng này rất bận rộn.
6,港湾,gǎng wān,vịnh cảng,这个港湾是一个天然避风港。,zhège gǎngwān shì yī gè tiānrán bìfēnggǎng.,Cảng này là một bến cảng tránh gió tự nhiên.
6,岗位,gǎng wèi,"vị trí, cương vị",他在这个岗位工作了十年。,tā zài zhège gǎngwèi gōngzuò le shí nián.,Anh ấy đã làm việc ở vị trí này mười năm.
6,杠杆,gàng gǎn,đòn bẩy,杠杆原理非常重要。,gànggǎn yuánlǐ fēicháng zhòngyào.,Nguyên lý đòn bẩy rất quan trọng.
6,高超,gāo chāo,"cao siêu, xuất sắc",他的技术非常高超。,tā de jìshù fēicháng gāochāo.,Kỹ thuật của anh ấy rất cao siêu.
6,高潮,gāo cháo,"cao trào, đỉnh cao",会议达到了高潮。,huìyì dádào le gāocháo.,Cuộc họp đã đạt đến đỉnh cao.
6,高峰,gāo fēng,"đỉnh cao, cao điểm",我们爬上了山的高峰。,wǒmen páshàng le shān de gāofēng.,Chúng tôi đã leo lên đỉnh núi.
6,高考,gāo kǎo,kỳ thi đại học,他通过了高考。,tā tōngguò le gāokǎo.,Anh ấy đã đỗ kỳ thi đại học.
6,高明,gāo míng,"cao minh, thông minh",他的见解非常高明。,tā de jiànjiě fēicháng gāomíng.,Quan điểm của anh ấy rất sáng suốt.
6,高尚,gāo shàng,"cao thượng, cao quý",他是一个高尚的人。,tā shì yī gè gāoshàng de rén.,Anh ấy là một người cao thượng.
6,高涨,gāo zhǎng,"tăng cao, nổi lên",物价最近一直在高涨。,wùjià zuìjìn yīzhí zài gāozhǎng.,Giá cả gần đây luôn tăng cao.
6,稿件,gǎo jiàn,"bản thảo, tài liệu",他提交了一份稿件。,tā tíjiāo le yī fèn gǎojiàn.,Anh ấy đã nộp một bản thảo.
6,告辞,gào cí,"cáo từ, từ biệt",我们告辞了主人。,wǒmen gàocí le zhǔrén.,Chúng tôi đã chào tạm biệt chủ nhà.
6,告诫,gào jiè,"cảnh cáo, nhắc nhở",老师告诫我们要努力学习。,lǎoshī gàojiè wǒmen yào nǔlì xuéxí.,Giáo viên nhắc nhở chúng tôi phải học tập chăm chỉ.
6,割,gē,"cắt, gặt",他割破了手指。,tā gē pò le shǒuzhǐ.,Anh ấy cắt trúng ngón tay.
6,搁,gē,"đặt, để",请把东西搁在桌子上。,qǐng bǎ dōngxī gē zài zhuōzi shàng.,Hãy đặt đồ vật lên bàn.
6,疙瘩,gē da,"mụn, cục",他脸上长了一个疙瘩。,tā liǎn shàng zhǎng le yī gè gēda.,Anh ấy có một cái mụn trên mặt.
6,歌颂,gē sòng,"ca ngợi, ca tụng",我们歌颂英雄的事迹。,wǒmen gēsòng yīngxióng de shìjì.,Chúng tôi ca ngợi những việc làm của anh hùng.
6,隔阂,gé hé,"ngăn cách, trở ngại",他们之间存在隔阂。,tāmen zhījiān cúnzài géhé.,Giữa họ tồn tại sự ngăn cách.
6,格局,gé jú,"cấu trúc, bố cục",房子的格局很好。,fángzi de géjú hěn hǎo.,Bố cục của ngôi nhà rất tốt.
6,隔离,gé lí,cách ly,病人需要隔离。,bìngrén xūyào gélí.,Bệnh nhân cần được cách ly.
6,格式,gé shì,"kiểu mẫu, khuôn mẫu",请按照规定的格式填写表格。,qǐng ànzhào guīdìng de géshì tiánxiě biǎogé.,Vui lòng điền vào mẫu theo định dạng quy định.
6,各抒己见,gè shū jǐ jiàn,mỗi người một ý,会议上，各抒己见。,"huìyì shàng, gèshūjǐjiàn.","Tại cuộc họp, mỗi người bày tỏ ý kiến của mình."
6,个体,gè tǐ,"cá thể, cá nhân",这家店是个体经营的。,zhè jiā diàn shì gètǐ jīngyíng de.,Cửa hàng này là kinh doanh cá thể.
6,各自,gè zì,"từng người, mỗi người",他们各自回家了。,tāmen gèzì huíjiā le.,Mỗi người họ đã về nhà.
6,跟前,gēn qián,"trước mặt, bên cạnh",她在我的跟前。,tā zài wǒ de gēnqián.,Cô ấy ở trước mặt tôi.
6,根深蒂固,gēn shēn dì gù,ăn sâu bám rễ,这种思想已经根深蒂固。,zhè zhǒng sīxiǎng yǐjīng gēnshēndìgù.,Tư tưởng này đã ăn sâu bám rễ.
6,跟随,gēn suí,"theo đuôi, đi theo",孩子们跟随着老师走。,háizimen gēnsuízhe lǎoshī zǒu.,Các em nhỏ theo sau giáo viên.
6,根源,gēn yuán,"căn nguyên, nguồn gốc",这个问题的根源很复杂。,zhège wèntí de gēnyuán hěn fùzá.,Nguyên nhân của vấn đề này rất phức tạp.
6,跟踪,gēn zōng,"theo dõi, bám đuôi",我们正在跟踪调查。,wǒmen zhèngzài gēnzōng diàochá.,Chúng tôi đang theo dõi điều tra.
6,耕地,gēng dì,"canh tác, trồng trọt",农民正在耕地。,nóngmín zhèngzài gēngdì.,Nông dân đang cày ruộng.
6,更新,gēng xīn,"đổi mới, cập nhật",他们决定更新设备。,tāmen juédìng gēngxīn shèbèi.,Họ quyết định nâng cấp thiết bị.
6,更正,gēng zhèng,"cải chính, sửa lại",请更正这个错误。,qǐng gēngzhèng zhège cuòwù.,Vui lòng sửa lỗi này.
6,公安局,gōng ān jú,công an,我们需要去公安局办理手续。,wǒmen xūyào qù gōng'ānjú bànlǐ shǒuxù.,Chúng tôi cần đến công an để làm thủ tục.
6,供不应求,gōng bù yìng qiú,cung không đủ cầu,这种商品供不应求。,zhè zhǒng shāngpǐn gōngbùyìngqiú.,Sản phẩm này cung không đủ cầu.
6,公道,gōng dào,"công bằng, hợp lý",这个建议很公道。,zhège jiànyì hěn gōngdào.,Đề nghị này rất hợp lý.
6,宫殿,gōng diàn,cung điện,这座宫殿非常壮丽。,zhè zuò gōngdiàn fēicháng zhuànglì.,Cung điện này rất tráng lệ.
6,工夫,gōng fu,"công phu, thời gian",他有很多空闲的工夫。,tā yǒu hěn duō kòngxián de gōngfu.,Anh ấy có nhiều thời gian rảnh rỗi.
6,公告,gōng gào,thông báo,他们发布了公告。,tāmen fābù le gōnggào.,Họ đã công bố thông báo.
6,公关,gōng guān,quan hệ công chúng,公关人员正在处理这个问题。,gōngguān rényuán zhèngzài chǔlǐ zhège wèntí.,Nhân viên quan hệ công chúng đang xử lý vấn đề này.
6,攻击,gōng jī,tấn công,我们必须攻击敌人。,wǒmen bìxū gōngjī dírén.,Chúng ta phải tấn công kẻ thù.
6,供给,gōng jǐ,cung cấp,我们会及时供给物资。,wǒmen huì jíshí gōngjǐ wùzī.,Chúng tôi sẽ cung cấp vật liệu kịp thời.
6,恭敬,gōng jìng,"kính cẩn, cung kính",他对长辈很恭敬。,tā duì zhǎngbèi hěn gōngjìng.,Anh ấy rất kính trọng người lớn.
6,功课,gōng kè,"bài tập, môn học",我每天都有很多功课。,wǒ měitiān dōu yǒu hěn duō gōngkè.,Tôi có rất nhiều bài tập mỗi ngày.
6,攻克,gōng kè,"công phá, chinh phục",我们攻克了技术难题。,wǒmen gōngkè le jìshù nántí.,Chúng tôi đã chinh phục được vấn đề kỹ thuật.
6,功劳,gōng láo,công lao,他的功劳很大。,tā de gōngláo hěn dà.,Công lao của anh ấy rất lớn.
6,公民,gōng mín,công dân,每个公民都有责任。,měi gè gōngmín dōu yǒu zérèn.,Mỗi công dân đều có trách nhiệm.
6,公婆,gōng pó,cha mẹ chồng,我的公婆住在一起。,wǒ de gōngpó zhù zài yīqǐ.,Tôi sống cùng bố mẹ chồng.
6,公然,gōng rán,công khai,他公然违背了规定。,tā gōngrán wéibèi le guīdìng.,Anh ấy công khai vi phạm quy định.
6,公认,gōng rèn,công nhận,这种产品得到了公认。,zhè zhǒng chǎnpǐn dédào le gōngrèn.,Sản phẩm này đã được công nhận.
6,公式,gōng shì,công thức,数学公式很重要。,shùxué gōngshì hěn zhòngyào.,Công thức toán học rất quan trọng.
6,公务,gōng wù,"công vụ, công tác",他是公务员。,tā shì gōngwùyuán.,Anh ấy là công chức.
6,功效,gōng xiào,hiệu quả,这种药物的功效很好。,zhè zhǒng yàowù de gōngxiào hěn hǎo.,Hiệu quả của loại thuốc này rất tốt.
6,工艺品,gōng yì pǐn,đồ thủ công mỹ nghệ,我喜欢收集工艺品。,wǒ xǐhuān shōují gōngyìpǐn.,Tôi thích sưu tầm đồ thủ công mỹ nghệ.
6,公正,gōng zhèng,"công bằng, chính trực",他是一个公正的人。,tā shì yī gè gōngzhèng de rén.,Anh ấy là một người công bằng.
6,公证,gōng zhèng,công chứng,我们需要去公证处。,wǒmen xūyào qù gōngzhèngchù.,Chúng tôi cần đến văn phòng công chứng.
6,巩固,gǒng gù,củng cố,我们要巩固我们的成果。,wǒmen yào gǒnggù wǒmen de chéngguǒ.,Chúng ta cần củng cố kết quả của mình.
6,共和国,gòng hé guó,nước cộng hòa,中国是中华人民共和国。,zhōngguó shì zhōnghuá rénmín gònghéguó.,Trung Quốc là Cộng hòa Nhân dân Trung Hoa.
6,共计,gòng jì,tổng cộng,我们这次旅游共计花费了五千元。,Wǒmen zhè cì lǚyóu gòngjì huāfèi le wǔqiān yuán.,Chuyến du lịch lần này của chúng tôi tổng cộng chi phí năm nghìn nhân dân tệ.
6,共鸣,gòng míng,"cộng hưởng, đồng cảm",这首歌引起了许多人的共鸣。,Zhè shǒu gē yǐnqǐ le xǔduō rén de gòngmíng.,Bài hát này đã gây được sự đồng cảm từ nhiều người.
6,勾结,gōu jié,"cấu kết, thông đồng",他们被发现与敌人勾结。,Tāmen bèi fāxiàn yǔ dírén gōujié.,Họ bị phát hiện câu kết với kẻ thù.
6,钩子,gōu zi,"cái móc, cái lưỡi câu",他用钩子把门锁打开了。,Tā yòng gōuzi bǎ mén suǒ dǎkāi le.,Anh ấy dùng móc mở khóa cửa.
6,构思,gòu sī,"cấu tứ, suy nghĩ",他正在构思一个新的小说。,Tā zhèngzài gòusī yī gè xīn de xiǎoshuō.,Anh ấy đang phác thảo một tiểu thuyết mới.
6,孤独,gū dú,"cô độc, cô đơn",她感到非常孤独。,Tā gǎndào fēicháng gūdú.,Cô ấy cảm thấy rất cô đơn.
6,辜负,gū fù,"phụ lòng, phụ sự kỳ vọng",他辜负了我们的期望。,Tā gūfù le wǒmen de qīwàng.,Anh ấy đã phụ lòng mong đợi của chúng tôi.
6,孤立,gū lì,"cô lập, đơn độc",她被同事们孤立了。,Tā bèi tóngshìmen gūlì le.,Cô ấy bị đồng nghiệp cô lập.
6,姑且,gū qiě,"tạm thời, tạm thời cứ",姑且试试这个方法吧。,Gūqiě shìshì zhège fāngfǎ ba.,Tạm thời thử phương pháp này xem sao.
6,股东,gǔ dōng,cổ đông,股东们决定增加投资。,Gǔdōngmen juédìng zēngjiā tóuzī.,Các cổ đông quyết định tăng thêm đầu tư.
6,古董,gǔ dǒng,"cổ vật, đồ cổ",这件古董非常珍贵。,Zhè jiàn gǔdǒng fēicháng zhēnguì.,Cổ vật này rất quý giá.
6,鼓动,gǔ dòng,"cổ động, kích động",他努力鼓动大家参加活动。,Tā nǔlì gǔdòng dàjiā cānjiā huódòng.,Anh ấy cố gắng cổ vũ mọi người tham gia hoạt động.
6,股份,gǔ fèn,cổ phần,公司的股份上涨了。,Gōngsī de gǔfèn shàngzhǎng le.,Cổ phần của công ty đã tăng.
6,骨干,gǔ gàn,"nòng cốt, trụ cột",他是公司里的骨干员工。,Tā shì gōngsī lǐ de gǔgàn yuángōng.,Anh ấy là nhân viên nòng cốt trong công ty.
6,古怪,gǔ guài,"kỳ quái, kỳ lạ",他的行为很古怪。,Tā de xíngwéi hěn gǔguài.,Hành vi của anh ấy rất kỳ lạ.
6,顾虑,gù lǜ,"lo ngại, e ngại",我对这件事有些顾虑。,Wǒ duì zhè jiàn shì yǒuxiē gùlǜ.,Tôi có một chút lo ngại về chuyện này.
6,固然,gù rán,"cố nhiên, dĩ nhiên",固然他很聪明，但还需要努力。,"Gùrán tā hěn cōngmíng, dàn hái xūyào nǔlì.","Tất nhiên anh ấy rất thông minh, nhưng vẫn cần cố gắng."
6,顾问,gù wèn,cố vấn,他是公司的顾问。,Tā shì gōngsī de gùwèn.,Anh ấy là cố vấn của công ty.
6,故乡,gù xiāng,"cố hương, quê hương",我非常想念我的故乡。,Wǒ fēicháng xiǎngniàn wǒ de gùxiāng.,Tôi rất nhớ quê hương của mình.
6,固有,gù yǒu,"vốn có, sẵn có",这种文化是我们固有的传统。,Zhè zhǒng wénhuà shì wǒmen gùyǒu de chuántǒng.,Văn hóa này là truyền thống vốn có của chúng tôi.
6,故障,gù zhàng,"trục trặc, hỏng hóc",机器出了故障。,Jīqì chū le gùzhàng.,Máy móc bị hỏng.
6,固执,gù zhí,"cố chấp, bướng bỉnh",他是个很固执的人。,Tā shì gè hěn gùzhí de rén.,Anh ấy là một người rất bướng bỉnh.
6,拐杖,guǎi zhàng,"gậy chống, gậy chống đi",他需要一根拐杖来行走。,Tā xūyào yī gēn guǎizhàng lái xíngzǒu.,Anh ấy cần một cây gậy để đi lại.
6,官方,guān fāng,"chính thức, của chính phủ",这是官方的声明。,Zhè shì guānfāng de shēngmíng.,Đây là tuyên bố chính thức.
6,观光,guān guāng,"tham quan, du lịch",我们打算去北京观光。,Wǒmen dǎsuàn qù Běijīng guānguāng.,Chúng tôi định đi tham quan Bắc Kinh.
6,关照,guān zhào,"quan tâm, chăm sóc",谢谢你的关照。,Xièxiè nǐ de guānzhào.,Cảm ơn sự quan tâm của bạn.
6,管辖,guǎn xiá,"quản lý, cai quản",他负责管辖这个地区。,Tā fùzé guǎnxiá zhè gè dìqū.,Anh ấy chịu trách nhiệm quản lý khu vực này.
6,罐,guàn,"bình, lọ, hũ",他喝了一罐啤酒。,Tā hē le yī guàn píjiǔ.,Anh ấy đã uống một lon bia.
6,贯彻,guàn chè,quán triệt,我们需要贯彻执行这个计划。,Wǒmen xūyào guànchè zhíxíng zhège jìhuà.,Chúng ta cần thực hiện kế hoạch này triệt để.
6,灌溉,guàn gài,"tưới tiêu, tưới",农民们在灌溉田地。,Nóngmínmen zài guàngài tiándì.,Nông dân đang tưới tiêu ruộng đồng.
6,惯例,guàn lì,"thói quen, thông lệ",根据惯例，这个节日要庆祝三天。,"Gēnjù guànlì, zhège jiérì yào qìngzhù sān tiān.","Theo thông lệ, lễ hội này kéo dài ba ngày."
6,光彩,guāng cǎi,"rực rỡ, vẻ vang",他的脸上充满了光彩。,Tā de liǎn shàng chōngmǎn le guāngcǎi.,Gương mặt anh ấy đầy ánh sáng rực rỡ.
6,光辉,guāng huī,"hào quang, ánh sáng",太阳的光辉照亮了整个城市。,Tàiyáng de guānghuī zhàoliàng le zhěnggè chéngshì.,Ánh sáng mặt trời chiếu sáng cả thành phố.
6,光芒,guāng máng,"tia sáng, ánh sáng",她的眼睛闪烁着光芒。,Tā de yǎnjīng shǎnshuò zhe guāngmáng.,Đôi mắt cô ấy lấp lánh ánh sáng.
6,广阔,guǎng kuò,"rộng lớn, bao la",广阔的草原令人心旷神怡。,Guǎngkuò de cǎoyuán lìng rén xīnkuàngshényí.,Đồng cỏ mênh mông khiến người ta cảm thấy thư thái.
6,规范,guī fàn,"quy phạm, quy tắc",我们要遵守规范。,Wǒmen yào zūnshǒu guīfàn.,Chúng ta phải tuân thủ các quy tắc.
6,规格,guī gé,"tiêu chuẩn, quy cách",产品的规格必须符合标准。,Chǎnpǐn de guīgé bìxū fúhé biāozhǔn.,Quy cách của sản phẩm phải đạt tiêu chuẩn.
6,归根到底,guī gēn dào dǐ,"xét đến cùng, cuối cùng",归根到底，这是个态度问题。,"Guīgēn dàodǐ, zhè shì gè tàidù wèntí.","Cuối cùng thì, đây là vấn đề thái độ."
6,规划,guī huà,"quy hoạch, kế hoạch",我们正在规划明年的工作。,Wǒmen zhèngzài guīhuà míngnián de gōngzuò.,Chúng tôi đang lập kế hoạch cho công việc của năm tới.
6,归还,guī huán,"hoàn trả, trả lại",请归还借的书。,Qǐng guīhuán jiè de shū.,Vui lòng trả lại sách đã mượn.
6,归纳,guī nà,"quy nạp, tóm lại",这篇文章归纳了主要观点。,Zhè piān wénzhāng guīnà le zhǔyào guāndiǎn.,Bài viết này đã tóm tắt các điểm chính.
6,规章,guī zhāng,"quy định, quy tắc",我们要遵守公司的规章制度。,Wǒmen yào zūnshǒu gōngsī de guīzhāng zhìdù.,Chúng ta phải tuân thủ quy định của công ty.
6,轨道,guǐ dào,"quỹ đạo, đường ray",火车正在轨道上运行。,Huǒchē zhèngzài guǐdào shàng yùnxíng.,Tàu hỏa đang chạy trên đường ray.
6,跪,guì,quỳ,他跪在地上请求原谅。,Tā guì zài dìshàng qǐngqiú yuánliàng.,Anh ấy quỳ xuống đất cầu xin sự tha thứ.
6,贵族,guì zú,quý tộc,他是个真正的贵族。,Tā shì gè zhēnzhèng de guìzú.,Anh ấy là một quý tộc thực sự.
6,棍棒,gùn bàng,"gậy, côn",他用棍棒打破了窗户。,Tā yòng gùnbàng dǎpò le chuānghù.,Anh ấy dùng gậy đập vỡ cửa sổ.
6,国防,guó fáng,quốc phòng,国防是国家安全的重要保障。,Guófáng shì guójiā ānquán de zhòngyào bǎozhàng.,Quốc phòng là đảm bảo quan trọng cho an ninh quốc gia.
6,国务院,guó wù yuàn,quốc vụ viện,国务院发布了新的政策。,Guówùyuàn fābù le xīn de zhèngcè.,Quốc vụ viện đã ban hành chính sách mới.
6,果断,guǒ duàn,"quyết đoán, quả quyết",他果断地做出了决定。,Tā guǒduàn de zuòchū le juédìng.,Anh ấy đã quyết định một cách quả quyết.
6,过度,guò dù,"quá mức, quá độ",我们需要控制过度消费。,Wǒmen xūyào kòngzhì guòdù xiāofèi.,Chúng ta cần kiểm soát việc tiêu thụ quá mức.
6,过渡,guò dù,"chuyển tiếp, quá độ",我们需要一个平稳的过渡期。,Wǒmen xūyào yī gè píngwěn de guòdù qī.,Chúng ta cần một giai đoạn chuyển tiếp ổn định.
6,过奖,guò jiǎng,quá khen,你太过奖了，我只是做了本职工作。,"Nǐ tài guòjiǎng le, wǒ zhǐshì zuò le běnzhí gōngzuò.","Bạn quá khen rồi, tôi chỉ làm công việc của mình thôi."
6,过滤,guò lǜ,"lọc, sàng lọc",这个过滤器能有效去除水中的杂质。,Zhège guòlǜ qì néng yǒuxiào qùchú shuǐ zhōng de zázhì.,Bộ lọc này có thể loại bỏ tạp chất trong nước một cách hiệu quả.
6,过失,guò shī,"lỗi lầm, sai lầm",他因为一次小小的过失被解雇了。,Tā yīnwèi yī cì xiǎoxiǎo de guòshī bèi jiěgù le.,Anh ấy bị sa thải vì một sai sót nhỏ.
6,过问,guò wèn,"can thiệp, hỏi han",他对公司的事务一概不过问。,Tā duì gōngsī de shìwù yī gài bù guòwèn.,Anh ấy hoàn toàn không hỏi han gì về các công việc của công ty.
6,过瘾,guò yǐn,"đã, sướng, thoả thích",这部电影真是让人看得过瘾。,Zhè bù diànyǐng zhēn shì ràng rén kàn de guòyǐn.,Bộ phim này thực sự khiến người xem đã mắt.
6,过于,guò yú,"quá, hơn",这件衣服过于紧了。,Zhè jiàn yīfú guòyú jǐn le.,Chiếc áo này quá chật.
6,嗨,hāi,"chào, này",嗨，大家好！,"Hāi, dàjiā hǎo!",Chào mọi người!
6,海拔,hǎi bá,độ cao so với mặt biển,这个山峰的海拔有三千米。,Zhège shānfēng de hǎibá yǒu sānqiān mǐ.,Đỉnh núi này cao ba nghìn mét so với mực nước biển.
6,海滨,hǎi bīn,bờ biển,我们在海滨度假。,Wǒmen zài hǎibīn dùjià.,Chúng tôi đi nghỉ mát ở bờ biển.
6,含糊,hán hu,"mơ hồ, không rõ ràng",他的回答非常含糊。,Tā de huídá fēicháng hánhú.,Câu trả lời của anh ấy rất mơ hồ.
6,寒暄,hán xuān,"hỏi han, trò chuyện",寒暄几句后，他们开始谈正事。,"Hánxuān jǐ jù hòu, tāmen kāishǐ tán zhèngshì.","Sau vài câu xã giao, họ bắt đầu nói chuyện chính."
6,含义,hán yì,"hàm ý, ý nghĩa",这个词的含义是什么？,Zhège cí de hányì shì shénme?,Nghĩa của từ này là gì?
6,罕见,hǎn jiàn,"hiếm thấy, hiếm gặp",这种病非常罕见。,Zhè zhǒng bìng fēicháng hǎnjiàn.,Bệnh này rất hiếm gặp.
6,捍卫,hàn wèi,"bảo vệ, bảo hộ",我们必须捍卫自己的权利。,Wǒmen bìxū hànwèi zìjǐ de quánlì.,Chúng ta phải bảo vệ quyền lợi của mình.
6,航空,háng kōng,hàng không,他对航空非常感兴趣。,Tā duì hángkōng fēicháng gǎn xìngqù.,Anh ấy rất quan tâm đến hàng không.
6,行列,háng liè,"hàng, dòng",我们参加了阅兵行列。,Wǒmen cānjiā le yuèbīng hángliè.,Chúng tôi đã tham gia vào đoàn diễu hành.
6,航天,háng tiān,hàng không vũ trụ,航天技术正在迅速发展。,Hángtiān jìshù zhèngzài xùnsù fāzhǎn.,Công nghệ vũ trụ đang phát triển nhanh chóng.
6,航行,háng xíng,"hàng hải, đi biển",他们的船正在大海上航行。,Tāmen de chuán zhèngzài dàhǎi shàng hángxíng.,Thuyền của họ đang đi trên biển.
6,豪迈,háo mài,"hào hiệp, hào phóng",他豪迈地接受了挑战。,Tā háomài de jiēshòu le tiǎozhàn.,Anh ấy dũng cảm chấp nhận thử thách.
6,毫米,háo mǐ,milimét,这个零件的尺寸是10毫米。,Zhège língjiàn de chǐcùn shì 10 háomǐ.,Kích thước của bộ phận này là 10 mm.
6,毫无,háo wú,"không hề, chẳng có",他对这件事毫无兴趣。,Tā duì zhè jiàn shì háowú xìngqù.,Anh ấy không hứng thú với chuyện này chút nào.
6,耗费,hào fèi,"tiêu tốn, tiêu hao",这项工程耗费了大量人力和物力。,Zhè xiàng gōngchéng hàofèi le dàliàng rénlì hé wùlì.,Dự án này đã tiêu tốn rất nhiều nhân lực và vật lực.
6,好客,hào kè,hiếu khách,他是个非常好客的主人。,Tā shì gè fēicháng hàokè de zhǔrén.,Anh ấy là một chủ nhà rất hiếu khách.
6,号召,hào zhào,kêu gọi,政府号召大家节约用水。,Zhèngfǔ hàozhào dàjiā jiéyuē yòng shuǐ.,Chính phủ kêu gọi mọi người tiết kiệm nước.
6,呵,hē,ha (tiếng kêu ngạc nhiên),哥哥，你好吗？,"Gēge, nǐ hǎo ma?","Anh ơi, anh khỏe không?"
6,和蔼,hé ǎi,"hòa nhã, dễ gần",她是个和蔼可亲的老太太。,Tā shì gè hé'ǎi kě qīn de lǎo tàitài.,Bà ấy là một cụ bà hiền hậu và dễ gần.
6,合并,hé bìng,"hợp nhất, sát nhập",这两家公司合并了。,Zhè liǎng jiā gōngsī hébìng le.,Hai công ty này đã sáp nhập.
6,合成,hé chéng,"hợp thành, tổng hợp",这些元素可以合成新的化合物。,Zhèxiē yuánsù kěyǐ héchéng xīn de huàhéwù.,Những nguyên tố này có thể tổng hợp thành hợp chất mới.
6,合乎,hé hū,"hợp với, phù hợp với",他的行为完全合乎规定。,Tā de xíngwéi wánquán héhū guīdìng.,Hành vi của anh ấy hoàn toàn phù hợp với quy định.
6,合伙,hé huǒ,"hợp tác, cùng nhau",他们决定合伙开一家餐馆。,Tāmen juédìng héhuǒ kāi yī jiā cānguǎn.,Họ quyết định hùn vốn mở một nhà hàng.
6,和解,hé jiě,hòa giải,双方经过谈判终于和解了。,Shuāngfāng jīngguò tánpàn zhōngyú héjiě le.,Hai bên đã hòa giải sau khi đàm phán.
6,和睦,hé mù,hòa thuận,他们一家人生活得很和睦。,Tāmen yījiā rén shēnghuó de hěn hémù.,Gia đình họ sống rất hòa thuận.
6,和气,hé qì,"hòa nhã, hòa thuận",他是个和气的人。,Tā shì gè héqi de rén.,Anh ấy là một người dễ gần.
6,合身,hé shēn,"vừa người, vừa vặn",这件衣服穿在你身上很合身。,Zhè jiàn yīfú chuān zài nǐ shēnshàng hěn héshēn.,Bộ đồ này mặc lên người bạn rất vừa vặn.
6,合算,hé suàn,"đáng giá, có lợi",这个方案很合算。,Zhège fāng'àn hěn hésuàn.,Phương án này rất có lợi.
6,和谐,hé xié,"hòa hợp, hài hòa",他们之间的关系非常和谐。,Tāmen zhī jiān de guānxì fēicháng héxié.,Mối quan hệ giữa họ rất hòa hợp.
6,嘿,hēi,"hì, này (tiếng gọi)",嘿，你在干什么？,"Hēi, nǐ zài gàn shénme?","Này, bạn đang làm gì vậy?"
6,痕迹,hén jì,"vết tích, dấu vết",他在犯罪现场留下了痕迹。,Tā zài fànzuì xiànchǎng liú xià le hénjī.,Anh ấy đã để lại dấu vết tại hiện trường vụ án.
6,狠心,hěn xīn,nhẫn tâm,他狠心离开了家。,Tā hěnxīn líkāi le jiā.,Anh ấy đã nhẫn tâm rời bỏ gia đình.
6,恨不得,hèn bu de,hận không thể,我恨不得马上见到他。,Wǒ hènbudé mǎshàng jiàndào tā.,Tôi rất muốn gặp anh ấy ngay lập tức.
6,哼,hēng,"hừ, hừm",哼，我才不信呢！,"Hēng, wǒ cái bù xìn ne!","Hừ, tôi không tin đâu!"
6,哄,hōng,"dỗ, lừa",他哄孩子睡觉。,Tā hǒng háizi shuìjiào.,Anh ấy dỗ con ngủ.
6,烘,hōng,"nướng, sấy khô",妈妈正在烘衣服。,Māma zhèngzài hōng yīfú.,Mẹ đang sấy quần áo.
6,轰动,hōng dòng,"náo động, chấn động",这个消息在网上引起了轰动。,Zhège xiāoxi zài wǎngshàng yǐnqǐ le hōngdòng.,Tin tức này gây xôn xao trên mạng.
6,红包,hóng bāo,"bao lì xì, phong bì đỏ",奶奶给了我一个大红包。,Nǎinai gěi le wǒ yī gè dà hóngbāo.,Bà cho tôi một phong bao lì xì lớn.
6,宏观,hóng guān,vĩ mô,他对宏观经济学非常感兴趣。,Tā duì hóngguān jīngjìxué fēicháng gǎn xìngqù.,Anh ấy rất quan tâm đến kinh tế vĩ mô.
6,洪水,hóng shuǐ,lũ lụt,大雨引发了洪水。,Dàyǔ yǐnfā le hóngshuǐ.,Mưa lớn gây ra lũ lụt.
6,宏伟,hóng wěi,"hùng vĩ, to lớn",这座建筑宏伟壮观。,Zhè zuò jiànzhù hóngwěi zhuàngguān.,Tòa nhà này hùng vĩ tráng lệ.
6,喉咙,hóu lóng,cổ họng,他喉咙痛，声音沙哑。,"Tā hóulóng tòng, shēngyīn shāyǎ.",Anh ấy bị đau họng và giọng khàn.
6,吼,hǒu,"gào thét, hét lên",他吼了一声，表示不满。,"Tā hǒu le yī shēng, biǎoshì bùmǎn.","Anh ấy hét lên một tiếng, biểu thị sự không hài lòng."
6,后代,hòu dài,"đời sau, hậu thế",这些文化遗产是我们的后代的宝贵财富。,Zhèxiē wénhuà yíchǎn shì wǒmen de hòudài de bǎoguì cáifù.,Những di sản văn hóa này là tài sản quý giá cho thế hệ sau của chúng ta.
6,后顾之忧,hòu gù zhī yōu,lo lắng về sau,他的工作没有后顾之忧。,Tā de gōngzuò méiyǒu hòugùzhīyōu.,Công việc của anh ấy không có lo lắng về sau.
6,后面,hòu miàn,"phía sau, đằng sau",她站在我后面。,Tā zhàn zài wǒ hòumiàn.,Cô ấy đứng sau tôi.
6,后勤,hòu qín,hậu cần,后勤部门负责保障工作。,Hòuqín bùmén fùzé bǎozhàng gōngzuò.,Bộ phận hậu cần chịu trách nhiệm đảm bảo công việc.
6,候选,hòu xuǎn,"ứng cử, đề cử",他是市长候选人之一。,Tā shì shìzhǎng hòuxuǎn rén zhī yī.,Anh ấy là một trong những ứng cử viên cho chức thị trưởng.
6,忽略,hū lüè,"lơ là, bỏ qua",他忽略了这个重要细节。,Tā hūlüè le zhège zhòngyào xìjié.,Anh ấy đã bỏ qua chi tiết quan trọng này.
6,呼啸,hū xiào,"hú lên, rít lên",火车在山谷中呼啸而过。,Huǒchē zài shāngǔ zhōng hūxiào ér guò.,Tàu lửa rít lên khi đi qua thung lũng.
6,呼吁,hū yù,"kêu gọi, hô hào",他呼吁大家关注环境保护。,Tā hūyù dàjiā guānzhù huánjìng bǎohù.,Anh ấy kêu gọi mọi người quan tâm đến bảo vệ môi trường.
6,胡乱,hú luàn,"lung tung, bừa bãi",他说话总是胡乱。,Tā shuōhuà zǒng shì húluàn.,Anh ấy luôn nói chuyện một cách bừa bãi.
6,湖泊,hú pō,hồ nước,湖泊周围有美丽的风景。,Húpō zhōuwéi yǒu měilì de fēngjǐng.,Quanh hồ có phong cảnh đẹp.
6,互联网,hù lián wǎng,mạng internet,互联网改变了我们的生活方式。,Hùliánwǎng gǎibiàn le wǒmen de shēnghuó fāngshì.,Internet đã thay đổi cách sống của chúng ta.
6,华丽,huá lì,"lộng lẫy, hoa lệ",她穿着一件华丽的晚礼服。,Tā chuānzhuó yī jiàn huálì de wǎnlǐfú.,Cô ấy mặc một chiếc váy dạ hội lộng lẫy.
6,华侨,huá qiáo,Hoa kiều,华侨在国外建立了很多华人社区。,Huáqiáo zài guówài jiànlì le hěn duō huárén shèqū.,Người Hoa kiều đã xây dựng nhiều cộng đồng người Hoa ở nước ngoài.
6,化肥,huà féi,phân bón hóa học,化肥提高了农作物的产量。,Huàféi tígāo le nóngzuòwù de chǎnliàng.,Phân bón hóa học đã nâng cao sản lượng cây trồng.
6,划分,huà fēn,phân chia,我们需要划分明确的职责。,Wǒmen xūyào huàfēn míngquè de zhízé.,Chúng ta cần phân chia trách nhiệm rõ ràng.
6,画蛇添足,huà shé tiān zú,vẽ rắn thêm chân,这个故事有点画蛇添足。,Zhège gùshì yǒudiǎn huàshétiānzú.,Câu chuyện này hơi thừa thãi.
6,化石,huà shí,hóa thạch,这些化石有上百万年的历史。,Zhèxiē huàshí yǒu shàng bǎi wàn nián de lìshǐ.,Những hóa thạch này có lịch sử hàng triệu năm.
6,话筒,huà tǒng,"micro, ống nói",他用话筒讲话。,Tā yòng huàtǒng jiǎnghuà.,Anh ấy dùng micro để nói.
6,化验,huà yàn,"xét nghiệm, hóa nghiệm",化验结果显示他有轻度贫血。,Huàyàn jiéguǒ xiǎnshì tā yǒu qīng dù pínxuè.,Kết quả xét nghiệm cho thấy anh ấy bị thiếu máu nhẹ.
6,化妆,huà zhuāng,"hóa trang, trang điểm",她每天早上花时间化妆。,Tā měitiān zǎoshang huā shíjiān huàzhuāng.,Cô ấy dành thời gian trang điểm mỗi sáng.
6,怀孕,huái yùn,"mang thai, có thai",她刚刚怀孕三个月。,Tā gānggāng huáiyùn sān gè yuè.,Cô ấy vừa mang thai được ba tháng.
6,欢乐,huān lè,"vui vẻ, hoan lạc",孩子们在公园里玩得很欢乐。,Háizimen zài gōngyuán lǐ wán de hěn huānlè.,Trẻ em chơi đùa rất vui vẻ trong công viên.
6,环节,huán jié,"phân đoạn, mắt xích",这个环节非常关键。,Zhège huánjié fēicháng guānjiàn.,Giai đoạn này rất quan trọng.
6,还原,huán yuán,"hoàn nguyên, trở lại",这个实验还原了历史事件。,Zhège shíyàn háiyuán le lìshǐ shìjiàn.,Thí nghiệm này tái hiện lại sự kiện lịch sử.
6,缓和,huǎn hé,"dịu lại, hoà dịu",双方的紧张关系得到了缓和。,Shuāngfāng de jǐnzhāng guānxì dédào le huǎnhé.,Mối quan hệ căng thẳng giữa hai bên đã được xoa dịu.
6,患者,huàn zhě,bệnh nhân,患者需要定期检查身体。,Huànzhě xūyào dìngqī jiǎnchá shēntǐ.,Bệnh nhân cần kiểm tra sức khỏe định kỳ.
6,荒凉,huāng liáng,hoang vắng,这片土地非常荒凉。,Zhè piàn tǔdì fēicháng huāngliáng.,Mảnh đất này rất hoang vu.
6,慌忙,huāng máng,"vội vàng, hốt hoảng",他慌忙地收拾东西。,Tā huāngmáng de shōushí dōngxī.,Anh ấy vội vàng thu dọn đồ đạc.
6,荒谬,huāng miù,"hoang đường, phi lý",这种说法太荒谬了。,Zhè zhǒng shuōfǎ tài huāngmiù le.,Cách nói này quá vô lý.
6,荒唐,huāng táng,"hoang đường, phi lý",他的行为非常荒唐。,Tā de xíngwéi fēicháng huāngtáng.,Hành vi của anh ấy rất kỳ quái.
6,黄昏,huáng hūn,"hoàng hôn, chiều tối",黄昏时分，天空变得非常美丽。,"Huánghūn shífēn, tiānkōng biàn de fēicháng měilì.","Lúc hoàng hôn, bầu trời trở nên rất đẹp."
6,恍然大悟,huǎng rán dà wù,bừng tỉnh hiểu ra,我恍然大悟，原来是这样。,"Wǒ huǎngrán dà wù, yuánlái shì zhèyàng.","Tôi chợt hiểu ra, hóa ra là như vậy."
6,辉煌,huī huáng,"huy hoàng, rực rỡ",他的成就辉煌。,Tā de chéngjiù huīhuáng.,Thành tựu của anh ấy rất rực rỡ.
6,挥霍,huī huò,hoang phí,他挥霍了所有的钱。,Tā huīhuò le suǒyǒu de qián.,Anh ấy đã tiêu xài hoang phí hết số tiền.
6,回报,huí bào,"đền đáp, báo đáp",他得到了很好的回报。,Tā dédào le hěn hǎo de huíbào.,Anh ấy nhận được sự đền đáp xứng đáng.
6,回避,huí bì,"tránh né, né tránh",他试图回避这个问题。,Tā shìtú huíbì zhège wèntí.,Anh ấy cố gắng tránh né vấn đề này.
6,回顾,huí gù,"hồi tưởng, nhìn lại",他回顾了自己的一生。,Tā huígù le zìjǐ de yīshēng.,Anh ấy nhìn lại cuộc đời mình.
6,回收,huí shōu,"tái chế, thu hồi",我们需要回收废旧电池。,Wǒmen xūyào huíshōu fèijiù diànchí.,Chúng ta cần tái chế pin cũ.
6,悔恨,huǐ hèn,"hối hận, ân hận",他对自己的错误感到悔恨。,Tā duì zìjǐ de cuòwù gǎndào huǐhèn.,Anh ấy cảm thấy hối hận vì sai lầm của mình.
6,毁灭,huǐ miè,"hủy diệt, tiêu diệt",这个计划失败了，导致了毁灭性的后果。,"Zhège jìhuà shībài le, dǎozhì le huǐmiè xìng de hòuguǒ.","Kế hoạch này thất bại, dẫn đến hậu quả tàn phá."
6,汇报,huì bào,"báo cáo, thông báo",他向上级汇报了工作进展。,Tā xiàng shàngjí huìbào le gōngzuò jìnzhǎn.,Anh ấy báo cáo tiến độ công việc cho cấp trên.
6,贿赂,huì lù,hối lộ,他被指控接受了贿赂。,Tā bèi zhǐkòng jiēshòu le huìlù.,Anh ấy bị buộc tội nhận hối lộ.
6,会晤,huì wù,"hội đàm, gặp gỡ",两国领导人会晤了。,Liǎng guó lǐngdǎo rén huìwù le.,Lãnh đạo hai nước đã gặp gỡ.
6,昏迷,hūn mí,hôn mê,他昏迷了三天。,Tā hūnmí le sān tiān.,Anh ấy đã hôn mê ba ngày.
6,浑身,hún shēn,"toàn thân, khắp người",他浑身是汗。,Tā húnshēn shì hàn.,Anh ấy đẫm mồ hôi.
6,混合,hùn hé,"pha trộn, hỗn hợp",这个药是由多种成分混合而成的。,Zhège yào shì yóu duō zhǒng chéngfèn hùnhé ér chéng de.,Thuốc này được pha trộn từ nhiều thành phần khác nhau.
6,混乱,hùn luàn,hỗn loạn,房间里一片混乱。,Fángjiān lǐ yīpiàn hùnluàn.,Phòng thì hỗn loạn.
6,混淆,hùn xiáo,"lẫn lộn, nhầm lẫn",他把事实和谣言混淆了。,Tā bǎ shìshí hé yáoyán hùnxiáo le.,Anh ấy đã nhầm lẫn sự thật với tin đồn.
6,混浊,hùn zhuó,"đục, vẩn đục",这水看起来有点混浊。,Zhè shuǐ kàn qǐlái yǒudiǎn hùnzhuó.,Nước này trông có vẻ đục.
6,活该,huó gāi,đáng đời,你活该受到惩罚。,Nǐ huógāi shòudào chéngfá.,Bạn đáng bị trừng phạt.
6,活力,huó lì,"sinh lực, sức sống",他充满了活力。,Tā chōngmǎn le huólì.,Anh ấy tràn đầy năng lượng.
6,火箭,huǒ jiàn,tên lửa,火箭发射成功。,Huǒjiàn fāshè chénggōng.,Tên lửa phóng thành công.
6,火焰,huǒ yàn,"ngọn lửa, hỏa diễm",火焰在壁炉中跳动。,Huǒyàn zài bìlú zhōng tiàodòng.,Ngọn lửa nhảy múa trong lò sưởi.
6,火药,huǒ yào,thuốc nổ,古代人用火药制造武器。,Gǔdài rén yòng huǒyào zhìzào wǔqì.,Người cổ đại dùng thuốc nổ để chế tạo vũ khí.
6,货币,huò bì,tiền tệ,中国的货币是人民币。,Zhōngguó de huòbì shì rénmínbì.,Tiền tệ của Trung Quốc là nhân dân tệ.
6,或许,huò xǔ,"có lẽ, có thể",他或许会来。,Tā huòxǔ huì lái.,Có thể anh ấy sẽ đến.
6,基地,jī dì,căn cứ,我们在基地上进行训练。,Wǒmen zài jīdì shàng jìnxíng xùnliàn.,Chúng tôi tập luyện tại căn cứ.
6,机动,jī dòng,"linh động, cơ động",这个装置可以自动机动。,Zhège zhuāngzhì kěyǐ zìdòng jīdòng.,Thiết bị này có thể tự động di chuyển.
6,饥饿,jī è,"đói khát, đói",饥饿使人感到非常难受。,Jī'è shǐ rén gǎndào fēicháng nánshòu.,Đói khiến người ta cảm thấy rất khó chịu.
6,激发,jī fā,"kích thích, khơi dậy",他的话激发了我的斗志。,Tā de huà jīfā le wǒ de dòuzhì.,Lời nói của anh ấy đã khơi dậy tinh thần chiến đấu của tôi.
6,机构,jī gòu,"cơ quan, tổ chức",公司内部有很多机构。,Gōngsī nèibù yǒu hěn duō jīgòu.,Bên trong công ty có nhiều tổ chức.
6,机关,jī guān,"cơ quan, bộ máy",他在政府机关工作。,Tā zài zhèngfǔ jīguān gōngzuò.,Anh ấy làm việc trong cơ quan chính phủ.
6,基金,jī jīn,"quỹ, ngân quỹ",我们需要更多的基金来支持这个项目。,Wǒmen xūyào gèng duō de jījīn lái zhīchí zhège xiàngmù.,Chúng tôi cần nhiều quỹ hơn để hỗ trợ dự án này.
6,激励,jī lì,"khuyến khích, động viên",他的成功激励了我。,Tā de chénggōng jīlì le wǒ.,Sự thành công của anh ấy đã khích lệ tôi.
6,机灵,jī ling,"lanh lợi, tinh nhanh",他是一个机灵的孩子。,Tā shì yī gè jīlíng de háizi.,Cậu bé là một đứa trẻ lanh lợi.
6,机密,jī mì,"bí mật, cơ mật",这个文件是机密的。,Zhège wénjiàn shì jīmì de.,Tài liệu này là bí mật.
6,激情,jī qíng,"nhiệt tình, hăng hái",他的激情感染了所有人。,Tā de jīqíng gǎnrǎn le suǒyǒu rén.,Nhiệt huyết của anh ấy đã lan tỏa đến mọi người.
6,讥笑,jī xiào,"châm chọc, chế giễu",他的话让大家讥笑。,Tā de huà ràng dàjiā jīxiào.,Lời nói của anh ấy khiến mọi người cười nhạo.
6,机械,jī xiè,"máy móc, cơ giới",这台机器操作简单。,Zhè tái jīqì cāozuò jiǎndān.,Cỗ máy này vận hành đơn giản.
6,基因,jī yīn,"gen, di truyền",基因决定了我们的外貌。,Jīyīn juédìng le wǒmen de wàimào.,Gen quyết định ngoại hình của chúng ta.
6,机遇,jī yù,cơ hội,这次会议给了我们很多机遇。,Zhè cì huìyì gěi le wǒmen hěn duō jīyù.,Cuộc họp này đã mang lại nhiều cơ hội cho chúng tôi.
6,机智,jī zhì,"lanh trí, tinh khôn",他回答问题非常机智。,Tā huídá wèntí fēicháng jīzhì.,Anh ấy trả lời câu hỏi rất thông minh.
6,即便,jí biàn,"dù cho, cho dù",即便你不同意，也请听我说完。,"Jíbiàn nǐ bù tóngyì, yě qǐng tīng wǒ shuō wán.","Dù bạn không đồng ý, cũng xin hãy nghe tôi nói hết."
6,级别,jí bié,"cấp bậc, cấp độ",他在公司里的级别很高。,Tā zài gōngsī lǐ de jíbié hěn gāo.,Anh ấy có cấp bậc cao trong công ty.
6,疾病,jí bìng,"bệnh tật, ốm đau",这种疾病很难治愈。,Zhè zhǒng jíbìng hěn nán zhìyù.,Bệnh này rất khó chữa.
6,嫉妒,jí dù,"đố kỵ, ghen tị",她总是嫉妒别人的成功。,Tā zǒng shì jídù biéren de chénggōng.,Cô ấy luôn ghen tị với thành công của người khác.
6,极端,jí duān,cực đoan,他的看法太极端了。,Tā de kànfǎ tài jíduān le.,Quan điểm của anh ấy quá cực đoan.
6,急功近利,jí gōng jìn lì,"vội vàng, nôn nóng",这种做法太急功近利了。,Zhè zhǒng zuòfǎ tài jígōngjìnlì le.,Cách làm này quá tham lợi trước mắt.
6,籍贯,jí guàn,quê quán,我的籍贯是北京。,Wǒ de jíguàn shì Běijīng.,Quê quán của tôi là Bắc Kinh.
6,即将,jí jiāng,"sắp sửa, sắp tới",比赛即将开始。,Bǐsài jíjiāng kāishǐ.,Trận đấu sắp bắt đầu.
6,急剧,jí jù,"nhanh chóng, mãnh liệt",气温急剧下降。,Qìwēn jíjù xiàjiàng.,Nhiệt độ giảm đột ngột.
6,急切,jí qiè,"cấp thiết, khẩn cấp",他急切地想知道答案。,Tā jíqiè de xiǎng zhīdào dá'àn.,Anh ấy nóng lòng muốn biết câu trả lời.
6,集团,jí tuán,tập đoàn,这个集团在国际市场上非常有影响力。,Zhège jítuán zài guójì shìchǎng shàng fēicháng yǒu yǐngxiǎnglì.,Tập đoàn này có ảnh hưởng lớn trên thị trường quốc tế.
6,极限,jí xiàn,"cực hạn, giới hạn",他挑战了极限。,Tā tiǎozhàn le jíxiàn.,Anh ấy đã thách thức giới hạn.
6,吉祥,jí xiáng,"cát tường, may mắn",这个符号象征着吉祥。,Zhège fúhào xiàngzhēngzhe jíxiáng.,Biểu tượng này đại diện cho sự may mắn.
6,急于求成,jí yú qiú chéng,"nóng lòng, sốt ruột",他急于求成，结果事与愿违。,"Tā jíyúqiúchéng, jiéguǒ shì yǔ yuàn wéi.","Anh ấy quá vội vàng đạt thành công, kết quả là sự việc không như mong đợi."
6,及早,jí zǎo,"sớm, trước",我们需要及早完成任务。,Wǒmen xūyào jízǎo wánchéng rènwù.,Chúng ta cần hoàn thành nhiệm vụ sớm.
6,急躁,jí zào,"nóng nảy, vội vàng",他太急躁了，做事总是三分钟热度。,"Tā tài jízào le, zuò shì zǒng shì sān fēnzhōng rèdù.","Anh ấy quá nóng nảy, làm việc lúc nào cũng chỉ nhiệt tình được ba phút."
6,给予,jǐ yǔ,"cho, tặng",我们应该给予他更多的支持。,Wǒmen yīnggāi jǐyǔ tā gèng duō de zhīchí.,Chúng ta nên ủng hộ anh ấy nhiều hơn.
6,继承,jì chéng,kế thừa,他继承了父亲的公司。,Tā jìchéng le fùqīn de gōngsī.,Anh ấy thừa kế công ty của cha mình.
6,季度,jì dù,quý (3 tháng),每个季度我们都会有一次总结会议。,Měi gè jìdù wǒmen dōu huì yǒu yīcì zǒngjié huìyì.,Mỗi quý chúng tôi đều có một cuộc họp tổng kết.
6,忌讳,jì huì,kiêng kỵ,这个话题在公司里是忌讳的。,Zhège huàtí zài gōngsī lǐ shì jìhuì de.,Chủ đề này là điều cấm kỵ trong công ty.
6,计较,jì jiào,"tính toán, so đo",他总是计较小事。,Tā zǒng shì jìjiào xiǎo shì.,Anh ấy luôn so đo những việc nhỏ nhặt.
6,寂静,jì jìng,"yên tĩnh, tĩnh mịch",夜晚的森林非常寂静。,Yèwǎn de sēnlín fēicháng jìjìng.,Khu rừng vào ban đêm rất yên tĩnh.
6,季军,jì jūn,"hạng ba, giải ba",他在比赛中获得了季军。,Tā zài bǐsài zhōng huòdé le jìjūn.,Anh ấy đạt giải ba trong cuộc thi.
6,技能,jì néng,kỹ năng,他在计算机方面有很高的技能。,Tā zài jìsuànjī fāngmiàn yǒu hěn gāo de jìnéng.,Anh ấy có kỹ năng cao trong lĩnh vực máy tính.
6,技巧,jì qiǎo,"kỹ xảo, khéo léo",他的讲话技巧非常好。,Tā de jiǎnghuà jìqiǎo fēicháng hǎo.,Kỹ năng nói của anh ấy rất tốt.
6,寄托,jì tuō,"gửi gắm, nhờ cậy",我把希望寄托在你身上。,Wǒ bǎ xīwàng jìtuō zài nǐ shēnshang.,Tôi đặt hy vọng vào bạn.
6,继往开来,jì wǎng kāi lái,tiếp nối phát triển,我们要继往开来，继续努力。,"Wǒmen yào jìwǎngkāilái, jìxù nǔlì.","Chúng ta phải kế thừa và phát triển, tiếp tục nỗ lực."
6,迹象,jì xiàng,"dấu hiệu, dấu vết",这些迹象表明了经济正在好转。,Zhèxiē jìxiàng biǎomíngle jīngjì zhèngzài hǎozhuǎn.,Những dấu hiệu này cho thấy kinh tế đang cải thiện.
6,记性,jì xìng,trí nhớ,他的记性非常好，从来不忘记重要的事情。,"Tā de jìxìng fēicháng hǎo, cónglái bù wàngjì zhòngyào de shìqíng.","Trí nhớ của anh ấy rất tốt, không bao giờ quên những việc quan trọng."
6,纪要,jì yào,"tóm tắt, ghi chép",会议的纪要已经发给了所有参加者。,Huìyì de jìyào yǐjīng fā gěi le suǒyǒu cānjiāzhě.,Biên bản cuộc họp đã được gửi đến tất cả người tham gia.
6,记载,jì zǎi,"ghi chép, ghi lại",这个故事被详细地记载在书中。,Zhège gùshì bèi xiángxì de jìzǎi zài shū zhōng.,Câu chuyện này được ghi chép chi tiết trong sách.
6,家常,jiā cháng,thường ngày,这道菜是我们家常的做法。,Zhè dào cài shì wǒmen jiācháng de zuòfǎ.,Món ăn này là cách nấu thường ngày của nhà chúng tôi.
6,加工,jiā gōng,"gia công, chế biến",这个产品需要经过精细的加工。,Zhège chǎnpǐn xūyào jīngguò jīngxì de jiāgōng.,Sản phẩm này cần qua gia công tỉ mỉ.
6,家伙,jiā huǒ,"dụng cụ, khí cụ",他是个非常聪明的家伙。,Tā shì gè fēicháng cōngmíng de jiāhuo.,Anh ấy là một người rất thông minh.
6,加剧,jiā jù,trầm trọng thêm,经济问题的加剧让人们感到不安。,Jīngjì wèntí de jiājù ràng rénmen gǎndào bù'ān.,Sự gia tăng của các vấn đề kinh tế làm mọi người cảm thấy bất an.
6,家属,jiā shǔ,"gia thuộc, người nhà",他是军人的家属，享有特别的待遇。,"Tā shì jūnrén de jiāshǔ, xiǎngyǒu tèbié de dàiyù.","Anh ấy là người thân của quân nhân, được hưởng chế độ đãi ngộ đặc biệt."
6,佳肴,jiā yáo,"món ngon, món ngon miệng",这顿佳肴真是美味无比。,Zhè dùn jiāyáo zhēnshì měiwèi wúbǐ.,Món ăn này thực sự rất ngon.
6,家喻户晓,jiā yù hù xiǎo,"ai cũng biết, khắp nơi đều biết",这位演员已经是家喻户晓的明星。,Zhè wèi yǎnyuán yǐjīng shì jiāyùhùxiǎo de míngxīng.,Diễn viên này đã là ngôi sao nổi tiếng khắp nơi.
6,夹杂,jiā zá,"xen lẫn, trộn lẫn",这些书夹杂着很多个人笔记。,Zhèxiē shū jiāzá zhe hěn duō gèrén bǐjì.,Những cuốn sách này xen lẫn nhiều ghi chép cá nhân.
6,假设,jiǎ shè,"giả thiết, giả dụ",假设你是老板，你会怎么做？,"Jiǎshè nǐ shì lǎobǎn, nǐ huì zěnme zuò?","Giả sử bạn là ông chủ, bạn sẽ làm gì?"
6,假使,jiǎ shǐ,"nếu, giả sử",假使他知道了真相，他会非常生气。,"Jiǎshǐ tā zhīdàole zhēnxiàng, tā huì fēicháng shēngqì.","Giả sử anh ta biết sự thật, anh ta sẽ rất tức giận."
6,坚定,jiān dìng,"kiên định, vững chắc",他坚定地相信自己的选择。,Tā jiāndìng de xiāngxìn zìjǐ de xuǎnzé.,Anh ấy tin tưởng chắc chắn vào lựa chọn của mình.
6,监督,jiān dū,"giám sát, quản lý",老师在监督学生们的考试。,Lǎoshī zài jiāndū xuéshēngmen de kǎoshì.,Giáo viên đang giám sát kỳ thi của các học sinh.
6,尖端,jiān duān,"mũi nhọn, tiên tiến",科学家们正在研究尖端技术。,Kēxuéjiāmen zhèngzài yánjiū jiānduān jìshù.,Các nhà khoa học đang nghiên cứu công nghệ tiên tiến.
6,坚固,jiān gù,"kiên cố, vững chắc",这个建筑非常坚固，能抗强风。,"Zhège jiànzhú fēicháng jiāngù, néng kàng qiáng fēng.","Tòa nhà này rất kiên cố, có thể chịu được gió mạnh."
6,艰难,jiān nán,"gian nan, khó khăn",他经历了很多艰难的时刻。,Tā jīnglìle hěn duō jiānnán de shíkè.,Anh ấy đã trải qua nhiều thời khắc khó khăn.
6,坚韧,jiān rèn,"kiên cường, bền bỉ",她以坚韧的意志克服了困难。,Tā yǐ jiānrèn de yìzhì kèfú le kùnnán.,Cô ấy vượt qua khó khăn với ý chí kiên cường.
6,坚实,jiān shí,"chắc chắn, vững chắc",这个计划非常坚实，值得信赖。,"Zhège jìhuà fēicháng jiānshí, zhídé xìnlài.","Kế hoạch này rất vững chắc, đáng tin cậy."
6,监视,jiān shì,"giám sát, theo dõi",警察在监视嫌疑人的一举一动。,Jǐngchá zài jiānshì xiányírén de yījǔyīdòng.,Cảnh sát đang giám sát mọi động tĩnh của nghi phạm.
6,坚硬,jiān yìng,"cứng rắn, kiên cố",这种材料非常坚硬，适合建筑。,"Zhè zhǒng cáiliào fēicháng jiānyìng, shìhé jiànzhú.","Loại vật liệu này rất cứng, phù hợp cho xây dựng."
6,监狱,jiān yù,"nhà tù, trại giam",犯人被关在监狱里等待审判。,Fànrén bèi guān zài jiānyù lǐ děngdài shěnpàn.,Tội phạm bị giam trong nhà tù chờ xét xử.
6,兼职,jiān zhí,"việc làm thêm, bán thời gian",他在学校里做兼职，赚取生活费。,"Tā zài xuéxiào lǐ zuò jiānzhí, zhuàn qǔ shēnghuófèi.",Anh ấy làm thêm ở trường để kiếm tiền sinh hoạt.
6,拣,jiǎn,"chọn, nhặt",我在花园里拣了几朵花。,Wǒ zài huāyuán lǐ jiǎn le jǐ duǒ huā.,Tôi đã nhặt vài bông hoa trong vườn.
6,剪彩,jiǎn cǎi,cắt băng khánh thành,今天的典礼上，他们为新图书馆剪彩。,"Jīntiān de diǎnlǐ shàng, tāmen wèi xīn túshūguǎn jiǎncǎi.","Hôm nay, họ cắt băng khánh thành thư viện mới trong buổi lễ."
6,简化,jiǎn huà,"giản hóa, đơn giản hóa",我们需要简化工作流程，提高效率。,"Wǒmen xūyào jiǎnhuà gōngzuò liúchéng, tígāo xiàolǜ.",Chúng ta cần đơn giản hóa quy trình làm việc để nâng cao hiệu suất.
6,简陋,jiǎn lòu,"sơ sài, thô sơ",这间房子简陋，但很温馨。,"Zhè jiān fángzi jiǎnlòu, dàn hěn wēnxīn.",Ngôi nhà này tuy đơn sơ nhưng rất ấm cúng.
6,检讨,jiǎn tǎo,"kiểm điểm, xem xét lại",我们会在会议上检讨这个计划。,Wǒmen huì zài huìyì shàng jiǎntǎo zhège jìhuà.,Chúng ta sẽ kiểm tra lại kế hoạch này trong cuộc họp.
6,简体字,jiǎn tǐ zì,chữ giản thể,简体字比繁体字更容易学习。,Jiǎntǐzì bǐ fántǐzì gèng róngyì xuéxí.,Chữ giản thể dễ học hơn chữ phồn thể.
6,检验,jiǎn yàn,"kiểm nghiệm, kiểm tra",科学家正在检验新药的效果。,Kēxuéjiā zhèngzài jiǎnyàn xīnyào de xiàoguǒ.,Các nhà khoa học đang kiểm nghiệm hiệu quả của thuốc mới.
6,简要,jiǎn yào,"tóm tắt, ngắn gọn",他简要地介绍了会议的主要内容。,Tā jiǎnyào de jièshào le huìyì de zhǔyào nèiróng.,Anh ấy tóm tắt nội dung chính của cuộc họp.
6,溅,jiàn,"bắn lên, văng ra",水溅到了我的衣服上。,Shuǐ jiàn dào le wǒ de yīfú shàng.,Nước bắn lên quần áo của tôi.
6,鉴别,jiàn bié,"phân biệt, nhận định",专家们正在鉴别这幅画的真伪。,Zhuānjiāmen zhèngzài jiànbié zhè fú huà de zhēnwěi.,Các chuyên gia đang xác định tính xác thực của bức tranh này.
6,间谍,jiàn dié,gián điệp,他是一个间谍，潜伏在敌人内部。,"Tā shì yī gè jiàndié, qiánfú zài dírén nèibù.","Anh ta là một điệp viên, nằm vùng trong hàng ngũ địch."
6,鉴定,jiàn dìng,"giám định, xác định",这栋建筑需要进行安全鉴定。,Zhè dòng jiànzhú xūyào jìnxíng ānquán jiàndìng.,Tòa nhà này cần được đánh giá an toàn.
6,见多识广,jiàn duō shí guǎng,hiểu biết rộng rãi,他是个见多识广的人，什么都知道。,"Tā shì gè jiànduōshíguǎng de rén, shénme dōu zhīdào.","Anh ấy là một người hiểu biết rộng, cái gì cũng biết."
6,间隔,jiàn gé,"khoảng cách, khoảng thời gian",两次会议之间有一个小时的间隔。,Liǎng cì huìyì zhījiān yǒu yī gè xiǎoshí de jiàngé.,Có một khoảng cách một giờ giữa hai cuộc họp.
6,间接,jiàn jiē,gián tiếp,我们通过间接证据推断出真相。,Wǒmen tōngguò jiànjiē zhèngjù tuīduàn chū zhēnxiàng.,Chúng tôi suy luận ra sự thật thông qua các chứng cứ gián tiếp.
6,见解,jiàn jiě,"cách nhìn, quan điểm",他的见解很独特，值得参考。,"Tā de jiànjiě hěn dútè, zhídé cānkǎo.","Quan điểm của anh ấy rất độc đáo, đáng để tham khảo."
6,健全,jiàn quán,"kiện toàn, hoàn thiện",我们需要建立一个健全的制度。,Wǒmen xūyào jiànlì yī gè jiànquán de zhìdù.,Chúng ta cần thiết lập một hệ thống lành mạnh.
6,践踏,jiàn tà,"dẫm đạp, đạp nát",他们肆意践踏法律，必须受到惩罚。,"Tāmen sìyì jiàntà fǎlǜ, bìxū shòudào chéngfá.","Họ tự do chà đạp lên pháp luật, cần phải bị trừng phạt."
6,舰艇,jiàn tǐng,tàu chiến,这艘舰艇将在下个月服役。,Zhè sōu jiàntǐng jiàng zài xià gè yuè fúyì.,Con tàu chiến này sẽ vào biên chế vào tháng tới.
6,见闻,jiàn wén,"hiểu biết, sự từng trải",他的见闻非常广泛，知识丰富。,"Tā de jiànwén fēicháng guǎngfàn, zhīshì fēngfù.","Kiến thức của anh ấy rất rộng, hiểu biết phong phú."
6,见义勇为,jiàn yì yǒng wéi,thấy việc nghĩa thì làm,他见义勇为，救了很多人。,"Tā jiànyìyǒngwéi, jiù le hěn duō rén.","Anh ấy dũng cảm làm việc nghĩa, cứu được nhiều người."
6,鉴于,jiàn yú,"bởi vì, xét thấy",鉴于天气恶劣，我们决定取消旅行。,"Jiànyú tiānqì èliè, wǒmen juédìng qǔxiāo lǚxíng.","Do thời tiết xấu, chúng tôi quyết định hủy bỏ chuyến đi."
6,将近,jiāng jìn,"gần, xấp xỉ",他将近六十岁了，还在工作。,"Tā jiāngjìn liùshí suì le, hái zài gōngzuò.","Anh ấy gần sáu mươi tuổi rồi, vẫn đang làm việc."
6,将军,jiāng jūn,"tướng quân, tướng lĩnh",将军亲自指挥这次行动。,Jiāngjūn qīnzì zhǐhuī zhè cì xíngdòng.,Vị tướng đích thân chỉ huy hành động lần này.
6,僵硬,jiāng yìng,"cứng đờ, không linh hoạt",他的手指冻得僵硬。,Tā de shǒuzhǐ dòng dé jiāngyìng.,Ngón tay của anh ấy bị lạnh đến cứng đờ.
6,桨,jiǎng,mái chèo,他划着一只小船，用桨轻轻划水。,"Tā huá zhe yī zhī xiǎo chuán, yòng jiǎng qīng qīng huá shuǐ.","Anh ấy chèo một chiếc thuyền nhỏ, nhẹ nhàng dùng mái chèo để chèo nước."
6,奖励,jiǎng lì,"khen thưởng, khuyến khích",老板奖励了他一笔奖金。,Lǎobǎn jiǎnglì le tā yī bǐ jiǎngjīn.,Ông chủ thưởng cho anh ấy một khoản tiền thưởng.
6,奖赏,jiǎng shǎng,"thưởng, phần thưởng",他因表现出色而得到奖赏。,Tā yīn biǎoxiàn chūsè ér dédào jiǎngshǎng.,Anh ấy được thưởng vì biểu hiện xuất sắc.
6,降临,jiàng lín,"đến, xảy đến",春天的到来让人们感到兴奋，降临在每个人的心中。,"Chūntiān de dàolái ràng rénmen gǎndào xīngfèn, jiànglín zài měi gèrén de xīnzhōng.","Mùa xuân đến làm mọi người cảm thấy phấn khởi, đến trong lòng mỗi người."
6,交叉,jiāo chā,"giao nhau, cắt ngang",这两条路在这里交叉。,Zhè liǎng tiáo lù zài zhèlǐ jiāochā.,Hai con đường này giao nhau tại đây.
6,交代,jiāo dài,"giải thích, bàn giao",他向老板交代了工作进展情况。,Tā xiàng lǎobǎn jiāodài le gōngzuò jìnzhǎn qíngkuàng.,Anh ấy báo cáo tình hình tiến độ công việc với ông chủ.
6,焦点,jiāo diǎn,"tiêu điểm, điểm nóng",我们要解决这个问题的焦点。,Wǒmen yào jiějué zhège wèntí de jiāodiǎn.,Chúng ta cần giải quyết trọng tâm của vấn đề này.
6,焦急,jiāo jí,"lo lắng, sốt ruột",他的焦急心情显而易见。,Tā de jiāojí xīnqíng xiǎn'éryìjiàn.,Tâm trạng lo lắng của anh ấy rất rõ ràng.
6,娇气,jiāo qì,"mềm yếu, mỏng manh",她的娇气让人受不了。,Tā de jiāoqì ràng rén shòubùliǎo.,Sự yếu đuối của cô ấy làm người khác không chịu nổi.
6,交涉,jiāo shè,"đàm phán, thương lượng",我们正在和对方公司交涉合同细节。,Wǒmen zhèngzài hé duìfāng gōngsī jiāoshè hétóng xìjié.,Chúng tôi đang đàm phán chi tiết hợp đồng với công ty đối tác.
6,交往,jiāo wǎng,"qua lại, giao lưu",他们之间的交往非常密切。,Tāmen zhījiān de jiāowǎng fēicháng mìqiè.,Quan hệ giữa họ rất thân thiết.
6,交易,jiāo yì,"giao dịch, buôn bán",他们达成了一项重要的交易。,Tāmen dáchéngle yī xiàng zhòngyào de jiāoyì.,Họ đã đạt được một giao dịch quan trọng.
6,搅拌,jiǎo bàn,"khuấy, trộn",厨师正在搅拌材料，准备做蛋糕。,"Chúshī zhèngzài jiǎobàn cáiliào, zhǔnbèi zuò dàngāo.","Đầu bếp đang khuấy nguyên liệu, chuẩn bị làm bánh."
6,角落,jiǎo luò,"góc, xó xỉnh",这个角落很隐蔽，没人会发现。,"Zhège jiǎoluò hěn yǐnbì, méi rén huì fāxiàn.","Góc này rất kín đáo, không ai sẽ phát hiện ra."
6,缴纳,jiǎo nà,"nộp, đóng tiền",请按时缴纳水电费。,Qǐng ànshí jiǎonà shuǐdiànfèi.,Vui lòng nộp tiền điện nước đúng hạn.
6,较量,jiào liàng,"so tài, đấu",他们在赛场上激烈较量。,Tāmen zài sàichǎng shàng jīliè jiàoliàng.,Họ cạnh tranh quyết liệt trên sân thi đấu.
6,教养,jiào yǎng,"giáo dục, nuôi dạy",他的教养非常好，待人很有礼貌。,"Tā de jiàoyǎng fēicháng hǎo, dàirén hěn yǒu lǐmào.","Anh ấy rất có giáo dục, cư xử với mọi người rất lịch sự."
6,皆,jiē,"tất cả, đều",人人皆知，这是一件大事。,"Rénrén jiē zhī, zhè shì yī jiàn dàshì.","Ai cũng biết, đây là một việc lớn."
6,阶层,jiē céng,"tầng lớp, giai tầng",社会的阶层结构非常复杂。,Shèhuì de jiēcéng jiégòu fēicháng fùzá.,Cấu trúc giai cấp xã hội rất phức tạp.
6,揭发,jiē fā,"vạch trần, phát giác",他揭发了公司的贪污行为。,Tā jiēfā le gōngsī de tānwū xíngwéi.,Anh ấy đã tố giác hành vi tham ô của công ty.
6,接连,jiē lián,"liên tiếp, liên tục",我们连续接连发生了好几起事故。,Wǒmen liánxù jiēlián fāshēng le hǎo jǐ qǐ shìgù.,Chúng tôi liên tiếp xảy ra vài vụ tai nạn.
6,揭露,jiē lù,"phơi bày, lộ ra",他揭露了这件事的真相。,Tā jiēlù le zhè jiàn shì de zhēnxiàng.,Anh ấy đã tiết lộ sự thật về việc này.
6,杰出,jié chū,"xuất sắc, kiệt xuất",她是一个杰出的科学家。,Tā shì yī gè jiéchū de kēxuéjiā.,Cô ấy là một nhà khoa học xuất sắc.
6,结果,jié guǒ,kết quả,结果显示他的努力没有白费。,Jiéguǒ xiǎnshì tā de nǔlì méiyǒu báifèi.,Kết quả cho thấy nỗ lực của anh ấy không uổng phí.
6,竭尽全力,jié jìn quán lì,dốc hết sức lực,他竭尽全力完成了任务。,Tā jiéjìn quánlì wánchéng le rènwù.,Anh ấy đã dốc hết sức hoàn thành nhiệm vụ.
6,结晶,jié jīng,"kết tinh, kết quả",这块宝石是天然结晶。,Zhè kuài bǎoshí shì tiānrán jiéjīng.,Viên đá quý này là kết tinh tự nhiên.
6,结局,jié jú,"kết cục, kết thúc",故事的结局出乎意料。,Gùshì de jiéjú chūhū yìliào.,Kết thúc của câu chuyện ngoài dự đoán.
6,结算,jié suàn,thanh toán,我们需要结算一下本月的费用。,Wǒmen xūyào jiésuàn yīxià běn yuè de fèiyòng.,Chúng ta cần quyết toán chi phí của tháng này.
6,截至,jié zhì,"cho đến, tính đến",截至目前，他还没有回复。,"Jiézhì mùqián, tā hái méiyǒu huífù.","Cho đến hiện tại, anh ấy vẫn chưa trả lời."
6,节奏,jié zòu,"nhịp điệu, tiết tấu",音乐的节奏很快，让人想跳舞。,"Yīnyuè de jiézòu hěn kuài, ràng rén xiǎng tiàowǔ.","Nhịp điệu của âm nhạc rất nhanh, khiến người ta muốn nhảy."
6,解除,jiě chú,"giải trừ, hủy bỏ",我们解除了一切合同关系。,Wǒmen jiěchú le yīqiè hétóng guānxì.,Chúng tôi đã chấm dứt mọi quan hệ hợp đồng.
6,解雇,jiě gù,"sa thải, đuổi việc",公司决定解雇一些员工。,Gōngsī juédìng jiěgù yīxiē yuángōng.,Công ty quyết định sa thải một số nhân viên.
6,解剖,jiě pōu,giải phẫu,医生解剖了那具尸体。,Yīshēng jiěpōu le nà jù shītǐ.,Bác sĩ đã giải phẫu xác chết đó.
6,解散,jiě sàn,"giải tán, tan rã",我们已经决定解散这个团队。,Wǒmen yǐjīng juédìng jiěsàn zhège tuánduì.,Chúng tôi đã quyết định giải tán đội này.
6,解体,jiě tǐ,"phân hủy, tan rã",这座建筑已经解体，需要重建。,"Zhè zuò jiànzhú yǐjīng jiětǐ, xūyào chóngjiàn.","Tòa nhà này đã sụp đổ, cần xây lại."
6,戒备,jiè bèi,"cảnh giới, phòng bị",警察加强了戒备，防止事故发生。,"Jǐngchá jiāqiáng le jièbèi, fángzhǐ shìgù fāshēng.",Cảnh sát tăng cường phòng bị để ngăn ngừa tai nạn.
6,借鉴,jiè jiàn,"học hỏi, tham khảo",我们可以借鉴其他国家的经验。,Wǒmen kěyǐ jièjiàn qítā guójiā de jīngyàn.,Chúng ta có thể tham khảo kinh nghiệm của các nước khác.
6,界限,jiè xiàn,"giới hạn, ranh giới",他们的分界线很明确。,Tāmen de fēnjièxiàn hěn míngquè.,Ranh giới của họ rất rõ ràng.
6,借助,jiè zhù,"nhờ cậy, dựa vào",我们借助工具完成了这个任务。,Wǒmen jièzhù gōngjù wánchéng le zhège rènwù.,Chúng tôi nhờ vào công cụ để hoàn thành nhiệm vụ này.
6,津津有味,jīn jīn yǒu wèi,"thích thú, say mê",这道菜让人吃得津津有味。,Zhè dào cài ràng rén chī dé jīnjīn yǒuwèi.,Món ăn này khiến người ta ăn rất ngon miệng.
6,金融,jīn róng,tài chính,金融市场最近波动很大。,Jīnróng shìchǎng zuìjìn bōdòng hěn dà.,Thị trường tài chính gần đây biến động rất lớn.
6,尽快,jǐn kuài,"nhanh chóng, càng sớm càng tốt",我们需要尽快完成这个项目。,Wǒmen xūyào jǐnkuài wánchéng zhège xiàngmù.,Chúng ta cần nhanh chóng hoàn thành dự án này.
6,尽量,jǐn liàng,"hết sức, cố gắng hết mức",请尽量简化流程，提高效率。,"Qǐng jǐnliàng jiǎnhuà liúchéng, tígāo xiàolǜ.","Vui lòng đơn giản hóa quy trình, nâng cao hiệu suất."
6,紧密,jǐn mì,"chặt chẽ, mật thiết",我们要保持紧密的合作关系。,Wǒmen yào bǎochí jǐnmì de hézuò guānxì.,Chúng ta cần giữ mối quan hệ hợp tác chặt chẽ.
6,紧迫,jǐn pò,"cấp bách, khẩn cấp",这个任务非常紧迫，必须立即完成。,"Zhège rènwù fēicháng jǐnpò, bìxū lìjí wánchéng.","Nhiệm vụ này rất cấp bách, cần phải hoàn thành ngay lập tức."
6,锦绣前程,jǐn xiù qián chéng,tiền đồ sáng lạn,你有一段锦绣前程。,Nǐ yǒu yī duàn jǐnxiù qiánchéng.,Bạn có một tương lai tươi sáng.
6,进而,jìn ér,"tiếp đó, sau đó",他进而提出了新的建议。,Tā jìn'ér tíchū le xīn de jiànyì.,Anh ấy tiến thêm một bước và đưa ra đề xuất mới.
6,进攻,jìn gōng,tấn công,敌军发动了猛烈的进攻。,Dí jūn fādòng le měngliè de jìngōng.,Quân địch phát động một cuộc tấn công mãnh liệt.
6,进化,jìn huà,tiến hóa,人类在不断进化中。,Rénlèi zài bùduàn jìnhuà zhōng.,Loài người đang không ngừng tiến hóa.
6,近来,jìn lái,gần đây,近来，天气变得越来越热。,"Jìnlái, tiānqì biàn dé yuè lái yuè rè.","Gần đây, thời tiết ngày càng nóng hơn."
6,浸泡,jìn pào,"ngâm, tẩm",他把茶叶浸泡在热水中。,Tā bǎ cháyè jìnpào zài rèshuǐ zhōng.,Anh ấy ngâm lá trà trong nước nóng.
6,晋升,jìn shēng,"thăng tiến, thăng chức",他被晋升为经理。,Tā bèi jìnshēng wéi jīnglǐ.,Anh ấy được thăng chức làm quản lý.
6,近视,jìn shì,cận thị,她患有近视，需要戴眼镜。,"Tā huàn yǒu jìnshì, xūyào dài yǎnjìng.","Cô ấy bị cận thị, cần đeo kính."
6,劲头,jìn tóu,"hứng thú, động lực",他做事非常有劲头。,Tā zuòshì fēicháng yǒu jìntóu.,Anh ấy làm việc rất có động lực.
6,进展,jìn zhǎn,"tiến triển, tiến độ",项目进展顺利。,Xiàngmù jìnzhǎn shùnlì.,Dự án tiến triển thuận lợi.
6,茎,jīng,"cuống, thân cây",植物的茎很长。,Zhíwù de jīng hěn zhǎng.,Thân cây rất dài.
6,精打细算,jīng dǎ xì suàn,tính toán kỹ lưỡng,她总是精打细算。,Tā zǒng shì jīngdǎxìsuàn.,Cô ấy luôn tính toán kỹ lưỡng.
6,惊动,jīng dòng,"làm kinh động, quấy rầy",这件事惊动了所有人。,Zhè jiàn shì jīngdòng le suǒyǒu rén.,Việc này làm kinh động mọi người.
6,经费,jīng fèi,kinh phí,他们的研究经费充足。,Tāmen de yánjiū jīngfèi chōngzú.,Kinh phí nghiên cứu của họ đầy đủ.
6,精华,jīng huá,"tinh hoa, tinh túy",这本书是这位作家的精华。,Zhè běn shū shì zhè wèi zuòjiā de jīnghuá.,Cuốn sách này là tinh hoa của tác giả này.
6,精简,jīng jiǎn,"giản đơn, tinh gọn",我们需要精简工作流程。,Wǒmen xūyào jīngjiǎn gōngzuò liúchéng.,Chúng ta cần đơn giản hóa quy trình làm việc.
6,兢兢业业,jīng jīng yè yè,"cẩn thận, chăm chỉ",他兢兢业业地工作。,Tā jīngjīngyèyè de gōngzuò.,Anh ấy làm việc rất cần mẫn.
6,精密,jīng mì,"chính xác, tỉ mỉ",这个机器非常精密。,Zhège jīqì fēicháng jīngmì.,Cỗ máy này rất tinh vi.
6,惊奇,jīng qí,"kinh ngạc, ngạc nhiên",她对新发现感到惊奇。,Tā duì xīn fāxiàn gǎndào jīngqí.,Cô ấy rất ngạc nhiên với phát hiện mới.
6,精确,jīng què,"chính xác, đúng đắn",数据需要精确到小数点后两位。,Shùjù xūyào jīngquè dào xiǎoshùdiǎn hòu liǎng wèi.,Dữ liệu cần chính xác đến hai chữ số sau dấu thập phân.
6,经商,jīng shāng,kinh doanh,他打算经商。,Tā dǎsuàn jīngshāng.,Anh ấy dự định kinh doanh.
6,精通,jīng tōng,"thông thạo, tinh thông",她精通多国语言。,Tā jīngtōng duō guó yǔyán.,Cô ấy thông thạo nhiều ngôn ngữ.
6,经纬,jīng wěi,kinh độ và vĩ độ,这条道路是城市的经纬。,Zhè tiáo dàolù shì chéngshì de jīngwěi.,Con đường này là kinh độ và vĩ độ của thành phố.
6,精心,jīng xīn,"dày công, tỉ mỉ",她精心准备了晚餐。,Tā jīngxīn zhǔnbèi le wǎncān.,Cô ấy chuẩn bị bữa tối rất cẩn thận.
6,惊讶,jīng yà,ngạc nhiên,他感到非常惊讶。,Tā gǎndào fēicháng jīngyà.,Anh ấy rất ngạc nhiên.
6,精益求精,jīng yì qiú jīng,"cải tiến, hoàn thiện",我们精益求精，追求完美。,"Wǒmen jīngyìqiújīng, zhuīqiú wánměi.","Chúng tôi không ngừng hoàn thiện, theo đuổi sự hoàn hảo."
6,精致,jīng zhì,"tinh xảo, tinh tế",这个花瓶制作得非常精致。,Zhège huāpíng zhìzuò dé fēicháng jīngzhì.,Chiếc bình hoa này được chế tác rất tinh xảo.
6,井,jǐng,"giếng, thùng",井水很清凉。,Jǐngshuǐ hěn qīngliáng.,Nước giếng rất mát.
6,警告,jǐng gào,cảnh báo,他收到了警告信。,Tā shōu dào le jǐnggào xìn.,Anh ấy nhận được thư cảnh cáo.
6,警惕,jǐng tì,cảnh giác,我们需要警惕危险。,Wǒmen xūyào jǐngtì wēixiǎn.,Chúng ta cần cảnh giác với nguy hiểm.
6,颈椎,jǐng zhuī,đốt sống cổ,他的颈椎有问题。,Tā de jǐngzhuī yǒu wèntí.,Đốt sống cổ của anh ấy có vấn đề.
6,境界,jìng jiè,"cảnh giới, ranh giới",他达到了一个新的境界。,Tā dádào le yī gè xīn de jìngjiè.,Anh ấy đạt đến một cảnh giới mới.
6,敬礼,jìng lǐ,"chào hỏi, chào kính",警察向我们敬礼。,Jǐngchá xiàng wǒmen jìnglǐ.,Cảnh sát chào chúng tôi.
6,竞赛,jìng sài,"thi đấu, cạnh tranh",他在竞赛中获得了冠军。,Tā zài jìngsài zhōng huòdé le guànjūn.,Anh ấy giành chức vô địch trong cuộc thi.
6,镜头,jìng tóu,"ống kính, cảnh quay",摄影师调整了镜头。,Shèyǐngshī tiáozhěng le jìngtóu.,Nhiếp ảnh gia điều chỉnh ống kính.
6,竞选,jìng xuǎn,"tranh cử, vận động bầu cử",他正在竞选市长。,Tā zhèngzài jìngxuǎn shìzhǎng.,Anh ấy đang tranh cử thị trưởng.
6,纠纷,jiū fēn,"tranh chấp, mâu thuẫn",他们之间有纠纷。,Tāmen zhījiān yǒu jiūfēn.,Giữa họ có tranh chấp.
6,纠正,jiū zhèng,"sửa chữa, đính chính",我们必须纠正错误。,Wǒmen bìxū jiūzhèng cuòwù.,Chúng ta phải sửa chữa lỗi lầm.
6,酒精,jiǔ jīng,"cồn, rượu",这种酒含有很高的酒精。,Zhè zhǒng jiǔ hányǒu hěn gāo de jiǔjīng.,Loại rượu này chứa cồn rất cao.
6,救济,jiù jì,cứu trợ,政府提供了紧急救济。,Zhèngfǔ tígōng le jǐnjí jiùjì.,Chính phủ cung cấp cứu trợ khẩn cấp.
6,就近,jiù jìn,"gần, lân cận",请就近找个餐馆吃饭。,Qǐng jiùjìn zhǎo gè cānguǎn chīfàn.,Vui lòng tìm một nhà hàng gần đây để ăn.
6,就业,jiù yè,"việc làm, tìm việc",他最近找到了就业机会。,Tā zuìjìn zhǎodào le jiùyè jīhuì.,Gần đây anh ấy tìm được cơ hội việc làm.
6,就职,jiù zhí,"nhậm chức, nhận chức",他新就职的公司很好。,Tā xīn jiùzhí de gōngsī hěn hǎo.,Công ty mới của anh ấy rất tốt.
6,鞠躬,jū gōng,"cúi đầu, cúi chào",他向我们鞠躬致意。,Tā xiàng wǒmen jūgōng zhìyì.,Anh ấy cúi chào chúng tôi.
6,拘留,jū liú,"tạm giam, tạm giữ",他被警方拘留了。,Tā bèi jǐngfāng jūliú le.,Anh ấy bị cảnh sát giam giữ.
6,拘束,jū shù,"gò bó, ràng buộc",他的行为有点拘束。,Tā de xíngwéi yǒudiǎn jūshù.,Hành vi của anh ấy hơi gò bó.
6,居住,jū zhù,"cư trú, sinh sống",他居住在市中心。,Tā jūzhù zài shì zhōngxīn.,Anh ấy cư trú ở trung tâm thành phố.
6,局部,jú bù,"cục bộ, một phần",这个问题只涉及到局部。,Zhège wèntí zhǐ shèjí dào júbù.,Vấn đề này chỉ liên quan đến một phần.
6,局面,jú miàn,"cục diện, tình thế",局面的发展令人担忧。,Júmiàn de fāzhǎn lìng rén dānyōu.,Sự phát triển của tình hình khiến người ta lo lắng.
6,局势,jú shì,"tình hình, tình thế",政府正在评估局势。,Zhèngfǔ zhèngzài pínggū júshì.,Chính phủ đang đánh giá tình hình.
6,局限,jú xiàn,"hạn chế, giới hạn",我们需要打破局限。,Wǒmen xūyào dǎpò júxiàn.,Chúng ta cần phá vỡ giới hạn.
6,举动,jǔ dòng,"hành động, động thái",他的举动很可疑。,Tā de jǔdòng hěn kěyí.,Hành động của anh ấy rất đáng nghi.
6,咀嚼,jǔ jué,"nhai, nghiền ngẫm",她正在咀嚼食物。,Tā zhèngzài jǔjué shíwù.,Cô ấy đang nhai thức ăn.
6,沮丧,jǔ sàng,"thất vọng, buồn bã",他感到非常沮丧。,Tā gǎndào fēicháng jǔsàng.,Anh ấy cảm thấy rất chán nản.
6,举世闻名,jǔ shì wén míng,nổi tiếng khắp thế giới,他的发明举世闻名。,Tā de fāmíng jǔshì wénmíng.,Phát minh của anh ấy nổi tiếng khắp thế giới.
6,举世瞩目,jǔ shì zhǔ mù,chú ý khắp thế giới,这个问题引起了举世瞩目。,Zhège wèntí yǐnqǐ le jǔshì zhǔmù.,Vấn đề này thu hút sự chú ý của toàn thế giới.
6,举足轻重,jǔ zú qīng zhòng,có vai trò quan trọng,他在团队中举足轻重。,Tā zài tuánduì zhōng jǔzúqīngzhòng.,Anh ấy là người quan trọng trong đội.
6,剧本,jù běn,"kịch bản, kịch bản phim",他正在写一个剧本。,Tā zhèngzài xiě yī gè jùběn.,Anh ấy đang viết một kịch bản.
6,聚精会神,jù jīng huì shén,tập trung cao độ,他聚精会神地听讲。,Tā jùjīnghuìshén de tīngjiǎng.,Anh ấy chăm chú nghe giảng.
6,剧烈,jù liè,"dữ dội, kịch liệt",这次运动非常剧烈。,Zhè cì yùndòng fēicháng jùliè.,Buổi tập luyện lần này rất mạnh.
6,据悉,jù xī,"được biết, theo tin",据悉，会议将延期。,"Jùxī, huìyì jiāng yánqī.","Theo tin tức, cuộc họp sẽ bị hoãn."
6,决策,jué cè,"quyết sách, quyết định",公司正在制定新的决策。,Gōngsī zhèngzài zhìdìng xīn de juécè.,Công ty đang xây dựng các quyết sách mới.
6,绝望,jué wàng,tuyệt vọng,他的态度非常绝望。,Tā de tàidù fēicháng juéwàng.,Thái độ của anh ấy rất tuyệt vọng.
6,觉悟,jué wù,"giác ngộ, tỉnh ngộ",我们需要提高觉悟。,Wǒmen xūyào tígāo juéwù.,Chúng ta cần nâng cao nhận thức.
6,觉醒,jué xǐng,"thức tỉnh, tỉnh ngộ",他在战争中觉醒了。,Tā zài zhànzhēng zhōng juéxǐng le.,Anh ấy giác ngộ trong chiến tranh.
6,军队,jūn duì,quân đội,军队在边境部署。,Jūnduì zài biānjìng bùshǔ.,Quân đội triển khai ở biên giới.
6,卡通,kǎ tōng,hoạt hình,孩子们喜欢看卡通。,Háizimen xǐhuān kàn kǎtōng.,Trẻ em thích xem hoạt hình.
6,开采,kāi cǎi,khai thác,矿工们在山中开采矿石。,Kuànggōng men zài shān zhōng kāicǎi kuàngshí.,Công nhân mỏ khai thác khoáng sản trong núi.
6,开除,kāi chú,"khai trừ, đuổi học",他被学校开除了。,Tā bèi xuéxiào kāichú le.,Anh ấy bị đuổi học.
6,开阔,kāi kuò,"mở rộng, rộng rãi",我们需要开阔视野。,Wǒmen xūyào kāikuò shìyě.,Chúng ta cần mở rộng tầm nhìn.
6,开朗,kāi lǎng,"vui vẻ, cởi mở",她的性格很开朗。,Tā de xìnggé hěn kāilǎng.,Tính cách của cô ấy rất vui vẻ.
6,开明,kāi míng,"khai sáng, sáng suốt",他是一个开明的领导。,Tā shì yī gè kāimíng de lǐngdǎo.,Anh ấy là một lãnh đạo thông suốt.
6,开辟,kāi pì,"mở đường, khai mở",我们正在开辟新的市场。,Wǒmen zhèngzài kāipì xīn de shìchǎng.,Chúng ta đang mở rộng thị trường mới.
6,开水,kāi shuǐ,nước sôi,请给我一杯开水。,Qǐng gěi wǒ yī bēi kāishuǐ.,Vui lòng cho tôi một ly nước sôi.
6,开拓,kāi tuò,"khai thác, mở rộng",我们正在开拓新的业务。,Wǒmen zhèngzài kāituò xīn de yèwù.,Chúng ta đang khai thác kinh doanh mới.
6,开展,kāi zhǎn,"triển khai, phát triển",活动正在如火如荼地开展。,Huódòng zhèngzài rú huǒ rú tú de kāizhǎn.,Hoạt động đang được triển khai sôi nổi.
6,开支,kāi zhī,"chi phí, chi tiêu",公司的开支不断增加。,Gōngsī de kāizhī bùduàn zēngjiā.,Chi phí của công ty không ngừng tăng lên.
6,刊登,kān dēng,"đăng tải, đăng báo",报纸上刊登了这则新闻。,Bàozhǐ shàng kāndēng le zhè zé xīnwén.,Báo đăng tin tức này.
6,勘探,kān tàn,"khảo sát, thăm dò",他们在山中勘探资源。,Tāmen zài shān zhōng kāntàn zīyuán.,Họ khảo sát tài nguyên trong núi.
6,刊物,kān wù,"ấn phẩm, tạp chí",这本刊物很受欢迎。,Zhè běn kānwù hěn shòu huānyíng.,Ấn phẩm này rất được ưa chuộng.
6,看待,kàn dài,"xem xét, đánh giá",我们需要认真看待这个问题。,Wǒmen xūyào rènzhēn kàndài zhège wèntí.,Chúng ta cần xem xét vấn đề này một cách nghiêm túc.
6,看来,kàn lái,"xem ra, có vẻ như",看来今天要下雨了。,Kànlái jīntiān yào xiàyǔ le.,Có vẻ như hôm nay sẽ mưa.
6,看望,kàn wàng,"thăm hỏi, thăm viếng",他来看望了生病的朋友。,Tā lái kànwàng le shēngbìng de péngyǒu.,Anh ấy đến thăm người bạn đang ốm.
6,慷慨,kāng kǎi,"hào phóng, rộng lượng",他很慷慨地捐款。,Tā hěn kāngkǎi de juānkuǎn.,Anh ấy rất hào phóng quyên góp.
6,考察,kǎo chá,"khảo sát, điều tra",科学家们在这里考察地质。,Kēxuéjiā men zài zhèlǐ kǎochá dìzhì.,Các nhà khoa học khảo sát địa chất ở đây.
6,考古,kǎo gǔ,khảo cổ,他对古代文化很感兴趣。,Tā duì gǔdài wénhuà hěn gǎn xìngqù.,Anh ấy rất quan tâm đến văn hóa cổ đại.
6,考核,kǎo hé,"kiểm tra, đánh giá",公司将对员工进行考核。,Gōngsī jiāng duì yuángōng jìnxíng kǎohé.,Công ty sẽ tiến hành đánh giá nhân viên.
6,考验,kǎo yàn,"thử thách, kiểm nghiệm",这次考验了他的能力。,Zhè cì kǎoyàn le tā de nénglì.,Lần này đã thử thách khả năng của anh ấy.
6,靠拢,kào lǒng,"xích lại, gần kề",我们应该向前靠拢。,Wǒmen yīnggāi xiàng qián kàolǒng.,Chúng ta nên tiến về phía trước.
6,磕,kē,"đập, va đập",他不小心磕到了头。,Tā bù xiǎoxīn kē dào le tóu.,Anh ấy vô tình đập đầu.
6,颗粒,kē lì,"hạt, hạt nhỏ",这种药有很多颗粒。,Zhè zhǒng yào yǒu hěn duō kēlì.,Loại thuốc này có nhiều hạt.
6,科目,kē mù,"môn học, khóa học",数学是他的主要科目。,Shùxué shì tā de zhǔyào kēmù.,Toán học là môn học chính của anh ấy.
6,可观,kě guān,"đáng kể, to lớn",这个景点的风景非常可观。,Zhège jǐngdiǎn de fēngjǐng fēicháng kěguān.,Phong cảnh của điểm du lịch này rất đáng xem.
6,可口,kě kǒu,ngon miệng,这个菜很好吃，非常可口。,"Zhège cài hěn hǎochī, fēicháng kěkǒu.","Món ăn này rất ngon, vô cùng hấp dẫn."
6,渴望,kě wàng,"khao khát, mong đợi",他渴望成功。,Tā kěwàng chénggōng.,Anh ấy khao khát thành công.
6,可恶,kě wù,đáng ghét,这个人非常可恶。,Zhège rén fēicháng kěwù.,Người này rất đáng ghét.
6,可笑,kě xiào,"buồn cười, nực cười",他的行为非常可笑。,Tā de xíngwéi fēicháng kěxiào.,Hành vi của anh ấy rất buồn cười.
6,可行,kě xíng,"khả thi, có thể thực hiện",这个计划可行。,Zhège jìhuà kěxíng.,Kế hoạch này khả thi.
6,刻不容缓,kè bù róng huǎn,"cấp bách, không thể trì hoãn",我们必须刻不容缓地行动。,Wǒmen bìxū kèbùrónghuǎn de xíngdòng.,Chúng ta phải hành động ngay lập tức.
6,客户,kè hù,khách hàng,我们要关注客户需求。,Wǒmen yào guānzhù kèhù xūqiú.,Chúng ta cần chú ý đến nhu cầu của khách hàng.
6,课题,kè tí,"đề tài, vấn đề",这个研究课题很有趣。,Zhège yánjiū kètí hěn yǒuqù.,Đề tài nghiên cứu này rất thú vị.
6,啃,kěn,"gặm, nhấm",他不停地啃骨头。,Tā bù tíng de kěn gǔtou.,Anh ấy không ngừng gặm xương.
6,恳切,kěn qiè,"tha thiết, khẩn thiết",他的话非常恳切。,Tā de huà fēicháng kěnqiè.,Lời nói của anh ấy rất chân thành.
6,坑,kēng,"hố, hố sâu",小心别掉进坑里。,Xiǎoxīn bié diào jìn kēng lǐ.,Cẩn thận đừng rơi vào hố.
6,空洞,kōng dòng,"trống rỗng, hời hợt",这个洞很空洞。,Zhège dòng hěn kōngdòng.,Lỗ này rất rỗng.
6,空前绝后,kōng qián jué hòu,có một không hai,他的成就空前绝后。,Tā de chéngjiù kōngqiánjuéhòu.,Thành tựu của anh ấy chưa từng có.
6,空想,kōng xiǎng,"mơ tưởng, ảo tưởng",她总是空想未来。,Tā zǒng shì kōngxiǎng wèilái.,Cô ấy luôn mơ tưởng về tương lai.
6,空虚,kōng xū,"trống trải, vô vị",他感到非常空虚。,Tā gǎndào fēicháng kōngxū.,Anh ấy cảm thấy rất trống rỗng.
6,孔,kǒng,"lỗ, hố",这个洞非常深。,Zhège kǒng fēicháng shēn.,Lỗ này rất sâu.
6,恐吓,kǒng hè,"đe dọa, hăm dọa",他受到恐吓。,Tā shòudào kǒnghè.,Anh ấy bị đe dọa.
6,恐惧,kǒng jù,"sợ hãi, kinh hãi",她对蜘蛛有恐惧。,Tā duì zhīzhū yǒu kǒngjù.,Cô ấy sợ nhện.
6,空白,kòng bái,"chỗ trống, khoảng trống",他的笔记本上有很多空白。,Tā de bǐjìběn shàng yǒu hěn duō kòngbái.,Quyển sổ của anh ấy có nhiều trang trống.
6,空隙,kòng xì,"khoảng trống, khe hở",墙上有一个空隙。,Qiáng shàng yǒu yī gè kòngxì.,Trên tường có một khe hở.
6,口气,kǒu qì,"khẩu khí, giọng điệu",他说话的口气很坚决。,Tā shuōhuà de kǒuqì hěn jiānjué.,Giọng nói của anh ấy rất kiên quyết.
6,口腔,kǒu qiāng,khoang miệng,他有口腔问题。,Tā yǒu kǒuqiāng wèntí.,Anh ấy có vấn đề về khoang miệng.
6,口头,kǒu tóu,"bằng miệng, bằng lời nói",他们进行了一场口头辩论。,Tāmen jìnxíng le yī chǎng kǒutóu biànlùn.,Họ đã có một cuộc tranh luận miệng.
6,口音,kǒu yīn,"giọng, giọng nói",他说话有乡村口音。,Tā shuōhuà yǒu xiāngcūn kǒuyīn.,Anh ấy nói có giọng quê.
6,枯竭,kū jié,"khô cạn, cạn kiệt",河流已经枯竭。,Héliú yǐjīng kūjié.,Con sông đã cạn khô.
6,枯燥,kū zào,"khô khan, buồn tẻ",这本书内容枯燥。,Zhè běn shū nèiróng kūzào.,Nội dung của quyển sách này rất khô khan.
6,苦尽甘来,kǔ jìn gān lái,"khổ tận cam lai, qua cơn bĩ cực đến hồi thái lai",他们经历了苦尽甘来。,Tāmen jīnglì le kǔjìngānlái.,Họ đã trải qua khổ tận cam lai.
6,挎,kuà,"đeo, khoác",她挎着一个小包。,Tā kuàzhe yī gè xiǎo bāo.,Cô ấy đeo một chiếc túi nhỏ.
6,跨,kuà,"bước qua, vượt qua",他可以轻松跨过障碍。,Tā kěyǐ qīngsōng kuàguò zhàng'ài.,Anh ấy có thể dễ dàng vượt qua chướng ngại.
6,快活,kuài huó,"vui vẻ, hạnh phúc",他们过得很快活。,Tāmen guò de hěn kuàihuó.,Họ sống rất vui vẻ.
6,宽敞,kuān chang,"rộng rãi, thoáng đãng",房间很宽敞。,Fángjiān hěn kuānchǎng.,Căn phòng rất rộng rãi.
6,款待,kuǎn dài,"khoản đãi, tiếp đãi",他款待了所有客人。,Tā kuǎndài le suǒyǒu kèrén.,Anh ấy tiếp đãi tất cả khách.
6,款式,kuǎn shì,"kiểu dáng, mẫu mã",这款衣服很时尚。,Zhè kuǎn yīfú hěn shíshàng.,Mẫu quần áo này rất thời trang.
6,筐,kuāng,"giỏ, sọt",他用筐收集水果。,Tā yòng kuāng shōují shuǐguǒ.,Anh ấy dùng giỏ để thu thập hoa quả.
6,框架,kuàng jià,"khung, sườn",房子有坚固的框架。,Fángzi yǒu jiāngù de kuàngjià.,Ngôi nhà có khung vững chắc.
6,旷课,kuàng kè,"bỏ học, trốn học",他旷课了几天。,Tā kuàngkè le jǐ tiān.,Anh ấy trốn học vài ngày.
6,况且,kuàng qiě,"hơn nữa, vả lại",况且，我们还没有决定。,"Kuàngqiě, wǒmen hái méiyǒu juédìng.","Hơn nữa, chúng ta chưa quyết định."
6,亏待,kuī dài,"đối xử tệ, bạc đãi",他感到被亏待了。,Tā gǎndào bèi kuīdài le.,Anh ấy cảm thấy bị đối xử tệ.
6,亏损,kuī sǔn,"tổn thất, thua lỗ",公司出现了亏损。,Gōngsī chūxiàn le kuīsǔn.,Công ty gặp tổn thất.
6,昆虫,kūn chóng,"côn trùng, sâu bọ",他喜欢研究昆虫。,Tā xǐhuān yánjiū kūnchóng.,Anh ấy thích nghiên cứu côn trùng.
6,捆绑,kǔn bǎng,"trói buộc, ràng buộc",她把箱子捆绑好了。,Tā bǎ xiāngzi kǔnbǎng hǎo le.,Cô ấy đã buộc chặt cái thùng.
6,扩充,kuò chōng,"mở rộng, khuếch trương",公司正在扩充业务。,Gōngsī zhèngzài kuòchōng yèwù.,Công ty đang mở rộng kinh doanh.
6,扩散,kuò sàn,"lan rộng, khuếch tán",这些谣言迅速扩散。,Zhèxiē yáoyán xùnsù kuòsàn.,Những tin đồn này lan nhanh.
6,扩张,kuò zhāng,"mở rộng, bành trướng",帝国不断扩张。,Dìguó bùduàn kuòzhāng.,Đế quốc không ngừng mở rộng.
6,啦,la,(trợ từ ngữ khí),啦，天气真好！,"La, tiānqì zhēn hǎo!","Này, thời tiết thật đẹp!"
6,喇叭,lǎ ba,"loa, còi",他吹喇叭很厉害。,Tā chuī lǎba hěn lìhài.,Anh ấy thổi kèn rất giỏi.
6,来历,lái lì,"lai lịch, nguồn gốc",他的来历不明。,Tā de láilì bùmíng.,Lai lịch của anh ấy không rõ ràng.
6,来源,lái yuán,"nguồn gốc, xuất xứ",水的来源是什么？,Shuǐ de láiyuán shì shénme?,Nguồn gốc của nước là gì?
6,栏目,lán mù,"chuyên mục, mục báo",他主持了一个栏目。,Tā zhǔchí le yī gè lánmù.,Anh ấy chủ trì một chương trình.
6,懒惰,lǎn duò,lười biếng,他很懒惰。,Tā hěn lǎnduò.,Anh ấy rất lười biếng.
6,狼狈,láng bèi,"khốn khổ, nhục nhã",他感到狼狈。,Tā gǎndào lángbèi.,Anh ấy cảm thấy bối rối.
6,朗读,lǎng dú,"đọc to, đọc diễn cảm",他大声朗读文章。,Tā dàshēng lǎngdú wénzhāng.,Anh ấy đọc to bài văn.
6,捞,lāo,"vớt, moi móc",他从水里捞鱼。,Tā cóng shuǐ lǐ lāo yú.,Anh ấy bắt cá từ nước.
6,唠叨,láo dao,"nói lải nhải, càm ràm",她总是唠叨。,Tā zǒng shì láodao.,Cô ấy luôn càu nhàu.
6,牢固,láo gù,"vững chắc, kiên cố",桥梁非常牢固。,Qiáoliáng fēicháng láogù.,Cây cầu rất vững chắc.
6,牢骚,láo sāo,"bất mãn, oán giận",他对工作充满牢骚。,Tā duì gōngzuò chōngmǎn láosāo.,Anh ấy rất bất mãn với công việc.
6,乐趣,lè qù,"niềm vui, thú vui",他的工作充满乐趣。,Tā de gōngzuò chōngmǎn lèqù.,Công việc của anh ấy đầy niềm vui.
6,乐意,lè yì,"vui lòng, sẵn lòng",我乐意帮助你。,Wǒ lèyì bāngzhù nǐ.,Tôi sẵn lòng giúp bạn.
6,雷达,léi dá,radar,雷达探测到目标。,Léidá tàncè dào mùbiāo.,Radar phát hiện mục tiêu.
6,类似,lèi sì,"tương tự, giống như",这些情况类似。,Zhèxiē qíngkuàng lèisì.,Những tình huống này tương tự.
6,冷淡,lěng dàn,"lạnh nhạt, hờ hững",他对我们很冷淡。,Tā duì wǒmen hěn lěngdàn.,Anh ấy rất lạnh nhạt với chúng tôi.
6,冷酷,lěng kù,"lạnh lùng, tàn nhẫn",他的态度冷酷。,Tā de tàidù lěngkù.,Thái độ của anh ấy rất tàn nhẫn.
6,冷却,lěngquè,"Làm lạnh, làm nguội",冰块冷却得很快。,Bīng kuài lěngquè dé hěn kuài.,Đá lạnh rất nhanh.
6,愣,lèng,"Ngây ra, sững sờ",他愣了一下。,Tā lèng le yīxià.,Anh ấy ngẩn ra một lúc.
6,黎明,límíng,Bình minh,黎明时分，天空很美。,"Límíng shífēn, tiānkōng hěn měi.","Lúc bình minh, bầu trời rất đẹp."
6,理睬,lǐcǎi,"Quan tâm, để ý",他不理睬别人的意见。,Tā bù lǐcǎi biérén de yìjiàn.,Anh ấy không để ý đến ý kiến của người khác.
6,里程碑,lǐchéngbēi,Cột mốc,这次会议是一个里程碑。,Zhè cì huìyì shì yī gè lǐchéngbēi.,Cuộc họp này là một cột mốc quan trọng.
6,礼节,lǐjié,"Lễ tiết, lễ nghi",他们遵守礼节。,Tāmen zūnshǒu lǐjié.,Họ tuân thủ lễ nghi.
6,理所当然,lǐsuǒdāngrán,Lẽ dĩ nhiên,这是理所当然的事。,Zhè shì lǐsuǒdāngrán de shì.,Đây là điều đương nhiên.
6,理直气壮,lǐzhíqìzhuàng,Đầy lý lẽ,他理直气壮地回答。,Tā lǐzhíqìzhuàng de huídá.,Anh ấy trả lời một cách đàng hoàng.
6,理智,lǐzhì,"Lý trí, lý trí cao",他很理智。,Tā hěn lǐzhì.,Anh ấy rất lý trí.
6,立场,lìchǎng,Lập trường,他的立场很明确。,Tā de lìchǎng hěn míngquè.,Lập trường của anh ấy rất rõ ràng.
6,历代,lìdài,"Các đời, qua các thời đại",这些传统历代相传。,Zhèxiē chuántǒng lìdài xiāngchuán.,Những truyền thống này được truyền qua nhiều thế hệ.
6,利害,lìhài,Lợi hại,他们的利益相关。,Tāmen de lìyì xiāngguān.,Lợi ích của họ có liên quan đến nhau.
6,立交桥,lìjiāoqiáo,Cầu vượt,城市有许多立交桥。,Chéngshì yǒu xǔduō lìjiāoqiáo.,Thành phố có nhiều cầu vượt.
6,历来,lìlái,Từ trước đến nay,这种风俗历来存在。,Zhè zhǒng fēngsú lìlái cúnzài.,Phong tục này đã tồn tại từ trước đến nay.
6,利率,lìlǜ,Lãi suất,银行的利率很高。,Yínháng de lìlǜ hěn gāo.,Lãi suất của ngân hàng rất cao.
6,力所能及,lìsuǒnéngjí,Trong khả năng,他做了力所能及的事情。,Tā zuò le lìsuǒnéngjí de shìqíng.,Anh ấy đã làm những việc trong khả năng của mình.
6,立体,lìtǐ,"Lập thể, ba chiều",这是一座立体雕像。,Zhè shì yī zuò lìtǐ diāoxiàng.,Đây là một bức tượng ba chiều.
6,力图,lìtú,Cố gắng,他力图解决问题。,Tā lìtú jiějué wèntí.,Anh ấy cố gắng giải quyết vấn đề.
6,例外,lìwài,Ngoại lệ,这是一个例外情况。,Zhè shì yī gè lìwài qíngkuàng.,Đây là một trường hợp ngoại lệ.
6,力争,lìzhēng,Cố gắng giành được,他力争达到目标。,Tā lìzhēng dádào mùbiāo.,Anh ấy nỗ lực để đạt được mục tiêu.
6,立足,lìzú,"Đứng chân, có chỗ đứng",我们必须立足现实。,Wǒmen bìxū lìzú xiànshí.,Chúng ta phải đứng vững trên thực tế.
6,联欢,liánhuān,Liên hoan,他们举办了联欢会。,Tāmen jǔbàn le liánhuān huì.,Họ tổ chức một buổi liên hoan.
6,廉洁,liánjié,Liêm khiết,他是一个廉洁的官员。,Tā shì yī gè liánjié de guānyuán.,Ông ấy là một quan chức liêm khiết.
6,联络,liánluò,Liên lạc,我们联络了很多人。,Wǒmen liánluò le hěn duō rén.,Chúng ta đã liên lạc với nhiều người.
6,联盟,liánméng,Liên minh,他们形成了联盟。,Tāmen xíngchéng le liánméng.,Họ đã thành lập liên minh.
6,连年,liánnián,Nhiều năm liên tiếp,连年干旱影响了农业。,Liánnián gānhàn yǐngxiǎng le nóngyè.,Hạn hán nhiều năm đã ảnh hưởng đến nông nghiệp.
6,连锁,liánsuǒ,"Chuỗi, liên tiếp",连锁反应导致了事故。,Liánsuǒ fǎnyìng dǎozhì le shìgù.,Phản ứng dây chuyền dẫn đến tai nạn.
6,连同,liántóng,"Kèm theo, cùng với",请把文件连同邮件发送。,Qǐng bǎ wénjiàn liántóng yóujiàn fāsòng.,Vui lòng gửi kèm tài liệu cùng email.
6,联想,liánxiǎng,Liên tưởng,这让我联想到了童年。,Zhè ràng wǒ liánxiǎng dào le tóngnián.,Điều này khiến tôi liên tưởng đến thời thơ ấu.
6,良心,liángxīn,Lương tâm,他的良心很清白。,Tā de liángxīn hěn qīngbái.,Lương tâm của anh ấy rất trong sáng.
6,晾,liàng,Phơi,请把衣服晾干。,Qǐng bǎ yīfú liàng gān.,Vui lòng phơi khô quần áo.
6,谅解,liàngjiě,"Thấu hiểu, thông cảm",我们达成了谅解。,Wǒmen dáchéng le liàngjiě.,Chúng tôi đã đạt được sự thông cảm.
6,辽阔,liáokuò,"Rộng lớn, bao la",草原辽阔无边。,Cǎoyuán liáokuò wúbiān.,Đồng cỏ rộng lớn vô tận.
6,列举,lièjǔ,Liệt kê,请列举几个例子。,Qǐng lièjǔ jǐ gè lìzi.,Vui lòng liệt kê một vài ví dụ.
6,淋,lín,"Dầm, ướt sũng",雨水淋湿了衣服。,Yǔshuǐ línshī le yīfú.,Nước mưa làm ướt quần áo.
6,临床,línchuáng,Lâm sàng,医生正在进行临床试验。,Yīshēng zhèngzài jìnxíng línchuáng shìyàn.,Bác sĩ đang tiến hành thử nghiệm lâm sàng.
6,吝啬,lìnsè,Keo kiệt,他很吝啬，不愿意分享。,"Tā hěn lìnsè, bù yuànyì fēnxiǎng.","Anh ấy rất keo kiệt, không muốn chia sẻ."
6,凌晨,língchén,Rạng sáng,凌晨时分，他还在工作。,"Língchén shífēn, tā hái zài gōngzuò.","Lúc rạng sáng, anh ấy vẫn đang làm việc."
6,灵感,línggǎn,Cảm hứng,他在寻找灵感。,Tā zài xúnzhǎo línggǎn.,Anh ấy đang tìm cảm hứng.
6,灵魂,línghún,Linh hồn,他的灵魂很纯洁。,Tā de línghún hěn chúnjié.,Linh hồn của anh ấy rất thuần khiết.
6,伶俐,línglì,Lanh lợi,她很伶俐，回答得很快。,"Tā hěn línglì, huídá de hěn kuài.","Cô ấy rất lanh lợi, trả lời rất nhanh."
6,灵敏,língmǐn,Nhạy bén,他的反应很灵敏。,Tā de fǎnyìng hěn língmǐn.,Phản ứng của anh ấy rất nhạy bén.
6,零星,língxīng,"Lẻ tẻ, rời rạc",他收集了很多零星的资料。,Tā shōují le hěn duō língxīng de zīliào.,Anh ấy thu thập nhiều tài liệu rời rạc.
6,领会,lǐnghuì,"Hiểu rõ, lĩnh hội",他能领会这篇文章的深意。,Tā néng lǐnghuì zhè piān wénzhāng de shēnyì.,Anh ấy có thể lĩnh hội được ý nghĩa sâu sắc của bài viết này.
6,领事馆,lǐngshìguǎn,Lãnh sự quán,他们参观了领事馆。,Tāmen cānguān le lǐngshìguǎn.,Họ đã thăm lãnh sự quán.
6,领土,lǐngtǔ,Lãnh thổ,这块领土属于中国。,Zhè kuài lǐngtǔ shǔyú Zhōngguó.,Mảnh đất này thuộc về Trung Quốc.
6,领悟,lǐngwù,"Hiểu rõ, lĩnh ngộ",他终于领悟到了真理。,Tā zhōngyú lǐngwù dào le zhēnlǐ.,Cuối cùng anh ấy đã hiểu ra chân lý.
6,领先,lǐngxiān,Dẫn đầu,他在比赛中领先。,Tā zài bǐsài zhōng lǐngxiān.,Anh ấy dẫn đầu trong cuộc thi.
6,领袖,lǐngxiù,"Lãnh tụ, người đứng đầu",他是一个伟大的领袖。,Tā shì yī gè wěidà de lǐngxiù.,Anh ấy là một nhà lãnh đạo vĩ đại.
6,溜,liū,Lẻn đi,孩子们在院子里溜冰。,Háizi men zài yuànzi lǐ liūbīng.,Bọn trẻ trượt băng trong sân.
6,流浪,liúlàng,Lang thang,他在城市里流浪了很久。,Tā zài chéngshì lǐ liúlàng le hěn jiǔ.,Anh ấy đã lang thang trong thành phố rất lâu.
6,留恋,liúliàn,Lưu luyến,她对故乡有深深的留恋。,Tā duì gùxiāng yǒu shēnshēn de liúliàn.,Cô ấy rất lưu luyến quê hương.
6,流露,liúlù,Thổ lộ,他的眼神流露出悲伤。,Tā de yǎnshén liúlù chū bēishāng.,Ánh mắt của anh ấy lộ ra sự buồn bã.
6,流氓,liúmáng,Lưu manh,他曾经是个流氓。,Tā céngjīng shì gè liúmáng.,Anh ta từng là một kẻ lưu manh.
6,留念,liúniàn,Lưu niệm,请留念这美好的时刻。,Qǐng liúniàn zhè měihǎo de shíkè.,Hãy lưu lại kỷ niệm thời khắc đẹp này.
6,留神,liúshén,"Chú ý, cẩn thận",过马路时要留神。,Guò mǎlù shí yào liúshén.,Hãy chú ý khi băng qua đường.
6,流通,liútōng,Lưu thông,货物需要流通才能销售。,Huòwù xūyào liútōng cáinéng xiāoshòu.,Hàng hóa cần lưu thông mới có thể bán được.
6,聋哑,lóngyǎ,Điếc và câm,他是一个聋哑人。,Tā shì yī gè lóngyǎ rén.,Anh ấy là một người câm điếc.
6,隆重,lóngzhòng,Long trọng,会议进行得很隆重。,Huìyì jìnxíng de hěn lóngzhòng.,Cuộc họp diễn ra rất long trọng.
6,垄断,lǒngduàn,Lũng đoạn,他们垄断了市场。,Tāmen lǒngduàn le shìchǎng.,Họ đã độc quyền thị trường.
6,笼罩,lǒngzhào,Bao trùm,大雾笼罩了整个城市。,Dà wù lǒngzhào le zhěnggè chéngshì.,Sương mù bao phủ toàn thành phố.
6,搂,lǒu,Ôm,她搂着孩子睡觉。,Tā lǒu zhe háizi shuìjiào.,Cô ấy ôm đứa trẻ ngủ.
6,炉灶,lúzào,Bếp lò,我们家有一个炉灶。,Wǒmen jiā yǒu yī gè lúzào.,Nhà chúng tôi có một cái bếp lò.
6,轮船,lúnchuán,Tàu thuỷ,轮船正在驶向港口。,Lúnchuán zhèngzài shǐxiàng gǎngkǒu.,Con tàu đang hướng về cảng.
6,轮廓,lúnkuò,"Đường nét, hình dáng",他的脸轮廓分明。,Tā de liǎn lúnkuò fēnmíng.,Khuôn mặt anh ấy có đường nét rõ ràng.
6,轮胎,lúntāi,Lốp xe,车轮胎坏了。,Chē lùntāi huài le.,Lốp xe bị hỏng rồi.
6,论坛,lùntán,Diễn đàn,他在论坛上发表了演讲。,Tā zài lùntán shàng fābiǎo le yǎnjiǎng.,Anh ấy đã phát biểu trên diễn đàn.
6,论证,lùnzhèng,"Chứng minh, luận chứng",他们用事实论证了这个观点。,Tāmen yòng shìshí lùnzhèng le zhège guāndiǎn.,Họ dùng sự thật để chứng minh quan điểm này.
6,啰唆,luōsuo,"Lắm lời, lằng nhằng",她很啰唆，总是说个不停。,"Tā hěn luōsuo, zǒng shì shuō gè bù tíng.","Cô ấy rất lắm lời, luôn nói không ngừng."
6,螺丝钉,luósīdīng,Đinh vít,他拧紧了螺丝钉。,Tā nǐng jǐn le luósīdīng.,Anh ấy đã vặn chặt con ốc vít.
6,落成,luòchéng,Hoàn thành (công trình),新楼已经落成。,Xīn lóu yǐjīng luòchéng.,Tòa nhà mới đã hoàn thành.
6,落实,luòshí,"Thực hiện, thực thi",计划得到了落实。,Jìhuà dédào le luòshí.,Kế hoạch đã được thực hiện.
6,络绎不绝,luòyìbùjué,Liên tục không dứt,游客络绎不绝。,Yóukè luòyì bù jué.,Du khách đến không ngớt.
6,屡次,lǚcì,Nhiều lần,他屡次犯错。,Tā lǚcì fàncuò.,Anh ta phạm lỗi nhiều lần.
6,履行,lǚxíng,"Thực hiện, thi hành",我们必须履行合同。,Wǒmen bìxū lǚxíng hétóng.,Chúng ta phải thực hiện hợp đồng.
6,掠夺,lüèduó,Cướp bóc,海盗掠夺了船只。,Hǎidào lüèduó le chuánzhī.,Hải tặc đã cướp bóc con tàu.
6,略微,lüèwēi,"Hơi, một chút",她略微有点紧张。,Tā lüèwēi yǒudiǎn jǐnzhāng.,Cô ấy hơi căng thẳng một chút.
6,麻痹,mábì,Tê liệt,他对危险的麻痹使他受伤。,Tā duì wēixiǎn de mábì shǐ tā shòushāng.,Sự chủ quan trước nguy hiểm khiến anh ấy bị thương.
6,麻木,mámù,"Tê dại, tê liệt",他的手指麻木了。,Tā de shǒuzhǐ mámù le.,Ngón tay của anh ấy đã bị tê liệt.
6,麻醉,mázuì,Gây mê,医生给他注射了麻醉药。,Yīshēng gěi tā zhùshè le mázuì yào.,Bác sĩ đã tiêm thuốc gây mê cho anh ấy.
6,码头,mǎtóu,Bến cảng,码头上停满了船只。,Mǎtóu shàng tíng mǎn le chuánzhī.,Bến tàu đầy tàu thuyền đậu.
6,嘛,ma,"Mà, nhé",你说什么呢？嘛，我不明白。,"Nǐ shuō shénme ne? Ma, wǒ bù míngbái.","Bạn nói gì vậy? Hả, tôi không hiểu."
6,埋伏,máifú,Mai phục,他在树林里埋伏。,Tā zài shùlín lǐ máifú.,Anh ấy đang phục kích trong rừng.
6,埋没,máimò,"Chôn vùi, vùi lấp",他的才能被埋没了。,Tā de cáinéng bèi máimò le.,Tài năng của anh ấy bị vùi lấp.
6,埋葬,máizàng,Chôn cất,他被埋葬在山上。,Tā bèi máizàng zài shānshàng.,Anh ấy được chôn cất trên núi.
6,迈,mài,Bước,他迈出了第一步。,Tā mài chū le dì yī bù.,Anh ấy đã bước ra bước đầu tiên.
6,脉搏,màibó,"Mạch đập, nhịp đập",医生检查了他的脉搏。,Yīshēng jiǎnchá le tā de màibó.,Bác sĩ đã kiểm tra nhịp đập của anh ấy.
6,埋怨,mányuàn,Oán trách,她埋怨自己没有抓住机会。,Tā mányuàn zìjǐ méiyǒu zhuā zhù jīhuì.,Cô ấy tự trách mình không nắm bắt cơ hội.
6,漫长,màncháng,Dài đằng đẵng,漫长的等待让人很疲惫。,Màncháng de děngdài ràng rén hěn píbèi.,Sự chờ đợi dài đằng đẵng khiến người ta mệt mỏi.
6,漫画,mànhuà,Truyện tranh,他喜欢看漫画。,Tā xǐhuān kàn mànhuà.,Anh ấy thích đọc truyện tranh.
6,慢性,mànxìng,Mãn tính,他患有慢性疾病。,Tā huàn yǒu mànxìng jíbìng.,Anh ấy mắc bệnh mãn tính.
6,蔓延,mànyán,Lan rộng,火势迅速蔓延。,Huǒshì xùnsù mànyán.,Ngọn lửa lan nhanh chóng.
6,忙碌,mánglù,Bận rộn,他忙碌了一整天。,Tā mánglù le yī zhěng tiān.,Anh ấy bận rộn cả ngày.
6,茫茫,mángmáng,Mênh mông,茫茫的草原看不到尽头。,Mángmáng de cǎoyuán kàn bù dào jìntóu.,Đồng cỏ mênh mông không thấy điểm cuối.
6,盲目,mángmù,Mù quáng,他盲目地跟随别人。,Tā mángmù de gēnsuí biérén.,Anh ta mù quáng đi theo người khác.
6,茫然,mángrán,"Mờ mịt, ngơ ngác",她茫然不知所措。,Tā mángrán bù zhī suǒ cuò.,Cô ấy mờ mịt không biết phải làm gì.
6,冒充,màochōng,Giả danh,他冒充医生进入了医院。,Tā màochōng yīshēng jìnrù le yīyuàn.,Anh ta giả làm bác sĩ vào bệnh viện.
6,茂盛,màoshèng,Tươi tốt,花园里花草茂盛。,Huāyuán lǐ huācǎo màoshèng.,Hoa cỏ trong vườn tươi tốt.
6,枚,méi,"Cái, hạt (lượng từ)",他递给我一枚硬币。,Tā dì gěi wǒ yī méi yìngbì.,Anh ấy đưa cho tôi một đồng xu.
6,媒介,méijiè,"Môi giới, trung gian",互联网是重要的媒介。,Hùliánwǎng shì zhòngyào de méijiè.,Internet là phương tiện quan trọng.
6,媒体,méitǐ,Phương tiện truyền thông,新闻媒体报道了这个消息。,Xīnwén méitǐ bàodào le zhège xiāoxī.,Các phương tiện truyền thông đưa tin về việc này.
6,没辙,méi zhé,"Hết cách, bó tay",我真是没辙了。,Wǒ zhēn shì méizhé le.,Tôi thực sự hết cách rồi.
6,美观,měiguān,Đẹp đẽ,他的设计很美观。,Tā de shèjì hěn měiguān.,Thiết kế của anh ấy rất đẹp mắt.
6,美满,měimǎn,"Hạnh phúc, mỹ mãn",他们的生活很美满。,Tāmen de shēnghuó hěn měimǎn.,Cuộc sống của họ rất viên mãn.
6,美妙,měimiào,Tuyệt vời,这段音乐真是美妙。,Zhè duàn yīnyuè zhēn shì měimiào.,Đoạn nhạc này thật là tuyệt vời.
6,门诊,ménzhěn,Khám bệnh,医院有一个门诊部。,Yīyuàn yǒu yī gè ménzhěn bù.,Bệnh viện có một khoa khám bệnh.
6,蒙,mēng,"Bị lừa, bịp bợm",他蒙着眼睛走路。,Tā méngzhe yǎnjīng zǒulù.,Anh ấy đi bộ bịt mắt.
6,萌芽,méngyá,"Mầm mống, nảy mầm",春天来了，花朵开始萌芽。,"Chūntiān lái le, huāduǒ kāishǐ méngyá.","Mùa xuân đến, hoa bắt đầu đâm chồi."
6,猛烈,měngliè,Mãnh liệt,他猛烈地摇晃着树枝。,Tā měngliè de yáohuàng zhe shùzhī.,Anh ấy lắc mạnh cành cây.
6,梦想,mèngxiǎng,"Mộng tưởng, ước mơ",他的梦想终于实现了。,Tā de mèngxiǎng zhōngyú shíxiàn le.,Ước mơ của anh ấy cuối cùng đã thành hiện thực.
6,眯,mī,Híp mắt,她眯起眼睛看东西。,Tā mī qǐ yǎnjīng kàn dōngxi.,Cô ấy nheo mắt nhìn đồ vật.
6,弥补,míbǔ,Bù đắp,我们需要弥补错误。,Wǒmen xūyào míbǔ cuòwù.,Chúng ta cần sửa chữa lỗi lầm.
6,迷惑,míhuò,Mê hoặc,他的解释让我迷惑。,Tā de jiěshì ràng wǒ míhuò.,Lời giải thích của anh ấy khiến tôi bối rối.
6,弥漫,mímàn,"Lan toả, dâng tràn",整个房间弥漫着香气。,Zhěnggè fángjiān mímàn zhe xiāngqì.,Cả căn phòng tràn ngập hương thơm.
6,迷人,mírén,Quyến rũ,她有一双迷人的眼睛。,Tā yǒu yī shuāng mírén de yǎnjīng.,Cô ấy có đôi mắt quyến rũ.
6,迷失,míshī,Lạc mất,他在陌生的城市迷失了方向。,Tā zài mòshēng de chéngshì míshī le fāngxiàng.,Anh ấy bị lạc đường trong thành phố xa lạ.
6,迷信,míxìn,Mê tín,他非常迷信，不敢做坏事。,"Tā fēicháng míxìn, bù gǎn zuò huàishì.","Anh ấy rất mê tín, không dám làm điều xấu."
6,密度,mìdù,Mật độ,这座城市的建筑密度很高。,Zhè zuò chéngshì de jiànzhù mìdù hěn gāo.,Mật độ xây dựng của thành phố này rất cao.
6,密封,mìfēng,Niêm phong,我们需要密封这些文件。,Wǒmen xūyào mìfēng zhèxiē wénjiàn.,Chúng ta cần niêm phong những tài liệu này.
6,免得,miǎnde,"Tránh, khỏi phải",请戴上口罩，免得感冒。,"Qǐng dài shàng kǒuzhào, miǎnde gǎnmào.",Vui lòng đeo khẩu trang để tránh cảm lạnh.
6,勉励,miǎnlì,Khuyến khích,他勉励学生们努力学习。,Tā miǎnlì xuéshēngmen nǔlì xuéxí.,Anh ấy khuyến khích học sinh học tập chăm chỉ.
6,勉强,miǎnqiǎng,"Cố gắng, miễn cưỡng",他勉强同意了我们的建议。,Tā miǎnqiáng tóngyì le wǒmen de jiànyì.,Anh ấy miễn cưỡng đồng ý với đề nghị của chúng tôi.
6,免疫,miǎnyì,Miễn dịch,这种病很难免疫。,Zhè zhǒng bìng hěn nán miǎnyì.,Loại bệnh này rất khó để miễn dịch.
6,面貌,miànmào,"Diện mạo, dung mạo",他的面貌变了很多。,Tā de miànmào biàn le hěn duō.,Diện mạo của anh ấy đã thay đổi nhiều.
6,面子,miànzi,Thể diện,他很在意自己的面子。,Tā hěn zàiyì zìjǐ de miànzi.,Anh ấy rất quan tâm đến thể diện của mình.
6,描绘,miáohuì,Miêu tả,他描绘了一幅美丽的画。,Tā miáohuì le yī fú měilì de huà.,Anh ấy vẽ một bức tranh đẹp.
6,渺小,miǎoxiǎo,Nhỏ bé,这个村庄非常渺小。,Zhège cūnzhuāng fēicháng miǎoxiǎo.,Ngôi làng này rất nhỏ bé.
6,蔑视,mièshì,"Coi thường, khinh miệt",他蔑视别人的意见。,Tā mièshì biérén de yìjiàn.,Anh ấy khinh thường ý kiến của người khác.
6,灭亡,mièwáng,Diệt vong,这个王朝灭亡了。,Zhège wángcháo mièwáng le.,Triều đại này đã diệt vong.
6,民间,mínjiān,Dân gian,民间故事很有趣。,Mínjiān gùshì hěn yǒuqù.,Truyện dân gian rất thú vị.
6,民用,mínyòng,Dân dụng,这些产品主要是民用的。,Zhèxiē chǎnpǐn zhǔyào shì mínyòng de.,Những sản phẩm này chủ yếu là dân dụng.
6,敏感,mǐngǎn,Nhạy cảm,他对外界非常敏感。,Tā duì wàijiè fēicháng mǐngǎn.,Anh ấy rất nhạy cảm với thế giới bên ngoài.
6,敏捷,mǐnjié,Nhanh nhẹn,她的动作非常敏捷。,Tā de dòngzuò fēicháng mǐnjié.,Động tác của cô ấy rất nhanh nhẹn.
6,敏锐,mǐnruì,Nhạy bén,他的思维非常敏锐。,Tā de sīwéi fēicháng mǐnruì.,Tư duy của anh ấy rất sắc bén.
6,名次,míngcì,Thứ hạng,比赛名次已经公布。,Bǐsài míngcì yǐjīng gōngbù.,Thứ hạng của cuộc thi đã được công bố.
6,名额,míng'é,"Số người, số lượng quy định",这个活动有固定的名额。,Zhège huódòng yǒu gùdìng de míng'é.,Hoạt động này có số lượng chỗ cố định.
6,名副其实,míngfùqíshí,Danh xứng kỳ thực,他是名副其实的专家。,Tā shì míngfùqíshí de zhuānjiā.,Anh ấy là chuyên gia thực thụ.
6,明明,míngmíng,Rõ ràng,他明明知道却装作不懂。,Tā míngmíng zhīdào què zhuāngzuò bù dǒng.,Anh ấy rõ ràng biết nhưng lại giả vờ không biết.
6,名誉,míngyù,Danh dự,他的名誉受到了损害。,Tā de míngyù shòudào le sǔnhài.,Danh tiếng của anh ấy bị tổn hại.
6,命名,mìngmíng,Đặt tên,我们需要给这个产品命名。,Wǒmen xūyào gěi zhège chǎnpǐn mìngmíng.,Chúng ta cần đặt tên cho sản phẩm này.
6,摸索,mōsuǒ,Mò mẫm,他在黑暗中摸索前行。,Tā zài hēi'àn zhōng mōsuǒ qiánxíng.,Anh ấy dò dẫm tiến về phía trước trong bóng tối.
6,膜,mó,Màng,显微镜下可以看到膜。,Xiǎnwéijìng xià kěyǐ kàn dào mó.,Có thể nhìn thấy màng dưới kính hiển vi.
6,摩擦,mócā,"Ma sát, cọ sát",他们之间摩擦不断。,Tāmen zhī jiān mócā bùduàn.,Giữa họ không ngừng có xích mích.
6,模范,mófàn,Gương mẫu,他是一个模范学生。,Tā shì yī gè mófàn xuéshēng.,Anh ấy là một học sinh gương mẫu.
6,魔鬼,móguǐ,Ma quỷ,电影里的魔鬼吓坏了我。,Diànyǐng lǐ de móguǐ xià huài le wǒ.,Con quỷ trong phim khiến tôi sợ hãi.
6,磨合,móhé,"Mài giũa, hoà hợp",他们需要时间磨合。,Tāmen xūyào shíjiān móhé.,Họ cần thời gian để hòa hợp.
6,模式,móshì,"Mô thức, kiểu mẫu",这种模式很受欢迎。,Zhè zhǒng móshì hěn shòu huānyíng.,Mô hình này rất được ưa chuộng.
6,魔术,móshù,Ảo thuật,他的魔术表演很精彩。,Tā de móshù biǎoyǎn hěn jīngcǎi.,Màn biểu diễn ảo thuật của anh ấy rất xuất sắc.
6,模型,móxíng,Mô hình,这个模型很逼真。,Zhège móxíng hěn bīzhēn.,Mô hình này rất chân thực.
6,抹杀,mǒshā,"Phủ nhận, xoá bỏ",他们试图抹杀证据。,Tāmen shìtú mǒshā zhèngjù.,Họ cố gắng xóa bỏ chứng cứ.
6,莫名其妙,mòmíngqímiào,Không thể hiểu nổi,他突然莫名其妙地笑了起来。,Tā tūrán mòmíngqímiào de xiào le qǐlái.,Anh ấy đột nhiên cười mà không rõ lý do.
6,默默,mòmò,"Lặng lẽ, âm thầm",他默默地离开了房间。,Tā mòmò de líkāi le fángjiān.,Anh ấy lặng lẽ rời khỏi phòng.
6,墨水儿,mòshuǐr,Mực viết,这瓶墨水儿很贵。,Zhè píng mòshuǐr hěn guì.,Lọ mực này rất đắt.
6,谋求,móuqiú,Mưu cầu,他正在谋求新的工作机会。,Tā zhèngzài móuqiú xīn de gōngzuò jīhuì.,Anh ấy đang tìm kiếm cơ hội công việc mới.
6,模样,múyàng,"Hình dáng, dáng vẻ",她的模样很像她的母亲。,Tā de múyàng hěn xiàng tā de mǔqīn.,Vẻ ngoài của cô ấy rất giống mẹ cô ấy.
6,母语,mǔyǔ,Tiếng mẹ đẻ,他的母语是英语。,Tā de mǔyǔ shì yīngyǔ.,Tiếng mẹ đẻ của anh ấy là tiếng Anh.
6,目睹,mùdǔ,"Mắt thấy, chứng kiến",我亲眼目睹了事故发生。,Wǒ qīnyǎn mùdǔ le shìgù fāshēng.,Tôi đã tận mắt chứng kiến tai nạn xảy ra.
6,目光,mùguāng,Ánh mắt,他目光坚定地看着前方。,Tā mùguāng jiāndìng de kàn zhe qiánfāng.,Anh ấy nhìn chằm chằm về phía trước với ánh mắt kiên định.
6,沐浴,mùyù,Tắm gội,他喜欢在早晨沐浴阳光。,Tā xǐhuān zài zǎochén mùyù yángguāng.,Anh ấy thích tắm nắng vào buổi sáng.
6,拿手,náshǒu,"Giỏi, sở trường",她很拿手做蛋糕。,Tā hěn náshǒu zuò dàngāo.,Cô ấy rất giỏi làm bánh.
6,纳闷儿,nàmènr,"Bồn chồn, khó hiểu",他感到有点纳闷儿。,Tā gǎndào yǒudiǎn nàmènr.,Anh ấy cảm thấy hơi thắc mắc.
6,耐用,nàiyòng,"Bền, dùng lâu",这种材料非常耐用。,Zhè zhǒng cáiliào fēicháng nàiyòng.,Loại vật liệu này rất bền.
6,难得,nándé,"Khó có được, hiếm có",他难得回家一次。,Tā nándé huíjiā yī cì.,Anh ấy hiếm khi về nhà một lần.
6,难堪,nánkān,"Khó chịu, khó xử",他的表现让人难堪。,Tā de biǎoxiàn ràng rén nánkān.,Biểu hiện của anh ấy khiến người ta khó xử.
6,难免,nánmiǎn,"Khó tránh, khó khỏi",犯错误是难免的。,Fàn cuòwù shì nánmiǎn de.,Sai lầm là điều khó tránh khỏi.
6,难能可贵,nánnéngkěguì,Đáng khen ngợi,他在这方面的成就难能可贵。,Tā zài zhè fāngmiàn de chéngjiù nánnéngkěguì.,Thành tựu của anh ấy trong lĩnh vực này rất đáng quý.
6,恼火,nǎohuǒ,"Bực mình, tức giận",他对这件事感到非常恼火。,Tā duì zhè jiàn shì gǎndào fēicháng nǎohuǒ.,Anh ấy rất bực mình về chuyện này.
6,内涵,nèihán,"Nội hàm, hàm súc",这本书的内涵很深。,Zhè běn shū de nèihán hěn shēn.,Nội hàm của cuốn sách này rất sâu sắc.
6,内幕,nèimù,"Bên trong, nội tình",我不知道这件事的内幕。,Wǒ bù zhīdào zhè jiàn shì de nèimù.,Tôi không biết nội tình của chuyện này.
6,内在,nèizài,"Nội tại, bên trong",她有丰富的内在美。,Tā yǒu fēngfù de nèizài měi.,Cô ấy có vẻ đẹp nội tâm phong phú.
6,能量,néngliàng,Năng lượng,阳光给我们带来了能量。,Yángguāng gěi wǒmen dàilái le néngliàng.,Ánh sáng mặt trời mang lại năng lượng cho chúng ta.
6,嗯,ń,"Ừ, ừm",嗯，我明白了。,"Ń, wǒ míngbái le.","Ừm, tôi hiểu rồi."
6,拟定,nǐdìng,"Đề ra, vạch ra",他们正在拟定新计划。,Tāmen zhèngzài nǐdìng xīn jìhuà.,Họ đang lập kế hoạch mới.
6,年度,niándù,"Niên độ, hàng năm",我们的年度报告很详细。,Wǒmen de niándù bàogào hěn xiángxì.,Báo cáo hàng năm của chúng tôi rất chi tiết.
6,捏,niē,"Nặn, bóp",她捏了一下他的脸。,Tā niē le yīxià tā de liǎn.,Cô ấy véo má anh ấy một cái.
6,拧,níng,"Vặn, xoay",他拧开了水龙头。,Tā nǐngkāi le shuǐlóngtóu.,Anh ấy vặn mở vòi nước.
6,凝固,nínggù,"Đóng băng, đông cứng",水变冷后会凝固。,Shuǐ biàn lěng hòu huì nínggù.,Nước sẽ đông lại khi lạnh.
6,凝聚,níngjù,Ngưng tụ,团队需要凝聚力。,Tuánduì xūyào níngjùlì.,Đội cần sự gắn kết.
6,凝视,níngshì,Nhìn chằm chằm,她凝视着远方的山脉。,Tā níngshì zhe yuǎnfāng de shānmài.,Cô ấy nhìn chăm chú vào dãy núi ở xa.
6,宁肯,nìngkěn,"Thà rằng, thà",我宁肯独自解决问题。,Wǒ níngkěn dúzì jiějué wèntí.,Tôi thà tự mình giải quyết vấn đề.
6,宁愿,nìngyuàn,"Thà, thà rằng",他宁愿放弃也不想继续。,Tā níngyuàn fàngqì yě bùxiǎng jìxù.,Anh ấy thà bỏ cuộc còn hơn tiếp tục.
6,纽扣儿,niǔkòur,"Khuy áo, cúc áo",他的衬衫纽扣儿掉了。,Tā de chènshān niǔkòur diào le.,Nút áo sơ mi của anh ấy rơi rồi.
6,扭转,niǔzhuǎn,"Xoay chuyển, xoay ngược",他们正在努力扭转局面。,Tāmen zhèngzài nǔlì niǔzhuǎn júmiàn.,Họ đang cố gắng xoay chuyển tình thế.
6,浓厚,nónghòu,"Đậm đặc, sâu đậm",他对这项工作充满了浓厚的兴趣。,Tā duì zhè xiàng gōngzuò chōngmǎn le nónghòu de xìngqù.,Anh ấy rất hứng thú với công việc này.
6,农历,nónglì,"Lịch âm, âm lịch",农历新年快到了。,Nónglì xīnnián kuài dào le.,Tết Âm lịch sắp đến rồi.
6,奴隶,núlì,Nô lệ,他是一个奴隶主。,Tā shì yī gè núlìzhǔ.,Anh ấy là một chủ nô.
6,挪,nuó,"Chuyển, dời",他把桌子挪到窗边。,Tā bǎ zhuōzi nuó dào chuāng biān.,Anh ấy di chuyển bàn đến cạnh cửa sổ.
6,虐待,nüèdài,Ngược đãi,他被指控虐待动物。,Tā bèi zhǐkòng nüèdài dòngwù.,Anh ấy bị cáo buộc ngược đãi động vật.
6,哦,ó,"Ồ, a",哦，我明白了。,"Ò, wǒ míngbái le.","Ồ, tôi hiểu rồi."
6,殴打,ōudǎ,Đánh đập,他被殴打得很严重。,Tā bèi ōudǎ de hěn yánzhòng.,Anh ấy bị đánh rất nghiêm trọng.
6,欧洲,Ōuzhōu,Châu Âu,他计划去欧洲旅游。,Tā jìhuà qù Ōuzhōu lǚyóu.,Anh ấy dự định đi du lịch châu Âu.
6,呕吐,ǒutù,Nôn mửa,他吃了不干净的食物后呕吐了。,Tā chī le bù gānjìng de shíwù hòu ǒutù le.,Anh ấy nôn mửa sau khi ăn thức ăn không sạch.
6,趴,pā,"Nằm sấp, phủ phục",他趴在桌子上睡觉。,Tā pā zài zhuōzi shàng shuìjiào.,Anh ấy nằm bò trên bàn ngủ.
6,排斥,páichì,"Bài xích, loại trừ",他总是排斥新的观点。,Tā zǒngshì páichì xīn de guāndiǎn.,Anh ấy luôn bác bỏ những quan điểm mới.
6,排除,páichú,"Loại trừ, loại bỏ",我们必须排除所有可能的风险。,Wǒmen bìxū páichú suǒyǒu kěnéng de fēngxiǎn.,Chúng ta phải loại trừ mọi rủi ro có thể xảy ra.
6,排放,páifàng,"Thải ra, xả thải",这家工厂排放大量废气。,Zhè jiā gōngchǎng páifàng dàliàng fèiqì.,Nhà máy này thải ra một lượng lớn khí thải.
6,徘徊,páihuái,"Đi loanh quanh, lưỡng lự",他在街上徘徊。,Tā zài jiē shàng páihuái.,Anh ấy đi lại lững thững trên phố.
6,派别,pàibié,"Phái, bè phái",他们是不同的派别。,Tāmen shì bùtóng de pàibié.,Họ thuộc các phe phái khác nhau.
6,派遣,pàiqiǎn,"Phái đi, cử đi",公司派遣他去国外出差。,Gōngsī pàiqiǎn tā qù guówài chūchāi.,Công ty cử anh ấy đi công tác nước ngoài.
6,攀登,pāndēng,"Leo, trèo",他喜欢攀登高山。,Tā xǐhuān pāndēng gāoshān.,Anh ấy thích leo núi.
6,盘旋,pánxuán,Lượn quanh,直升机在空中盘旋。,Zhíshēngjī zài kōngzhōng pánxuán.,Trực thăng bay vòng trên không.
6,畔,pàn,"Bờ, cạnh",小溪在山畔流淌。,Xiǎoxī zài shānpàn liútǎng.,Suối nhỏ chảy dọc theo sườn núi.
6,判决,pànjué,Phán quyết,法院宣布了判决。,Fǎyuàn xuānbù le pànjué.,Tòa án đã tuyên án.
6,庞大,pángdà,"To lớn, khổng lồ",这家公司规模庞大。,Zhè jiā gōngsī guīmó pángdà.,Công ty này có quy mô rất lớn.
6,抛弃,pāoqì,"Vứt bỏ, bỏ rơi",他决定抛弃旧习惯。,Tā juédìng pāoqì jiù xíguàn.,Anh ấy quyết định từ bỏ thói quen cũ.
6,泡沫,pàomò,"Bọt, bong bóng",这种泡沫塑料很轻。,Zhè zhǒng pàomò sùliào hěn qīng.,Loại xốp này rất nhẹ.
6,培训,péixùn,"Đào tạo, huấn luyện",公司提供员工培训。,Gōngsī tígōng yuángōng péixùn.,Công ty cung cấp đào tạo cho nhân viên.
6,培育,péiyù,"Bồi dưỡng, nuôi dưỡng",农民们正在培育新作物。,Nóngmín men zhèngzài péiyù xīn zuòwù.,Nông dân đang nuôi trồng cây trồng mới.
6,配备,pèibèi,Trang bị,我们需要配备更好的设备。,Wǒmen xūyào pèibèi gèng hǎo de shèbèi.,Chúng ta cần trang bị thiết bị tốt hơn.
6,配偶,pèi'ǒu,"Bạn đời, vợ/chồng",他找到了理想的配偶。,Tā zhǎodào le lǐxiǎng de pèi'ǒu.,Anh ấy đã tìm thấy người bạn đời lý tưởng.
6,配套,pèitào,"Đồng bộ, hoàn chỉnh",这个项目已经配套完成。,Zhège xiàngmù yǐjīng pèitào wánchéng.,Dự án này đã hoàn thành toàn bộ.
6,盆地,péndì,Thung lũng,这个盆地非常肥沃。,Zhège péndì fēicháng féiwò.,Lưu vực này rất màu mỡ.
6,烹饪,pēngrèn,"Nấu ăn, nấu nướng",她对烹饪很有兴趣。,Tā duì pēngrèn hěn yǒu xìngqù.,Cô ấy rất hứng thú với nấu nướng.
6,捧,pěng,"Nâng, bưng",她捧着一束鲜花。,Tā pěng zhe yī shù xiānhuā.,Cô ấy cầm một bó hoa tươi.
6,劈,pī,"Chẻ, bổ",他劈开了木头。,Tā pī kāi le mùtóu.,Anh ấy bổ gỗ ra.
6,批发,pīfā,Bán buôn,他们批发了大量商品。,Tāmen pīfā le dàliàng shāngpǐn.,Họ bán buôn một lượng lớn hàng hóa.
6,批判,pīpàn,"Phê phán, phê bình",他的言论受到了批判。,Tā de yánlùn shòudào le pīpàn.,Lời nói của anh ấy bị chỉ trích.
6,疲惫,píbèi,"Mệt mỏi, mệt lả",工作让他感到疲惫。,Gōngzuò ràng tā gǎndào píbèi.,Công việc khiến anh ấy cảm thấy mệt mỏi.
6,皮革,pígé,Da thuộc,这件皮革制品很贵。,Zhè jiàn pígé zhìpǐn hěn guì.,Sản phẩm làm từ da này rất đắt.
6,疲倦,píjuàn,"Mệt mỏi, chán chường",他看起来很疲倦。,Tā kàn qǐlái hěn píjuàn.,Anh ấy trông rất mệt mỏi.
6,脾气,píqi,"Tính tình, tính khí",他的脾气很暴躁。,Tā de píqì hěn bàozào.,Anh ấy có tính khí rất nóng nảy.
6,屁股,pìgu,"Mông, đít",他摔倒在地上，屁股很痛。,"Tā shuāidǎo zài dìshàng, pìgu hěn tòng.",Anh ấy ngã xuống đất và mông rất đau.
6,譬如,pìrú,Ví dụ như,譬如说，你可以试试这个方法。,"Pìrú shuō, nǐ kěyǐ shì shì zhège fāngfǎ.","Ví dụ như, bạn có thể thử phương pháp này."
6,偏差,piānchā,"Sai lệch, lệch lạc",这个计划存在偏差。,Zhège jìhuà cúnzài piānchā.,Kế hoạch này có sự sai lệch.
6,偏见,piānjiàn,"Định kiến, thành kiến",他对她有偏见。,Tā duì tā yǒu piānjiàn.,Anh ấy có thành kiến với cô ấy.
6,偏僻,piānpì,"Hẻo lánh, xa xôi",他们住在一个偏僻的村庄。,Tāmen zhù zài yī gè piānpì de cūnzhuāng.,Họ sống ở một ngôi làng hẻo lánh.
6,偏偏,piānpiān,"Cố ý, cố tình",他偏偏喜欢这个。,Tā piānpiān xǐhuān zhège.,Anh ấy lại thích cái này.
6,片段,piànduàn,"Đoạn, mảnh",这只是故事的一个片段。,Zhè zhǐshì gùshì de yī gè piànduàn.,Đây chỉ là một đoạn của câu chuyện.
6,片刻,piànkè,Khoảnh khắc,请等待片刻。,Qǐng děngdài piànkè.,Vui lòng chờ một chút.
6,漂浮,piāofú,"Nổi, lơ lửng",小船在湖面上漂浮。,Xiǎo chuán zài húmiàn shàng piāofú.,Chiếc thuyền nhỏ trôi nổi trên mặt hồ.
6,飘扬,piāoyáng,Bay phấp phới,旗帜在风中飘扬。,Qízhì zài fēng zhōng piāoyáng.,Lá cờ tung bay trong gió.
6,拼搏,pīnbó,"Phấn đấu, nỗ lực",他为了梦想拼搏。,Tā wèile mèngxiǎng pīnbó.,Anh ấy phấn đấu vì ước mơ.
6,拼命,pīnmìng,"Liều mạng, cố hết sức",他拼命工作。,Tā pīnmìng gōngzuò.,Anh ấy làm việc hết sức mình.
6,贫乏,pínfá,Nghèo nàn,资源贫乏使得发展困难。,Zīyuán pínfá shǐde fāzhǎn kùnnán.,Thiếu tài nguyên khiến việc phát triển khó khăn.
6,频繁,pínfán,"Thường xuyên, nhiều lần",最近他的活动很频繁。,Zuìjìn tā de huódòng hěn pínfán.,Gần đây các hoạt động của anh ấy rất thường xuyên.
6,贫困,pínkùn,"Nghèo khổ, nghèo khó",这个地区非常贫困。,Zhège dìqū fēicháng pínkùn.,Khu vực này rất nghèo.
6,频率,pínlǜ,Tần suất,我们需要提高学习的频率。,Wǒmen xūyào tígāo xuéxí de pínlǜ.,Chúng ta cần tăng tần suất học tập.
6,品尝,pǐncháng,"Nếm, thưởng thức",他品尝了所有的菜肴。,Tā pǐncháng le suǒyǒu de càiyáo.,Anh ấy đã nếm thử tất cả các món ăn.
6,品德,pǐndé,Đức hạnh,他是一个有高尚品德的人。,Tā shì yī gè yǒu gāoshàng pǐndé de rén.,Anh ấy là người có phẩm chất cao quý.
6,品行,pǐnxíng,"Hạnh kiểm, hành vi",他的品行无可挑剔。,Tā de pǐnxíng wúkě tiāotì.,Hành vi của anh ấy không chê vào đâu được.
6,品质,pǐnzhì,Chất lượng,他们的产品品质很好。,Tāmen de chǎnpǐn pǐnzhì hěn hǎo.,Sản phẩm của họ có chất lượng rất tốt.
6,平凡,píngfán,Bình thường,他是一个平凡的人。,Tā shì yī gè píngfán de rén.,Anh ấy là một người bình thường.
6,评估,pínggū,Đánh giá,我们需要评估这个项目的风险。,Wǒmen xūyào pínggū zhège xiàngmù de fēngxiǎn.,Chúng ta cần đánh giá rủi ro của dự án này.
6,评论,pínglùn,Bình luận,他的评论很中肯。,Tā de pínglùn hěn zhōngkěn.,Nhận xét của anh ấy rất thẳng thắn.
6,平面,píngmiàn,Bề mặt phẳng,这是一幅美丽的平面图。,Zhè shì yī fú měilì de píngmiàn tú.,Đây là một bản vẽ phẳng đẹp.
6,平坦,píngtǎn,Bằng phẳng,这条路很平坦。,Zhè tiáo lù hěn píngtǎn.,Con đường này rất bằng phẳng.
6,平行,píngxíng,Song song,他们是平行线。,Tāmen shì píngxíng xiàn.,Họ là những đường song song.
6,平原,píngyuán,Đồng bằng,这个平原很广阔。,Zhège píngyuán hěn guǎngkuò.,Đồng bằng này rất rộng lớn.
6,屏障,píngzhàng,"Hàng rào, tường chắn",树木形成了天然屏障。,Shùmù xíngchéng le tiānrán píngzhàng.,Cây cối tạo thành một rào chắn tự nhiên.
6,坡,pō,"Dốc, sườn dốc",他们从山坡上滑下来。,Tāmen cóng shānpō shàng huá xiàlái.,Họ trượt xuống từ sườn núi.
6,泼,pō,"Té, hắt",他把水泼在了地上。,Tā bǎ shuǐ pō zài le dìshàng.,Anh ấy hắt nước xuống đất.
6,颇,pō,"Khá, hơi",他的观点颇受争议。,Tā de guāndiǎn pō shòu zhēngyì.,Quan điểm của anh ấy khá gây tranh cãi.
6,迫不及待,pòbùjídài,Không thể chờ được,我迫不及待地想告诉你这个好消息。,Wǒ pòbùjídài de xiǎng gàosù nǐ zhège hǎo xiāoxi.,Tôi không thể chờ đợi để kể cho bạn nghe tin tốt này.
6,迫害,pòhài,"Bức hại, đàn áp",他因言论而受到迫害。,Tā yīn yánlùn ér shòudào pòhài.,Anh ấy bị đàn áp vì phát ngôn của mình.
6,破例,pòlì,Phá lệ,这次我们破例允许他参加。,Zhè cì wǒmen pòlì yǔnxǔ tā cānjiā.,Lần này chúng tôi phá lệ cho phép anh ấy tham gia.
6,魄力,pòlì,"Quyết đoán, dũng khí",她有很大的魄力。,Tā yǒu hěn dà de pòlì.,Cô ấy có sự quyết đoán lớn.
6,扑,pū,"Vồ, bổ nhào",他扑向了前面的敌人。,Tā pū xiàng le qiánmiàn de dírén.,Anh ấy lao về phía kẻ địch phía trước.
6,铺,pū,"Trải, bày",他们在地上铺了一张毯子。,Tāmen zài dìshàng pū le yī zhāng tǎnzi.,Họ trải một tấm thảm trên mặt đất.
6,普及,pǔjí,Phổ cập,这本书的内容很普及。,Zhè běn shū de nèiróng hěn pǔjí.,Nội dung của cuốn sách này rất phổ biến.
6,朴实,pǔshí,"Chất phác, giản dị",他的生活非常朴实。,Tā de shēnghuó fēicháng pǔshí.,Cuộc sống của anh ấy rất giản dị.
6,瀑布,pùbù,Thác nước,我们去了一个美丽的瀑布。,Wǒmen qù le yī gè měilì de pùbù.,Chúng tôi đã đến thăm một thác nước đẹp.
6,欺负,qīfu,"Bắt nạt, ức hiếp",他总是欺负弱小。,Tā zǒngshì qīfù ruòxiǎo.,Anh ấy luôn bắt nạt kẻ yếu.
6,凄凉,qīliáng,"Thê lương, buồn bã",这个地方显得很凄凉。,Zhège dìfāng xiǎnde hěn qīliáng.,Nơi này trông rất hoang vắng.
6,欺骗,qīpiàn,Lừa dối,他被朋友欺骗了。,Tā bèi péngyǒu qīpiàn le.,Anh ấy bị bạn bè lừa gạt.
6,期望,qīwàng,"Kỳ vọng, mong đợi",我对你的期望很高。,Wǒ duì nǐ de qīwàng hěn gāo.,Tôi có kỳ vọng rất cao về bạn.
6,期限,qīxiàn,Thời hạn,请在期限内完成任务。,Qǐng zài qīxiàn nèi wánchéng rènwù.,Hãy hoàn thành nhiệm vụ trong thời hạn.
6,奇妙,qímiào,Kỳ diệu,这个地方有很多奇妙的事情。,Zhège dìfāng yǒu hěn duō qímiào de shìqíng.,Nơi này có rất nhiều điều kỳ diệu.
6,旗袍,qípáo,Sườn xám,她穿了一件漂亮的旗袍。,Tā chuān le yī jiàn piàoliang de qípáo.,Cô ấy mặc một chiếc sườn xám đẹp.
6,齐全,qíquán,"Đầy đủ, trọn vẹn",这个房间设备齐全。,Zhège fángjiān shèbèi qíquán.,Phòng này được trang bị đầy đủ.
6,歧视,qíshì,Kỳ thị,我们必须杜绝歧视。,Wǒmen bìxū dùjué qíshì.,Chúng ta phải loại trừ sự phân biệt đối xử.
6,齐心协力,qíxīnxiélì,Đồng tâm hiệp lực,大家齐心协力完成了任务。,Dàjiā qíxīnxiélì wánchéng le rènwù.,Mọi người đồng lòng hoàn thành nhiệm vụ.
6,旗帜,qízhì,"Cờ, biểu ngữ",国旗在空中飘扬。,Guóqí zài kōngzhōng piāoyáng.,Quốc kỳ bay phấp phới trên không.
6,起草,qǐcǎo,Khởi thảo,他负责起草这份文件。,Tā fùzé qǐcǎo zhè fèn wénjiàn.,Anh ấy chịu trách nhiệm soạn thảo văn bản này.
6,启程,qǐchéng,Khởi hành,我们明天启程去旅行。,Wǒmen míngtiān qǐchéng qù lǚxíng.,Ngày mai chúng tôi bắt đầu chuyến đi.
6,起初,qǐchū,"Ban đầu, lúc đầu",起初他不太愿意。,Qǐchū tā bù tài yuànyì.,Lúc đầu anh ấy không muốn lắm.
6,起伏,qǐfú,"Nhấp nhô, thăng trầm",这条路起伏不平。,Zhè tiáo lù qǐfú bù píng.,Con đường này gập ghềnh không bằng phẳng.
6,乞丐,qǐgài,"Ăn mày, ăn xin",乞丐在街上乞讨。,Qǐgài zài jiē shàng qǐtǎo.,Người ăn xin xin ăn trên phố.
6,起哄,qǐhòng,"Gây rối, quấy phá",孩子们在起哄。,Háizi men zài qǐhòng.,Trẻ con đang làm ồn.
6,起码,qǐmǎ,"Tối thiểu, ít nhất",起码你应该道歉。,Qǐmǎ nǐ yīnggāi dàoqiàn.,Ít nhất bạn nên xin lỗi.
6,启示,qǐshì,"Gợi ý, khơi dậy",这件事给了我很大的启示。,Zhè jiàn shì gěi le wǒ hěn dà de qǐshì.,Việc này đã cho tôi một bài học lớn.
6,启事,qǐshì,Thông báo,公告栏上贴了一个启事。,Gōnggàolán shàng tiē le yī gè qǐshì.,Trên bảng thông báo có dán một thông báo.
6,起义,qǐyì,Khởi nghĩa,他们策划了一场起义。,Tāmen cèhuà le yī chǎng qǐyì.,Họ lên kế hoạch cho một cuộc khởi nghĩa.
6,岂有此理,qǐyǒucǐlǐ,Lẽ nào lại thế,这种行为真是岂有此理。,Zhè zhǒng xíngwéi zhēn shì qǐyǒucǐlǐ.,Hành vi này thật là vô lý.
6,起源,qǐyuán,Nguồn gốc,文化起源于生活。,Wénhuà qǐyuán yú shēnghuó.,Văn hóa bắt nguồn từ cuộc sống.
6,器材,qìcái,"Thiết bị, dụng cụ",运动器材已经准备好了。,Yùndòng qìcái yǐjīng zhǔnbèi hǎo le.,Thiết bị thể thao đã sẵn sàng.
6,气概,qìgài,Khí phách,他有很大的气概。,Tā yǒu hěn dà de qìgài.,Anh ấy có khí chất rất mạnh mẽ.
6,气功,qìgōng,Khí công,他在练气功。,Tā zài liàn qìgōng.,Anh ấy đang tập khí công.
6,器官,qìguān,Cơ quan (cơ thể),人体的器官很复杂。,Réntǐ de qìguān hěn fùzá.,Cơ quan của cơ thể người rất phức tạp.
6,迄今为止,qìjīnwéizhǐ,Cho đến nay,迄今为止，一切顺利。,"Qìjīn wéizhǐ, yīqiè shùnlì.","Cho đến nay, mọi thứ đều suôn sẻ."
6,气魄,qìpò,"Khí phách, dũng khí",他的气魄令人敬佩。,Tā de qìpò lìng rén jìngpèi.,Khí phách của anh ấy làm mọi người khâm phục.
6,气色,qìsè,Thần sắc,他的气色很好。,Tā de qìsè hěn hǎo.,Sắc mặt của anh ấy rất tốt.
6,气势,qìshì,Khí thế,他的气势很强。,Tā de qìshì hěn qiáng.,Khí thế của anh ấy rất mạnh.
6,气味,qìwèi,"Mùi hương, mùi vị",这花闻起来有特殊的气味。,Zhè huā wén qǐlái yǒu tèshū de qìwèi.,Hoa này có mùi đặc biệt khi ngửi.
6,气象,qìxiàng,Khí tượng,气象预报说今天有雨。,Qìxiàng yùbào shuō jīntiān yǒu yǔ.,Dự báo thời tiết nói hôm nay có mưa.
6,气压,qìyā,Áp suất không khí,我们要考虑气压变化。,Wǒmen yào kǎolǜ qìyā biànhuà.,Chúng ta phải cân nhắc sự thay đổi áp suất không khí.
6,掐,qiā,"Véo, ngắt",她掐了一朵花。,Tā qiā le yī duǒ huā.,Cô ấy ngắt một bông hoa.
6,恰当,qiàdàng,"Thích hợp, hợp lý",这次会议的安排非常恰当。,Zhè cì huìyì de ānpái fēicháng qiàdàng.,Sắp xếp của cuộc họp lần này rất hợp lý.
6,恰到好处,qiàdàohǎochù,"Vừa vặn, đúng chỗ",他做事总是恰到好处。,Tā zuò shì zǒng shì qià dào hǎochù.,Anh ấy luôn làm mọi việc rất khéo léo.
6,恰巧,qiàqiǎo,"Đúng lúc, khéo léo",恰巧我们有相同的兴趣爱好。,Qiàqiǎo wǒmen yǒu xiāngtóng de xìngqù àihào.,Tình cờ chúng ta có cùng sở thích.
6,洽谈,qiàtán,"Thảo luận, bàn bạc",他们在洽谈合作事宜。,Tāmen zài qiàtán hézuò shìyí.,Họ đang thảo luận về hợp tác.
6,牵扯,qiānchě,"Dính líu, liên lụy",这个问题牵扯到很多人。,Zhège wèntí qiānchě dào hěn duō rén.,Vấn đề này liên quan đến nhiều người.
6,签订,qiāndìng,Ký kết,他们签订了合同。,Tāmen qiāndìng le hétóng.,Họ đã ký hợp đồng.
6,千方百计,qiānfāngbǎijì,Trăm phương ngàn kế,我们千方百计地解决问题。,Wǒmen qiānfāng-bǎijì de jiějué wèntí.,Chúng tôi cố gắng hết sức để giải quyết vấn đề.
6,迁就,qiānjiù,"Nhường nhịn, nhún nhường",他总是迁就别人。,Tā zǒng shì qiānjiù biérén.,Anh ấy luôn nhường nhịn người khác.
6,签署,qiānshǔ,"Ký, phê chuẩn",双方签署了协议。,Shuāngfāng qiānshǔ le xiéyì.,Hai bên đã ký thỏa thuận.
6,迁徙,qiānxǐ,"Di cư, chuyển chỗ ở",动物在季节变化时会迁徙。,Dòngwù zài jìjié biànhuà shí huì qiānxǐ.,Động vật sẽ di cư khi thay đổi mùa.
6,谦逊,qiānxùn,Khiêm tốn,他很谦逊，从不夸耀。,"Tā hěn qiānxùn, cóng bù kuāyào.","Anh ấy rất khiêm tốn, không bao giờ khoe khoang."
6,牵制,qiānzhì,"Kìm chế, ràng buộc",她的发言起到了牵制作用。,Tā de fāyán qǐ dào le qiānzhì zuòyòng.,Phát biểu của cô ấy có tác dụng kiềm chế.
6,前景,qiánjǐng,Triển vọng,公司的前景很光明。,Gōngsī de qiánjǐng hěn guāngmíng.,Triển vọng của công ty rất tươi sáng.
6,潜力,qiánlì,Tiềm năng,他有很大的潜力。,Tā yǒu hěn dà de qiánlì.,Anh ấy có tiềm năng lớn.
6,潜水,qiánshuǐ,Lặn,他喜欢潜水。,Tā xǐhuān qiánshuǐ.,Anh ấy thích lặn.
6,前提,qiántí,Tiền đề,这是合作的前提。,Zhè shì hézuò de qiántí.,Đây là điều kiện tiên quyết để hợp tác.
6,潜移默化,qiányímòhuà,Thay đổi ngầm,这种影响是潜移默化的。,Zhè zhǒng yǐngxiǎng shì qiányímòhuà de.,Loại ảnh hưởng này là thầm lặng và từ từ.
6,谴责,qiǎnzé,"Khiển trách, lên án",他们谴责了这种行为。,Tāmen qiǎnzé le zhè zhǒng xíngwéi.,Họ đã lên án hành động này.
6,抢劫,qiǎngjié,Cướp bóc,警察阻止了抢劫。,Jǐngchá zǔzhǐ le qiǎngjié.,Cảnh sát đã ngăn chặn vụ cướp.
6,强制,qiángzhì,"Ép buộc, cưỡng chế",法律强制执行。,Fǎlǜ qiángzhì zhíxíng.,Luật pháp được thi hành bắt buộc.
6,抢救,qiǎngjiù,"Cứu trợ, cấp cứu",他因心脏病被紧急抢救。,Tā yīn xīnzàngbìng bèi jǐnjí qiǎngjiù.,Anh ấy được cấp cứu khẩn cấp vì bệnh tim.
6,强迫,qiǎngpò,"Ép buộc, cưỡng ép",他被迫放弃了梦想。,Tā bèi pò fàngqì le mèngxiǎng.,Anh ấy buộc phải từ bỏ ước mơ.
6,桥梁,qiáoliáng,"Cầu, cầu nối",这座桥梁连接了两地。,Zhè zuò qiáoliáng liánjiē le liǎngdì.,Cây cầu này nối liền hai nơi.
6,翘,qiào,"Vểnh, nhô lên",她的睫毛很翘。,Tā de jiémáo hěn qiào.,Lông mi của cô ấy rất cong.
6,锲而不舍,qiè'érbùshě,Kiên trì không bỏ cuộc,我们要锲而不舍地追求梦想。,Wǒmen yào qiè'érbùshě de zhuīqiú mèngxiǎng.,Chúng ta phải kiên trì theo đuổi ước mơ.
6,切实,qièshí,"Thiết thực, cụ thể",我们要采取切实的措施。,Wǒmen yào cǎiqǔ qièshí de cuòshī.,Chúng ta phải thực hiện các biện pháp thiết thực.
6,侵犯,qīnfàn,"Xâm phạm, xâm lấn",侵犯他人的权利是不对的。,Qīnfàn tārén de quánlì shì bù duì de.,Xâm phạm quyền lợi của người khác là sai trái.
6,钦佩,qīnpèi,"Kính phục, thán phục",我钦佩他的勇气。,Wǒ qīnpèi tā de yǒngqì.,Tôi khâm phục sự dũng cảm của anh ấy.
6,亲热,qīnrè,"Thân mật, nồng nhiệt",他们关系很亲热。,Tāmen guānxì hěn qīnrè.,Họ có mối quan hệ rất thân thiết.
6,亲身,qīnshēn,"Tự mình, bản thân",他亲身经历了这件事。,Tā qīnshēn jīnglì le zhè jiàn shì.,Anh ấy đã trực tiếp trải qua chuyện này.
6,勤俭,qínjiǎn,Cần kiệm,我们要勤俭节约。,Wǒmen yào qínjiǎn jiéyuē.,Chúng ta phải cần kiệm tiết kiệm.
6,勤恳,qínkěn,"Chăm chỉ, cần cù",她做事非常勤恳。,Tā zuò shì fēicháng qínkěn.,Cô ấy làm việc rất chăm chỉ.
6,氢,qīng,"Khinh, khí hiếm",氢是一种轻气体。,Qīng shì yī zhǒng qīng qìtǐ.,Hydro là một loại khí nhẹ.
6,清澈,qīngchè,Trong suốt,湖水清澈见底。,Húshuǐ qīngchè jiàn dǐ.,Nước hồ trong veo đến đáy.
6,清晨,qīngchén,Sáng sớm,清晨的空气很新鲜。,Qīngchén de kōngqì hěn xīnxiān.,Không khí buổi sáng sớm rất trong lành.
6,清除,qīngchú,"Dọn sạch, loại bỏ",我们需要清除杂草。,Wǒmen xūyào qīngchú zácǎo.,Chúng ta cần làm sạch cỏ dại.
6,轻而易举,qīng'éryìjǔ,"Dễ dàng, dễ như trở bàn tay",这个任务轻而易举。,Zhège rènwù qīng'éryìjǔ.,Nhiệm vụ này dễ dàng.
6,清洁,qīngjié,"Sạch sẽ, vệ sinh",房间需要清洁。,Fángjiān xūyào qīngjié.,Căn phòng cần được dọn dẹp.
6,清理,qīnglǐ,"Dọn dẹp, sắp xếp",请清理桌子上的书。,Qǐng qīnglǐ zhuōzi shàng de shū.,Hãy dọn sách trên bàn.
6,倾听,qīngtīng,Lắng nghe,他静静地倾听大家的意见。,Tā jìngjìng de qīngtīng dàjiā de yìjiàn.,Anh ấy lắng nghe ý kiến của mọi người một cách yên lặng.
6,清晰,qīngxī,"Rõ ràng, rõ nét",图片非常清晰。,Túpiàn fēicháng qīngxī.,Hình ảnh rất rõ ràng.
6,倾向,qīngxiàng,"Khuynh hướng, xu hướng",他倾向于支持这个提案。,Tā qīngxiàng yú zhīchí zhège tí'àn.,Anh ấy có xu hướng ủng hộ đề xuất này.
6,倾斜,qīngxié,"Nghiêng, lệch",这栋房子有点倾斜。,Zhè dòng fángzi yǒudiǎn qīngxié.,Ngôi nhà này hơi nghiêng.
6,清醒,qīngxǐng,"Tỉnh táo, sáng suốt",他终于清醒了过来。,Tā zhōngyú qīngxǐng le guòlái.,Anh ấy cuối cùng đã tỉnh lại.
6,清真,qīngzhēn,"Hồi giáo, chính giáo",他是一位清真厨师。,Tā shì yī wèi qīngzhēn chúshī.,Anh ấy là một đầu bếp Halal.
6,情报,qíngbào,"Tình báo, thông tin",情报显示敌人正在接近。,Qíngbào xiǎnshì dírén zhèngzài jiējìn.,Thông tin tình báo cho thấy kẻ địch đang tiến gần.
6,情节,qíngjié,"Tình tiết, chi tiết",这本小说的情节很紧张。,Zhè běn xiǎoshuō de qíngjié hěn jǐnzhāng.,Cốt truyện của cuốn tiểu thuyết này rất căng thẳng.
6,晴朗,qínglǎng,"Trời quang, trời trong",天气晴朗，非常适合出游。,"Tiānqì qínglǎng, fēicháng shìhé chūyóu.","Thời tiết trong lành, rất thích hợp để đi chơi."
6,情理,qínglǐ,"Lý lẽ, đạo lý",这种行为不符合情理。,Zhè zhǒng xíngwéi bù fúhé qínglǐ.,Hành vi này không hợp lý.
6,情形,qíngxíng,"Tình hình, hoàn cảnh",目前的情形非常复杂。,Mùqián de qíngxíng fēicháng fùzá.,Tình hình hiện tại rất phức tạp.
6,请柬,qǐngjiǎn,Thiệp mời,我们收到了你的请柬。,Wǒmen shōudào le nǐ de qǐngjiǎn.,Chúng tôi đã nhận được thiệp mời của bạn.
6,请教,qǐngjiào,"Thỉnh giáo, xin ý kiến",请教我如何使用这个软件。,Qǐngjiào wǒ rúhé shǐyòng zhège ruǎnjiàn.,Hãy chỉ tôi cách sử dụng phần mềm này.
6,请示,qǐngshì,"Xin chỉ thị, xin ý kiến",他向上级请示了这件事。,Tā xiàng shàngjí qǐngshì le zhè jiàn shì.,Anh ấy đã xin phép cấp trên về việc này.
6,请帖,qǐngtiě,Thiệp mời,我们收到了结婚请帖。,Wǒmen shōudào le jiéhūn qǐngtiě.,Chúng tôi đã nhận được thiệp cưới.
6,丘陵,qiūlíng,"Đồi núi, đồi cỏ",丘陵地区非常适合种植葡萄。,Qiūlíng dìqū fēicháng shìhé zhòngzhí pútáo.,Khu vực đồi núi rất thích hợp trồng nho.
6,区分,qūfēn,"Phân biệt, chia tách",我们需要区分事实和观点。,Wǒmen xūyào qūfēn shìshí hé guāndiǎn.,Chúng ta cần phân biệt giữa sự thật và quan điểm.
6,屈服,qūfú,"Khuất phục, đầu hàng",面对强大的对手，他不得不屈服。,"Miànduì qiángdà de duìshǒu, tā bùdé bù qūfú.","Đối mặt với đối thủ mạnh, anh ta buộc phải khuất phục."
6,区域,qūyù,"Khu vực, vùng",这个区域禁止吸烟。,Zhège qūyù jìnzhǐ xīyān.,Khu vực này cấm hút thuốc.
6,曲折,qūzhé,"Quanh co, khúc khuỷu",这条路非常曲折。,Zhè tiáo lù fēicháng qūzhé.,Con đường này rất quanh co.
6,驱逐,qūzhú,"Trục xuất, xua đuổi",他被驱逐出境了。,Tā bèi qūzhú chūjìng le.,Anh ấy đã bị trục xuất ra khỏi đất nước.
6,渠道,qúdào,"Kênh rạch, kênh",他们正在挖掘新的渠道。,Tāmen zhèngzài wājué xīn de qúdào.,Họ đang đào kênh mới.
6,取缔,qǔdì,"Cấm đoán, cấm chỉ",政府取缔了非法活动。,Zhèngfǔ qǔdì le fēifǎ huódòng.,Chính phủ đã cấm các hoạt động bất hợp pháp.
6,曲子,qǔzi,"Bài hát, bản nhạc",这首曲子很动听。,Zhè shǒu qǔzi hěn dòngtīng.,Bài hát này rất hay.
6,趣味,qùwèi,"Hứng thú, thú vị",他对生活充满了趣味。,Tā duì shēnghuó chōngmǎn le qùwèi.,Anh ấy rất thú vị trong cuộc sống.
6,圈套,quāntào,"Cái bẫy, cạm bẫy",他掉进了对手设的圈套。,Tā diào jìn le duìshǒu shè de quāntào.,Anh ấy đã rơi vào bẫy của đối thủ.
6,权衡,quánhéng,"Cân nhắc, xem xét",我们需要权衡利弊。,Wǒmen xūyào quánhéng lìbì.,Chúng ta cần cân nhắc lợi và hại.
6,全局,quánjú,Toàn bộ cục diện,公司的全局策略非常成功。,Gōngsī de quánjú cèlüè fēicháng chénggōng.,Chiến lược tổng thể của công ty rất thành công.
6,全力以赴,quánlìyǐfù,"Dốc toàn lực, toàn tâm toàn ý",我们将全力以赴完成任务。,Wǒmen jiāng quánlì yǐ fù wánchéng rènwù.,Chúng ta sẽ dốc hết sức hoàn thành nhiệm vụ.
6,拳头,quántou,"Nắm đấm, quyền lực",他的拳头很有力。,Tā de quántóu hěn yǒulì.,Nắm đấm của anh ấy rất mạnh.
6,权威,quánwēi,"Quyền uy, uy tín",他是一位权威的学者。,Tā shì yī wèi quánwēi de xuézhě.,Anh ấy là một học giả có uy tín.
6,权益,quányì,Quyền lợi và lợi ích,我们必须维护自己的权益。,Wǒmen bìxū wéihù zìjǐ de quányì.,Chúng ta phải bảo vệ quyền lợi của mình.
6,犬,quǎn,"Chó, cẩu",他养了一只可爱的犬。,Tā yǎng le yī zhǐ kě'ài de quǎn.,Anh ấy nuôi một con chó dễ thương.
6,缺口,quēkǒu,"Chỗ hổng, khe hở",墙上有一个缺口。,Qiáng shàng yǒu yī gè quēkǒu.,Trên tường có một lỗ hổng.
6,缺席,quēxí,"Vắng mặt, không tham dự",他因病缺席了会议。,Tā yīn bìng quēxí le huìyì.,Anh ấy vắng mặt trong cuộc họp vì bệnh.
6,缺陷,quēxiàn,"Khiếm khuyết, khuyết điểm",这个机器有一些缺陷。,Zhège jīqì yǒu yīxiē quēxiàn.,Cái máy này có một số khuyết điểm.
6,瘸,qué,"Khập khiễng, què",他摔倒了，腿瘸了。,"Tā shuāi dǎo le, tuǐ quē le.","Anh ấy bị ngã, và chân bị què."
6,确保,quèbǎo,"Đảm bảo, bảo đảm",我们必须确保安全。,Wǒmen bìxū quèbǎo ānquán.,Chúng ta phải đảm bảo an toàn.
6,确立,quèlì,"Xác lập, thiết lập",我们确立了新的目标。,Wǒmen quèlì le xīn de mùbiāo.,Chúng ta đã thiết lập mục tiêu mới.
6,确切,quèqiè,"Chính xác, xác thực",他的话很确切。,Tā de huà hěn quèqiè.,Lời của anh ấy rất chính xác.
6,确信,quèxìn,"Tin chắc, tin tưởng",我确信他会成功。,Wǒ quèxìn tā huì chénggōng.,Tôi tin chắc rằng anh ấy sẽ thành công.
6,群众,qúnzhòng,"Quần chúng, nhân dân",群众对这个政策表示支持。,Qúnzhòng duì zhège zhèngcè biǎoshì zhīchí.,Quần chúng ủng hộ chính sách này.
6,染,rǎn,"Nhuộm, tô điểm",他染上了坏习惯。,Tā rǎn shàng le huài xíguàn.,Anh ấy mắc phải thói quen xấu.
6,让步,ràngbù,"Nhượng bộ, lùi bước",他最终做出了让步。,Tā zuìzhōng zuò chū le ràngbù.,"Cuối cùng, anh ấy đã nhượng bộ."
6,饶恕,ráoshù,"Tha thứ, tha lỗi",请你饶恕我的错误。,Qǐng nǐ ráoshù wǒ de cuòwù.,Xin hãy tha thứ cho lỗi lầm của tôi.
6,扰乱,rǎoluàn,"Quấy rối, làm loạn",这个消息扰乱了秩序。,Zhège xiāoxi rǎoluàn le zhìxù.,Tin tức này đã làm rối loạn trật tự.
6,惹祸,rěhuò,"Gây họa, gây rắc rối",他的行为惹祸了。,Tā de xíngwéi rěhuò le.,Hành động của anh ấy đã gây ra rắc rối.
6,热泪盈眶,rèlèiyíngkuàng,Nước mắt đầm đìa,听到这个消息，她热泪盈眶。,"Tīngdào zhège xiāoxi, tā rèlèi yíngkuàng.","Nghe tin này, cô ấy rơi nước mắt xúc động."
6,热门,rèmén,"Phổ biến, thịnh hành",这个话题非常热门。,Zhège huàtí fēicháng rèmén.,Chủ đề này rất hot.
6,仁慈,réncí,"Nhân từ, nhân hậu",他是一个仁慈的人。,Tā shì yī gè réncí de rén.,Anh ấy là một người nhân từ.
6,人道,réndào,Nhân đạo,他们提倡人道待遇。,Tāmen tíchàng réndào dàiyù.,Họ khuyến khích đối xử nhân đạo.
6,人格,réngé,"Nhân cách, phẩm cách",他是一个有尊严的人。,Tā shì yī gè yǒu zūnyán de rén.,Anh ấy là một người có phẩm giá.
6,人工,réngōng,"Nhân công, lao động",这种技术需要人工操作。,Zhè zhǒng jìshù xūyào réngōng cāozuò.,Công nghệ này cần thao tác bằng tay.
6,人家,rénjiā,"Nhà cửa, gia đình",人家都说他很聪明。,Rénjiā dōu shuō tā hěn cōngmíng.,Người ta đều nói anh ấy rất thông minh.
6,人间,rénjiān,"Nhân gian, thế gian",这是人间的天堂。,Zhè shì rénjiān de tiāntáng.,Đây là thiên đường trên trần gian.
6,人士,rénshì,"Nhân sĩ, người",这件事对我们有很大的影响。,Zhè jiàn shì duì wǒmen yǒu hěn dà de yǐngxiǎng.,Việc này có ảnh hưởng lớn đối với chúng tôi.
6,人为,rénwéi,Do con người làm,他的成功不是偶然的，而是人为的。,"Tā de chénggōng bù shì ǒurán de, ér shì rénwéi de.",Thành công của anh ấy không phải là ngẫu nhiên mà là do con người tạo ra.
6,人性,rénxìng,"Nhân tính, bản tính",人性有时是复杂的。,Rénxìng yǒushí shì fùzá de.,Tính cách con người đôi khi rất phức tạp.
6,人质,rénzhì,"Con tin, người bị bắt",绑架者要求人质的家人支付赎金。,Bǎngjià zhě yāoqiú rénzhì de jiārén zhīfù shújīn.,Những kẻ bắt cóc yêu cầu gia đình con tin trả tiền chuộc.
6,忍耐,rěnnài,"Nhẫn nại, chịu đựng",你必须学会忍耐。,Nǐ bìxū xuéhuì rěnnài.,Bạn phải học cách kiên nhẫn.
6,忍受,rěnshòu,"Chịu đựng, cam chịu",我无法忍受这种痛苦。,Wǒ wúfǎ rěnshòu zhè zhǒng tòngkǔ.,Tôi không thể chịu đựng được nỗi đau này.
6,认定,rèndìng,"Nhận định, xác định",他认定这个计划是可行的。,Tā rèndìng zhège jìhuà shì kěxíng de.,Anh ấy xác định kế hoạch này là khả thi.
6,认可,rènkě,"Công nhận, phê duyệt",他的工作得到了认可。,Tā de gōngzuò dédào le rènkě.,Công việc của anh ấy đã được công nhận.
6,任命,rènmìng,"Bổ nhiệm, cử nhiệm",他被任命为公司经理。,Tā bèi rènmìng wèi gōngsī jīnglǐ.,Anh ấy được bổ nhiệm làm giám đốc công ty.
6,任性,rènxìng,"Tùy hứng, bướng bỉnh",她有点任性。,Tā yǒudiǎn rènxìng.,Cô ấy hơi bướng bỉnh.
6,任意,rènyì,"Tùy ý, tự do",你可以任意选择。,Nǐ kěyǐ rènyì xuǎnzé.,Bạn có thể chọn bất kỳ cái gì.
6,任重道远,rènzhòngdàoyuǎn,Trách nhiệm nặng nề và đường dài,我们的任务任重道远。,Wǒmen de rènwù rènzhòngdàoyuǎn.,Nhiệm vụ của chúng ta còn rất nặng nề và xa xôi.
6,仍旧,réngjiù,Vẫn như cũ,他仍旧没有改变他的计划。,Tā réngjiù méiyǒu gǎibiàn tā de jìhuà.,Anh ấy vẫn không thay đổi kế hoạch của mình.
6,日新月异,rìxīnyuèyì,Thay đổi từng ngày,现代科技日新月异。,Xiàndài kējì rì xīn yuè yì.,Khoa học kỹ thuật hiện đại thay đổi từng ngày.
6,日益,rìyì,Ngày càng,他的英语水平日益提高。,Tā de yīngyǔ shuǐpíng rìyì tígāo.,Trình độ tiếng Anh của anh ấy ngày càng tiến bộ.
6,溶解,róngjiě,Hòa tan,这种物质可以溶解在水中。,Zhè zhǒng wùzhì kěyǐ róngjiě zài shuǐ zhōng.,Chất này có thể tan trong nước.
6,容貌,róngmào,Dung mạo,她的容貌非常美丽。,Tā de róngmào fēicháng měilì.,Vẻ ngoài của cô ấy rất đẹp.
6,容纳,róngnà,Chứa đựng,这个房间可以容纳50人。,Zhège fángjiān kěyǐ róngnà 50 rén.,Phòng này có thể chứa được 50 người.
6,容器,róngqì,"Đồ đựng, dụng cụ chứa",请把液体倒入这个容器中。,Qǐng bǎ yètǐ dàorù zhège róngqì zhōng.,Xin hãy đổ chất lỏng vào trong vật chứa này.
6,融洽,róngqià,"Hòa hợp, êm thấm",他们的关系非常融洽。,Tāmen de guānxì fēicháng róngqià.,Mối quan hệ của họ rất hòa hợp.
6,容忍,róngrěn,"Chịu đựng, nhẫn nhịn",我们必须学会容忍不同的意见。,Wǒmen bìxū xuéhuì róngrěn bùtóng de yìjiàn.,Chúng ta phải học cách chịu đựng những ý kiến khác nhau.
6,揉,róu,"Xoa, bóp",她轻轻地揉了揉眼睛。,Tā qīngqīng de róu le róu yǎnjīng.,Cô ấy nhẹ nhàng xoa mắt.
6,柔和,róuhé,"Dịu dàng, mềm mại",他的声音非常柔和。,Tā de shēngyīn fēicháng róuhé.,Giọng nói của anh ấy rất dịu dàng.
6,弱点,ruòdiǎn,Điểm yếu,每个人都有弱点。,Měi gèrén dōu yǒu ruòdiǎn.,Mỗi người đều có điểm yếu.
6,若干,ruògān,"Một vài, bao nhiêu",你可以问我若干问题。,Nǐ kěyǐ wèn wǒ ruògān wèntí.,Bạn có thể hỏi tôi một vài câu hỏi.
6,撒谎,sāhuǎng,Nói dối,他撒谎了。,Tā sāhuǎng le.,Anh ấy đã nói dối.
6,腮,sāi,"Má, cằm",她的腮很红。,Tā de sāi hěn hóng.,Má của cô ấy rất đỏ.
6,三角,sānjiǎo,Tam giác,这个三角形有三个角。,Zhège sānjiǎoxíng yǒu sān gè jiǎo.,Hình tam giác này có ba góc.
6,散文,sǎnwén,Tản văn,他写了一篇散文。,Tā xiě le yī piān sǎnwén.,Anh ấy đã viết một bài tản văn.
6,散发,sànfā,"Tỏa ra, phát tán",这个房间散发着香气。,Zhège fángjiān sànfā zhe xiāngqì.,Phòng này tỏa ra mùi thơm.
6,丧失,sàngshī,Mất mát,他丧失了信心。,Tā sàngshī le xìnxīn.,Anh ấy đã mất niềm tin.
6,嫂子,sǎozi,Chị dâu,她是我的嫂子。,Tā shì wǒ de sǎozi.,Cô ấy là chị dâu của tôi.
6,色彩,sècǎi,Màu sắc,这个画作的色彩非常鲜艳。,Zhège huàzuò de sècǎi fēicháng xiānyàn.,Màu sắc của bức tranh này rất tươi sáng.
6,刹车,shāchē,"Phanh, thắng",刹车系统需要检查。,Shāchē xìtǒng xūyào jiǎnchá.,Hệ thống phanh cần được kiểm tra.
6,啥,shá,"Gì (dạng khẩu ngữ của ""什么"")",你在干啥呢？,Nǐ zài gàn shá ne?,Bạn đang làm gì vậy?
6,筛选,shāixuǎn,"Sàng lọc, tuyển chọn",我们需要筛选最好的候选人。,Wǒmen xūyào shāixuǎn zuì hǎo de hòuxuǎnrén.,Chúng ta cần chọn lọc ứng viên tốt nhất.
6,山脉,shānmài,Dãy núi,这座山脉很壮观。,Zhè zuò shānmài hěn zhuàngguān.,Dãy núi này rất hùng vĩ.
6,闪烁,shǎnshuò,"Lấp lánh, lung linh",星星在天空中闪烁。,Xīngxīng zài tiānkōng zhōng shǎnshuò.,Những ngôi sao lấp lánh trên bầu trời.
6,擅长,shàncháng,"Giỏi về, sở trường",他擅长绘画。,Tā shàncháng huìhuà.,Anh ấy giỏi vẽ tranh.
6,擅自,shànzì,"Tự ý, tự tiện",不要擅自行动。,Bùyào shànzì xíngdòng.,Đừng hành động tùy tiện.
6,扇子,shànzi,Quạt,她给我买了一把扇子。,Tā gěi wǒ mǎi le yī bǎ shànzi.,Cô ấy đã mua cho tôi một chiếc quạt.
6,商标,shāngbiāo,Thương hiệu,这个商标很有名。,Zhège shāngbiāo hěn yǒumíng.,Thương hiệu này rất nổi tiếng.
6,伤脑筋,shāng nǎojīn,"Đau đầu, khó khăn",这个问题真是伤脑筋。,Zhège wèntí zhēn shì shāng nǎojīn.,Vấn đề này thật đau đầu.
6,上级,shàngjí,Cấp trên,你需要向上级汇报。,Nǐ xūyào xiàng shàngjí huìbào.,Bạn cần báo cáo với cấp trên.
6,上进心,shàngjìnxīn,Tinh thần cầu tiến,他有很强的上进心。,Tā yǒu hěn qiáng de shàngjìn xīn.,Anh ấy có động lực tiến bộ rất mạnh.
6,上任,shàngrèn,Nhậm chức,新上任的经理很有能力。,Xīn shàngrèn de jīnglǐ hěn yǒu nénglì.,Giám đốc mới nhậm chức rất có năng lực.
6,上瘾,shàngyǐn,Nghiện,他对咖啡上瘾了。,Tā duì kāfēi shàngyǐn le.,Anh ấy nghiện cà phê.
6,上游,shàngyóu,"Thượng nguồn, phần tiên tiến",这条河的上游很清澈。,Zhè tiáo hé de shàngyóu hěn qīngchè.,Thượng nguồn của con sông này rất trong sạch.
6,梢,shāo,"Ngọn, chóp",树梢上有一只鸟。,Shùshāo shàng yǒu yī zhǐ niǎo.,Trên ngọn cây có một con chim.
6,捎,shāo,"Mang theo, đưa cho",请把这封信捎给他。,Qǐng bǎ zhè fēng xìn shāo gěi tā.,Hãy mang lá thư này cho anh ấy.
6,哨,shào,"Còi, kèn",哨声响起，比赛开始了。,"Shào shēng xiǎng qǐ, bǐsài kāishǐ le.","Tiếng còi vang lên, trận đấu bắt đầu."
6,奢侈,shēchǐ,Xa xỉ,她喜欢奢侈品。,Tā xǐhuān shēchǐ pǐn.,Cô ấy thích hàng xa xỉ.
6,涉及,shèjí,Liên quan đến,这件事涉及到很多人。,Zhè jiàn shì shèjí dào hěn duō rén.,Việc này liên quan đến nhiều người.
6,设立,shèlì,"Thiết lập, thành lập",我们决定设立一个新项目。,Wǒmen juédìng shèlì yī gè xīn xiàngmù.,Chúng ta quyết định thành lập một dự án mới.
6,社区,shèqū,"Cộng đồng, khu vực",这个社区很安全。,Zhège shèqū hěn ānquán.,Khu vực này rất an toàn.
6,摄取,shèqǔ,"Hấp thụ, tiếp thu",摄取足够的营养对健康很重要。,Shèqǔ zúgòu de yíngyǎng duì jiànkāng hěn zhòngyào.,Hấp thụ đủ dinh dưỡng rất quan trọng đối với sức khỏe.
6,摄氏度,shèshìdù,Độ Celsius,水的摄氏度是零度。,Shuǐ de shèshìdù shì língdù.,Nhiệt độ của nước là 0 độ C.
6,设想,shèxiǎng,"Dự tính, giả định",我们需要设想未来的发展。,Wǒmen xūyào shèxiǎng wèilái de fāzhǎn.,Chúng ta cần tưởng tượng sự phát triển trong tương lai.
6,设置,shèzhì,"Lắp đặt, thiết lập",这个设备很先进。,Zhège shèbèi hěn xiānjìn.,Thiết bị này rất tiên tiến.
6,深奥,shēn'ào,"Sâu sắc, khó hiểu",这个问题非常深奥。,Zhège wèntí fēicháng shēn'ào.,Vấn đề này rất phức tạp.
6,申报,shēnbào,"Trình báo, khai báo",我们需要申报个人所得税。,Wǒmen xūyào shēnbào gèrén suǒdéshuì.,Chúng ta cần khai báo thuế thu nhập cá nhân.
6,深沉,shēnchén,"Sâu sắc, thâm trầm",他的声音很深沉。,Tā de shēngyīn hěn shēnchén.,Giọng nói của anh ấy rất trầm.
6,深情厚谊,shēnqíng hòuyì,Tình cảm sâu đậm,他们之间有着深情厚谊。,Tāmen zhījiān yǒuzhe shēnqíng hòuyì.,Họ có tình cảm sâu nặng.
6,绅士,shēnshì,"Quý ông, người lịch sự",他是个绅士。,Tā shì gè shēnshì.,Anh ấy là một quý ông.
6,呻吟,shēnyín,Rên rỉ,他在床上呻吟。,Tā zài chuáng shàng shēnyín.,Anh ấy rên rỉ trên giường.
6,神奇,shénqí,Kỳ diệu,这个地方真是神奇。,Zhège dìfāng zhēn shì shénqí.,Nơi này thật kỳ diệu.
6,神气,shénqì,"Vẻ, dáng vẻ",他看起来神气十足。,Tā kàn qǐlái shénqì shízú.,Anh ấy trông rất oai phong.
6,神情,shénqíng,"Thần thái, cảm xúc",她的神情很平静。,Tā de shénqíng hěn píngjìng.,Biểu cảm của cô ấy rất bình tĩnh.
6,神色,shénsè,Thần sắc,他的神色很严肃。,Tā de shénsè hěn yánsù.,Vẻ mặt của anh ấy rất nghiêm túc.
6,神圣,shénshèng,Thần thánh,这是一项神圣的任务。,Zhè shì yī xiàng shénshèng de rènwù.,Đây là một nhiệm vụ thiêng liêng.
6,神态,shéntài,"Thần thái, dáng vẻ",他的神态自若。,Tā de shéntài zìruò.,Thái độ của anh ấy rất tự nhiên.
6,神仙,shénxiān,Thần tiên,神仙的故事很有趣。,Shénxiān de gùshì hěn yǒuqù.,Câu chuyện về thần tiên rất thú vị.
6,审查,shěnchá,Thẩm tra,我们需要审查这些文件。,Wǒmen xūyào shěnchá zhèxiē wénjiàn.,Chúng ta cần kiểm tra những tài liệu này.
6,审理,shěnlǐ,Xét xử,法庭开始审理此案。,Fǎtíng kāishǐ shěnlǐ cǐ'àn.,Tòa án bắt đầu xét xử vụ án này.
6,审美,shěnměi,Thẩm mỹ,她对审美有独特的见解。,Tā duì shěnměi yǒu dútè de jiànjiě.,Cô ấy có quan điểm độc đáo về thẩm mỹ.
6,审判,shěnpàn,"Xét xử, phán xét",他被判处终身监禁。,Tā bèi pànchǔ zhōngshēn jiānjìn.,Anh ấy bị kết án tù chung thân.
6,渗透,shèntòu,"Thẩm thấu, thấm vào",这些信息已经渗透到各个角落。,Zhèxiē xìnxī yǐjīng shèntòu dào gège jiǎoluò.,Những thông tin này đã thấm vào mọi ngóc ngách.
6,慎重,shènzhòng,Cẩn trọng,我们需要慎重考虑。,Wǒmen xūyào shènzhòng kǎolǜ.,Chúng ta cần cân nhắc thận trọng.
6,牲畜,shēngchù,Gia súc,这个农场有很多牲畜。,Zhège nóngchǎng yǒu hěnduō shēngchù.,Trang trại này có nhiều gia súc.
6,生存,shēngcún,Sinh tồn,动物在野外生存很困难。,Dòngwù zài yěwài shēngcún hěn kùnnán.,Động vật sống sót ngoài tự nhiên rất khó khăn.
6,生机,shēngjī,Sức sống,春天带来了新的生机。,Chūntiān dàilái le xīn de shēngjī.,Mùa xuân mang đến sức sống mới.
6,生理,shēnglǐ,Sinh lý,生理健康非常重要。,Shēnglǐ jiànkāng fēicháng zhòngyào.,Sức khỏe sinh lý rất quan trọng.
6,声明,shēngmíng,Tuyên bố,公司发布了一项重要声明。,Gōngsī fābù le yī xiàng zhòngyào shēngmíng.,Công ty đã đưa ra một thông báo quan trọng.
6,声势,shēngshì,Thanh thế,他的声势越来越大。,Tā de shēngshì yuè lái yuè dà.,Thanh thế của anh ấy ngày càng lớn.
6,生疏,shēngshū,"Lạ lẫm, không quen thuộc",他对新环境感到生疏。,Tā duì xīn huánjìng gǎndào shēngshū.,Anh ấy cảm thấy lạ lẫm với môi trường mới.
6,生态,shēngtài,Sinh thái,保护生态环境很重要。,Bǎohù shēngtài huánjìng hěn zhòngyào.,Bảo vệ môi trường sinh thái rất quan trọng.
6,生物,shēngwù,Sinh vật,生物多样性对生态平衡很重要。,Shēngwù duōyàng xìng duì shēngtài pínghéng hěn zhòngyào.,Đa dạng sinh học rất quan trọng đối với cân bằng sinh thái.
6,生效,shēngxiào,Có hiệu lực,这项法律开始生效。,Zhè xiàng fǎlǜ kāishǐ shēngxiào.,Luật này bắt đầu có hiệu lực.
6,生锈,shēngxiù,Bị gỉ sét,铁会在潮湿的环境中生锈。,Tiě huì zài cháoshī de huánjìng zhōng shēngxiù.,Sắt sẽ bị rỉ sét trong môi trường ẩm ướt.
6,生育,shēngyù,Sinh sản,计划生育政策在中国很普遍。,Jìhuà shēngyù zhèngcè zài Zhōngguó hěn pǔbiàn.,Chính sách kế hoạch hóa gia đình rất phổ biến ở Trung Quốc.
6,声誉,shēngyù,Danh tiếng,他在国际上享有很高的声誉。,Tā zài guójì shàng xiǎngyǒu hěn gāo de shēngyù.,Anh ấy có danh tiếng cao trên thế giới.
6,省会,shěnghuì,Thủ phủ tỉnh,省会城市通常是该省的政治中心。,Shěnghuì chéngshì tōngcháng shì gāi shěng de zhèngzhì zhōngxīn.,Thành phố thủ phủ thường là trung tâm chính trị của tỉnh.
6,盛产,shèngchǎn,"Sản xuất nhiều, phong phú",这个地区盛产水果。,Zhège dìqū shèngchǎn shuǐguǒ.,Khu vực này nổi tiếng về sản xuất trái cây.
6,胜负,shèngfù,Thắng thua,比赛结果取决于胜负。,Bǐsài jiéguǒ qǔjué yú shèngfù.,Kết quả trận đấu phụ thuộc vào thắng thua.
6,盛开,shèngkāi,Nở rộ,春天，花朵盛开。,"Chūntiān, huāduǒ shèngkāi.","Mùa xuân, hoa nở rộ."
6,盛情,shèngqíng,"Nồng hậu, ân cần",他对我们表示盛情款待。,Tā duì wǒmen biǎoshì shèngqíng kuǎndài.,Anh ấy đã tiếp đãi chúng tôi rất nồng hậu.
6,盛行,shèngxíng,Thịnh hành,这种风格在当地盛行。,Zhè zhǒng fēnggé zài dāngdì shèngxíng.,Phong cách này rất phổ biến ở địa phương.
6,师范,shīfàn,Sư phạm,他在师范学校学习。,Tā zài shīfàn xuéxiào xuéxí.,Anh ấy học ở trường sư phạm.
6,施加,shījiā,"Áp đặt, tác động",我们必须施加压力。,Wǒmen bìxū shījiā yālì.,Chúng ta phải gây áp lực.
6,尸体,shītǐ,Thi thể,他们找到了尸体。,Tāmen zhǎodào le shītǐ.,Họ đã tìm thấy thi thể.
6,失误,shīwù,"Sai lầm, lỗi lầm",他的演讲中有几次失误。,Tā de yǎnjiǎng zhōng yǒu jǐ cì shīwù.,Trong bài phát biểu của anh ấy có vài lỗi.
6,施展,shīzhǎn,"Phát huy, thực hiện",她在比赛中施展了全部实力。,Tā zài bǐsài zhōng shīzhǎn le quánbù shílì.,Cô ấy đã phô diễn toàn bộ năng lực trong cuộc thi.
6,狮子,shīzi,Sư tử,动物园里有一只狮子。,Dòngwùyuán lǐ yǒu yī zhǐ shīzi.,Trong sở thú có một con sư tử.
6,失踪,shīzōng,Mất tích,他失踪已经三天了。,Tā shīzōng yǐjīng sān tiān le.,Anh ấy đã mất tích ba ngày rồi.
6,拾,shí,"Nhặt, lượm",他在街上捡到了一些钱。,Tā zài jiē shàng jiǎndào le yīxiē qián.,Anh ấy nhặt được một ít tiền trên đường.
6,识别,shíbié,"Nhận biết, phân biệt",这种花很容易识别。,Zhè zhǒng huā hěn róngyì shíbié.,Loại hoa này rất dễ nhận biết.
6,时差,shíchā,Chênh lệch múi giờ,由于时差，他感到很累。,"Yóuyú shíchā, tā gǎndào hěn lèi.","Do chênh lệch múi giờ, anh ấy cảm thấy rất mệt."
6,时常,shícháng,Thường xuyên,她时常去健身房锻炼。,Tā shícháng qù jiànshēnfáng duànliàn.,Cô ấy thường xuyên đi tập gym.
6,时而,shí'ér,"Thỉnh thoảng, đôi khi",他时而工作，时而休息。,"Tā shí'ér gōngzuò, shí'ér xiūxí.","Anh ấy lúc thì làm việc, lúc thì nghỉ ngơi."
6,时光,shíguāng,Thời gian,时光飞逝，我们已经毕业了。,"Shíguāng fēishì, wǒmen yǐjīng bìyè le.","Thời gian trôi nhanh, chúng ta đã tốt nghiệp rồi."
6,实惠,shíhuì,"Giá trị thực, có lợi ích thực sự",这家餐厅提供实惠的午餐。,Zhè jiā cāntīng tígōng shíhuì de wǔcān.,Nhà hàng này cung cấp bữa trưa giá rẻ.
6,时机,shíjī,"Thời cơ, cơ hội",这是一个重要的时机。,Zhè shì yī gè zhòngyào de shíjī.,Đây là một cơ hội quan trọng.
6,实力,shílì,Thực lực,他的实力不容小觑。,Tā de shílì bùróng xiǎoqù.,Thực lực của anh ấy không thể coi thường.
6,实施,shíshī,"Thực thi, thực hiện",政府计划实施新政策。,Zhèngfǔ jìhuà shíshī xīn zhèngcè.,Chính phủ dự định thực hiện chính sách mới.
6,时事,shíshì,Thời sự,我喜欢阅读有关时事的文章。,Wǒ xǐhuān yuèdú yǒuguān shíshì de wénzhāng.,Tôi thích đọc các bài viết về thời sự.
6,实事求是,shíshìqiúshì,Thực sự cầu thị,我们需要实事求是地看待问题。,Wǒmen xūyào shíshìqiúshì de kàndài wèntí.,Chúng ta cần nhìn nhận vấn đề một cách thực tế.
6,石油,shíyóu,Dầu mỏ,石油是重要的能源资源。,Shíyóu shì zhòngyào de néngyuán zīyuán.,Dầu mỏ là nguồn năng lượng quan trọng.
6,实质,shízhì,Thực chất,我们需要理解事物的实质。,Wǒmen xūyào lǐjiě shìwù de shízhì.,Chúng ta cần hiểu rõ bản chất của sự việc.
6,时装,shízhuāng,Thời trang,她喜欢穿时装。,Tā xǐhuān chuān shízhuāng.,Cô ấy thích mặc trang phục thời trang.
6,十足,shízú,"Đầy đủ, hoàn toàn",他的解释十足有力。,Tā de jiěshì shízú yǒulì.,Lời giải thích của anh ấy rất thuyết phục.
6,使命,shǐmìng,Sứ mệnh,我们的使命是保护环境。,Wǒmen de shǐmìng shì bǎohù huánjìng.,Sứ mệnh của chúng tôi là bảo vệ môi trường.
6,势必,shìbì,Chắc chắn,他势必会成功。,Tā shìbì huì chénggōng.,Anh ấy chắc chắn sẽ thành công.
6,世代,shìdài,Thế hệ,这个传统世代相传。,Zhège chuántǒng shìdài xiāngchuán.,Truyền thống này được truyền từ thế hệ này sang thế hệ khác.
6,示范,shìfàn,"Làm mẫu, mô phỏng",老师示范了如何解决这个问题。,Lǎoshī shìfàn le rúhé jiějué zhège wèntí.,Giáo viên đã làm mẫu cách giải quyết vấn đề này.
6,释放,shìfàng,Giải phóng,他被释放了。,Tā bèi shìfàng le.,Anh ấy đã được thả.
6,是非,shìfēi,"Đúng sai, thị phi",我们需要分辨是非。,Wǒmen xūyào fēnbiàn shìfēi.,Chúng ta cần phân biệt đúng sai.
6,事故,shìgù,Sự cố,事故发生后，交通被封闭了。,"Shìgù fāshēng hòu, jiāotōng bèi fēngbì le.","Sau khi tai nạn xảy ra, giao thông đã bị phong tỏa."
6,事迹,shìjì,"Sự tích, hành động đáng chú ý",他的事迹激励了很多人。,Tā de shìjì jīlì le hěn duō rén.,Thành tích của anh ấy đã truyền cảm hứng cho nhiều người.
6,事件,shìjiàn,Sự kiện,这次事件引起了广泛关注。,Zhè cì shìjiàn yǐnqǐ le guǎngfàn guānzhù.,Sự kiện này đã thu hút sự quan tâm rộng rãi.
6,世界观,shìjièguān,Thế giới quan,每个人都有不同的世界观。,Měi gèrén dōu yǒu bùtóng de shìjièguān.,Mỗi người có một thế giới quan khác nhau.
6,视力,shìlì,Thị lực,他的视力很好。,Tā de shìlì hěn hǎo.,Thị lực của anh ấy rất tốt.
6,势力,shìlì,Thế lực,他的势力遍布全国。,Tā de shìlì biànbù quánguó.,Thế lực của anh ấy lan rộng khắp cả nước.
6,逝世,shìshì,Qua đời,他的逝世让大家很悲伤。,Tā de shìshì ràng dàjiā hěn bēishāng.,Sự qua đời của anh ấy khiến mọi người rất buồn.
6,事态,shìtài,Tình hình,我们需要关注事态的发展。,Wǒmen xūyào guānzhù shìtài de fāzhǎn.,Chúng ta cần theo dõi diễn biến tình hình.
6,试图,shìtú,"Thử, cố gắng",他试图解决这个问题。,Tā shìtú jiějué zhège wèntí.,Anh ấy cố gắng giải quyết vấn đề này.
6,示威,shìwēi,Biểu tình,他们正在示威抗议。,Tāmen zhèngzài shìwēi kàngyì.,Họ đang biểu tình phản đối.
6,事务,shìwù,Công việc,他负责管理日常事务。,Tā fùzé guǎnlǐ rìcháng shìwù.,Anh ấy phụ trách quản lý công việc hàng ngày.
6,视线,shìxiàn,Tầm nhìn,他的视线集中在屏幕上。,Tā de shìxiàn jízhōng zài píngmù shàng.,Ánh mắt của anh ấy tập trung vào màn hình.
6,事项,shìxiàng,"Hạng mục, vấn đề",请填写这些事项。,Qǐng tiánxiě zhèxiē shìxiàng.,Vui lòng điền vào các mục này.
6,试验,shìyàn,Thí nghiệm,这个新药正在试验中。,Zhège xīnyào zhèngzài shìyàn zhōng.,Loại thuốc mới này đang được thử nghiệm.
6,视野,shìyě,Tầm nhìn,他的视野很开阔。,Tā de shìyě hěn kāikuò.,Tầm nhìn của anh ấy rất rộng.
6,事业,shìyè,Sự nghiệp,他在事业上取得了成功。,Tā zài shìyè shàng qǔdé le chénggōng.,Anh ấy đã thành công trong sự nghiệp.
6,适宜,shìyí,Thích hợp,这里的气候非常适宜。,Zhèlǐ de qìhòu fēicháng shìyí.,Khí hậu ở đây rất phù hợp.
6,示意,shìyì,Ra hiệu,他向我示意继续前进。,Tā xiàng wǒ shìyì jìxù qiánjìn.,Anh ấy ra hiệu cho tôi tiếp tục tiến lên.
6,收藏,shōucáng,"Thu thập, sưu tầm",她喜欢收藏古董。,Tā xǐhuān shōucáng gǔdǒng.,Cô ấy thích sưu tầm đồ cổ.
6,收缩,shōusuō,Co lại,我们需要收缩开支。,Wǒmen xūyào shōusuō kāizhī.,Chúng ta cần giảm chi tiêu.
6,收益,shōuyì,Lợi nhuận,新项目的收益很高。,Xīn xiàngmù de shōuyì hěn gāo.,Lợi nhuận từ dự án mới rất cao.
6,收音机,shōuyīnjī,Đài radio,他喜欢听收音机。,Tā xǐhuān tīng shōuyīnjī.,Anh ấy thích nghe radio.
6,手法,shǒufǎ,"Phương pháp, thủ pháp",他的手法很熟练。,Tā de shǒufǎ hěn shúliàn.,Kỹ thuật của anh ấy rất thành thạo.
6,守护,shǒuhù,"Bảo vệ, canh giữ",她守护着病床上的孩子。,Tā shǒuhù zhe bìngchuáng shàng de háizi.,Cô ấy bảo vệ đứa con nằm trên giường bệnh.
6,手势,shǒushì,"Cử chỉ, động tác tay",他用手势表示同意。,Tā yòng shǒushì biǎoshì tóngyì.,Anh ấy ra dấu hiệu đồng ý.
6,首要,shǒuyào,Quan trọng nhất,这是一个首要任务。,Zhè shì yī gè shǒuyào rènwù.,Đây là một nhiệm vụ hàng đầu.
6,手艺,shǒuyì,Tay nghề,她的手艺非常精湛。,Tā de shǒuyì fēicháng jīngzhàn.,Tay nghề của cô ấy rất tinh xảo.
6,授予,shòuyǔ,Trao tặng,她被授予了杰出贡献奖。,Tā bèi shòuyǔ le jiéchū gòngxiàn jiǎng.,Cô ấy được trao giải cống hiến xuất sắc.
6,受罪,shòuzuì,"Chịu tội, khổ sở",他因为贪污受罪了。,Tā yīnwèi tānwū shòuzuì le.,Anh ấy phải chịu tội vì tham nhũng.
6,舒畅,shūchàng,Thoải mái,这次旅行让我感到非常舒畅。,Zhè cì lǚxíng ràng wǒ gǎndào fēicháng shūchàng.,Chuyến đi này làm tôi cảm thấy rất thoải mái.
6,书法,shūfǎ,Thư pháp,他的书法作品非常出色。,Tā de shūfǎ zuòpǐn fēicháng chūsè.,Tác phẩm thư pháp của anh ấy rất xuất sắc.
6,疏忽,shūhū,Sơ suất,因为疏忽，他忘记了重要的会议。,"Yīnwèi shūhū, tā wàngjì le zhòngyào de huìyì.","Vì sơ suất, anh ấy quên mất cuộc họp quan trọng."
6,书籍,shūjí,Sách vở,我非常喜欢阅读各种书籍。,Wǒ fēicháng xǐhuān yuèdú gèzhǒng shūjí.,Tôi rất thích đọc các loại sách.
6,书记,shūji,Bí thư,公司的书记记录了会议纪要。,Gōngsī de shūjì jìlù le huìyì jìyào.,Thư ký của công ty đã ghi chép lại biên bản cuộc họp.
6,书面,shūmiàn,Văn bản,请提交书面报告。,Qǐng tíjiāo shūmiàn bàogào.,Xin vui lòng nộp báo cáo bằng văn bản.
6,数,shǔ,"Đếm, số lượng",这本书的读者数量很多。,Zhè běn shū de dúzhě shùliàng hěn duō.,Cuốn sách này có rất nhiều độc giả.
6,竖,shù,Dựng đứng,他在墙上挂了一幅竖画。,Tā zài qiáng shàng guà le yī fú shù huà.,Anh ấy treo một bức tranh dọc trên tường.
6,束,shù,"Bó, gói",她送了一束花给妈妈。,Tā sòng le yī shù huā gěi māmā.,Cô ấy tặng một bó hoa cho mẹ.
6,数额,shù'é,Số lượng,这个项目的资金数额很大。,Zhège xiàngmù de zījīn shù'é hěn dà.,Số tiền đầu tư cho dự án này rất lớn.
6,束缚,shùfù,Ràng buộc,传统观念束缚了他的思想。,Chuántǒng guānniàn shùfù le tā de sīxiǎng.,Quan niệm truyền thống ràng buộc tư tưởng của anh ấy.
6,树立,shùlì,"Xây dựng, thiết lập",我们应该树立正确的价值观。,Wǒmen yīnggāi shùlì zhèngquè de jiàzhíguān.,Chúng ta nên thiết lập giá trị quan đúng đắn.
6,数目,shùmù,Số lượng,这篇文章的字数目有点多。,Zhè piān wénzhāng de zì shùmù yǒudiǎn duō.,Số lượng chữ trong bài viết này hơi nhiều.
6,耍,shuǎ,"Chơi đùa, giỡn",小孩子喜欢耍玩具。,Xiǎo háizi xǐhuān shuǎ wánjù.,Trẻ con thích chơi đồ chơi.
6,衰老,shuāilǎo,Già yếu,他感觉身体开始衰老。,Tā gǎnjué shēntǐ kāishǐ shuāilǎo.,Anh ấy cảm thấy cơ thể bắt đầu lão hóa.
6,衰退,shuāituì,Suy thoái,经济衰退影响了很多企业。,Jīngjì shuāituì yǐngxiǎng le hěn duō qǐyè.,Suy thoái kinh tế ảnh hưởng đến nhiều doanh nghiệp.
6,率领,shuàilǐng,"Lãnh đạo, dẫn dắt",他率领团队完成了任务。,Tā shuàilǐng tuánduì wánchéng le rènwù.,Anh ấy dẫn dắt đội ngũ hoàn thành nhiệm vụ.
6,涮火锅,shuàn huǒguō,Nhúng lẩu,我们晚上去涮火锅吧。,Wǒmen wǎnshàng qù shuàn huǒguō ba.,Tối nay chúng ta đi ăn lẩu nhé.
6,双胞胎,shuāngbāotāi,Sinh đôi,他们是一对双胞胎。,Tāmen shì yī duì shuāngbāotāi.,Họ là một cặp song sinh.
6,爽快,shuǎngkuài,Sảng khoái,她的性格非常爽快。,Tā de xìnggé fēicháng shuǎngkuài.,Tính cách của cô ấy rất sảng khoái.
6,水利,shuǐlì,Thủy lợi,这个地方的水利工程很发达。,Zhège dìfāng de shuǐlì gōngchéng hěn fādá.,Công trình thủy lợi ở nơi này rất phát triển.
6,水龙头,shuǐlóngtóu,Vòi nước,请关紧水龙头。,Qǐng guān jǐn shuǐlóngtóu.,Vui lòng vặn chặt vòi nước.
6,水泥,shuǐní,Xi măng,他们用水泥建造了这座桥。,Tāmen yòng shuǐní jiànzào le zhè zuò qiáo.,Họ đã dùng xi măng xây dựng cây cầu này.
6,司法,sīfǎ,Tư pháp,司法系统需要改革。,Sīfǎ xìtǒng xūyào gǎigé.,Hệ thống tư pháp cần được cải cách.
6,司令,sīlìng,Tư lệnh,他是军队的司令。,Tā shì jūnduì de sīlìng.,Anh ấy là tư lệnh của quân đội.
6,思念,sīniàn,Nhớ nhung,她每天晚上都思念家人。,Tā měitiān wǎnshàng dōu sīniàn jiārén.,Cô ấy nhớ gia đình mỗi tối.
6,思索,sīsuǒ,"Suy nghĩ, suy xét",他在思索如何解决这个问题。,Tā zài sīsuǒ rúhé jiějué zhège wèntí.,Anh ấy đang suy nghĩ cách giải quyết vấn đề này.
6,思维,sīwéi,Tư duy,他的思维方式很独特。,Tā de sīwéi fāngshì hěn dútè.,Cách tư duy của anh ấy rất độc đáo.
6,斯文,sīwén,"Lịch sự, nhã nhặn",他是个斯文的绅士。,Tā shì gè sīwén de shēnshì.,Anh ấy là một quý ông lịch lãm.
6,思绪,sīxù,"Tâm tư, suy nghĩ",她的思绪非常混乱。,Tā de sīxù fēicháng hùnluàn.,Suy nghĩ của cô ấy rất hỗn loạn.
6,私自,sīzì,Tự tiện,他私自离开了工作岗位。,Tā sīzì líkāi le gōngzuò gǎngwèi.,Anh ấy tự ý rời khỏi vị trí công việc.
6,死亡,sǐwáng,Tử vong,事故导致两人死亡。,Shìgù dǎozhì liǎng rén sǐwáng.,Tai nạn khiến hai người tử vong.
6,肆无忌惮,sìwújìdàn,"Không kiêng nể, không kiêng dè",他的行为肆无忌惮。,Tā de xíngwéi sìwújìdàn.,Hành vi của anh ấy không kiêng dè gì.
6,饲养,sìyǎng,Chăn nuôi,她喜欢饲养小动物。,Tā xǐhuān sìyǎng xiǎo dòngwù.,Cô ấy thích nuôi dưỡng động vật nhỏ.
6,四肢,sìzhī,Tứ chi,他的四肢非常灵活。,Tā de sìzhī fēicháng línghuó.,Tứ chi của anh ấy rất linh hoạt.
6,耸,sǒng,"Cao vút, thẳng đứng",他耸了耸肩表示无奈。,Tā sǒng le sǒng jiān biǎoshì wúnài.,Anh ấy nhún vai tỏ ra bất lực.
6,艘,sōu,"Chiếc (thuyền, tàu)",港口停靠了几艘大船。,Gǎngkǒu tíngkào le jǐ sōu dàchuán.,Cảng có vài chiếc tàu lớn đang neo đậu.
6,搜索,sōusuǒ,Tìm kiếm,我们需要搜索更多的信息。,Wǒmen xūyào sōusuǒ gèng duō de xìnxī.,Chúng ta cần tìm kiếm thêm thông tin.
6,苏醒,sūxǐng,"Tỉnh lại, hồi sinh",病人已经苏醒了。,Bìngrén yǐjīng sūxǐng le.,Bệnh nhân đã tỉnh lại rồi.
6,俗话,súhuà,Tục ngữ,俗话说，实践出真知。,"Súhuà shuō, shíjiàn chū zhēnzhī.","Tục ngữ có câu, thực tiễn mới biết rõ."
6,素食主义,sùshízhǔyì,Chủ nghĩa ăn chay,他是一个素食主义者。,Tā shì yī gè sùshí zhǔyì zhě.,Anh ấy là một người theo chủ nghĩa ăn chay.
6,诉讼,sùsòng,Kiện tụng,他们之间的诉讼已经结束了。,Tāmen zhījiān de sùsòng yǐjīng jiéshù le.,Vụ kiện giữa họ đã kết thúc rồi.
6,塑造,sùzào,"Tạo hình, hình thành",这本书塑造了一个经典人物形象。,Zhè běn shū sùzào le yī gè jīngdiǎn rénwù xíngxiàng.,Cuốn sách này tạo dựng hình tượng một nhân vật kinh điển.
6,素质,sùzhì,Tố chất,她的素质非常高。,Tā de sùzhì fēicháng gāo.,Chất lượng của cô ấy rất cao.
6,算了,suànle,"Bỏ qua, thôi đi",这次的事情就算了吧。,Zhè cì de shìqíng jiù suànle ba.,Chuyện lần này thôi bỏ qua đi.
6,算数,suànshù,"Đếm, tính toán",我们班的数学考试成绩很好。,Wǒmen bān de shùxué kǎoshì chéngjī hěn hǎo.,Điểm thi toán của lớp chúng tôi rất tốt.
6,随即,suíjí,Ngay lập tức,她随即做出了决定。,Tā suíjí zuòchū le juédìng.,Cô ấy lập tức đưa ra quyết định.
6,随身,suíshēn,Mang theo người,她随身带着一本笔记本。,Tā suíshēn dài zhe yī běn bǐjìběn.,Cô ấy mang theo một cuốn sổ ghi chú bên mình.
6,随手,suíshǒu,Thuận tay,他随手把垃圾扔进垃圾桶。,Tā suíshǒu bǎ lājī rēng jìn lājītǒng.,Anh ấy tiện tay vứt rác vào thùng rác.
6,随意,suíyì,Tùy ý,你可以随意选择菜品。,Nǐ kěyǐ suíyì xuǎnzé càipǐn.,Bạn có thể chọn món ăn tùy ý.
6,隧道,suìdào,Đường hầm,隧道里没有信号。,Suìdào lǐ méiyǒu xìnhào.,Trong đường hầm không có tín hiệu.
6,岁月,suìyuè,Năm tháng,岁月不饶人。,Suìyuè bù ráo rén.,Thời gian không tha cho ai.
6,损坏,sǔnhuài,Hư hỏng,使用不当会导致设备损坏。,Shǐyòng bùdàng huì dǎozhì shèbèi sǔnhuài.,Sử dụng không đúng cách sẽ dẫn đến thiết bị bị hỏng.
6,索赔,suǒpéi,Yêu cầu bồi thường,他向公司索赔损失。,Tā xiàng gōngsī suǒpéi sǔnshī.,Anh ấy yêu cầu công ty bồi thường thiệt hại.
6,索性,suǒxìng,Dứt khoát,他索性不去了。,Tā suǒxìng bù qù le.,Anh ấy thà không đi nữa.
6,塌,tā,"Sập, đổ",房子倒塌了。,Fángzi dǎotā le.,Ngôi nhà đã đổ sập.
6,踏实,tāshi,"Yên tâm, thoải mái",他踏实地完成了工作。,Tā tàshi de wánchéng le gōngzuò.,Anh ấy hoàn thành công việc một cách ổn thỏa.
6,台风,táifēng,Bão tố,台风将要来袭。,Táifēng jiāngyào láixí.,Bão sẽ đến.
6,泰斗,tàidǒu,"Người giỏi nhất, đại thụ",他是学术界的泰斗。,Tā shì xuéshù jiè de tàidǒu.,Anh ấy là cây đại thụ trong giới học thuật.
6,太空,tàikōng,Không gian,太空探索充满了挑战。,Tàikōng tànsuǒ chōngmǎn le tiǎozhàn.,Khám phá không gian đầy thách thức.
6,瘫痪,tānhuàn,Bại liệt,他的腿因瘫痪而不能行动。,Tā de tuǐ yīn tānhuàn ér bùnéng xíngdòng.,Chân của anh ấy không thể cử động do bị liệt.
6,贪婪,tānlán,Tham lam,他表现出贪婪的本性。,Tā biǎoxiàn chū tānlán de běnxìng.,Anh ấy thể hiện bản chất tham lam.
6,摊儿,tānr,Quầy hàng,我们去街上买摊儿的东西吧。,Wǒmen qù jiē shàng mǎi tān er de dōngxi ba.,Chúng ta ra phố mua đồ ở quầy hàng đi.
6,贪污,tānwū,Tham nhũng,他因贪污而被判刑。,Tā yīn tānwū ér bèi pànxíng.,Anh ấy bị kết án vì tham nhũng.
6,弹性,tánxìng,Tính đàn hồi,这种材料具有很好的弹性。,Zhè zhǒng cáiliào jùyǒu hěn hǎo de tánxìng.,Loại vật liệu này có độ đàn hồi rất tốt.
6,坦白,tǎnbái,"Thẳng thắn, thành thật",请坦白地告诉我真相。,Qǐng tǎnbái de gàosù wǒ zhēnxiàng.,Xin hãy nói thật cho tôi biết sự thật.
6,探测,tàncè,Thăm dò,科学家们正在探测火星的环境。,Kēxuéjiāmen zhèngzài tàncè huǒxīng de huánjìng.,Các nhà khoa học đang thăm dò môi trường của sao Hỏa.
6,叹气,tànqì,Thở dài,她叹气说，她很累。,"Tā tànqì shuō, tā hěn lèi.",Cô ấy thở dài nói rằng cô ấy rất mệt.
6,探索,tànsuǒ,Khám phá,我们一起探索新领域吧。,Wǒmen yīqǐ tànsuǒ xīn lǐngyù ba.,Chúng ta cùng khám phá lĩnh vực mới nhé.
6,探讨,tàntǎo,Thảo luận,我们需要探讨这个问题的解决办法。,Wǒmen xūyào tàntǎo zhège wèntí de jiějué bànfǎ.,Chúng ta cần thảo luận về cách giải quyết vấn đề này.
6,探望,tànwàng,Thăm viếng,他每周末探望父母。,Tā měi zhōumò tànwàng fùmǔ.,Anh ấy thăm bố mẹ mỗi cuối tuần.
6,糖葫芦,tánghúlu,Kẹo hồ lô,我喜欢吃糖葫芦。,Wǒ xǐhuān chī tánghúlu.,Tôi thích ăn kẹo hồ lô.
6,掏,tāo,"Móc, lấy ra",他把垃圾掏出来扔掉了。,Tā bǎ lājī tāo chūlái rēng diào le.,Anh ấy lấy rác ra và vứt đi.
6,滔滔不绝,tāotāobùjué,"Nói liên tục, không ngừng",他滔滔不绝地讲述着他的故事。,Tā tāotāo bù jué de jiǎngshù zhe tā de gùshì.,Anh ấy kể câu chuyện của mình không ngừng nghỉ.
6,陶瓷,táocí,Gốm sứ,这些陶瓷工艺品很精美。,Zhèxiē táocí gōngyìpǐn hěn jīngměi.,Những đồ gốm sứ này rất tinh xảo.
6,淘气,táoqì,Nghịch ngợm,孩子们有时候会很淘气。,Háizimen yǒu shíhòu huì hěn táoqì.,Trẻ con đôi khi rất nghịch ngợm.
6,淘汰,táotài,Loại bỏ,他在比赛中被淘汰了。,Tā zài bǐsài zhōng bèi táotài le.,Anh ấy bị loại trong cuộc thi.
6,讨价还价,tǎojiàhuánjià,Mặc cả,他们在市场上讨价还价。,Tāmen zài shìchǎng shàng tǎojiàhuánjià.,Họ mặc cả giá cả tại chợ.
6,特长,tècháng,Sở trường,他的特长是唱歌。,Tā de tècháng shì chànggē.,Sở trường của anh ấy là hát.
6,特定,tèdìng,"Cụ thể, nhất định",这项任务需要特定的技能。,Zhè xiàng rènwù xūyào tèdìng de jìnéng.,Nhiệm vụ này cần kỹ năng đặc biệt.
6,特色,tèsè,Đặc sắc,这家餐厅有很多特色菜。,Zhè jiā cāntīng yǒu hěnduō tèsè cài.,Nhà hàng này có nhiều món ăn đặc sắc.
6,提拔,tíbá,Thăng chức,老板决定提拔他为经理。,Lǎobǎn juédìng tíbá tā wèi jīnglǐ.,Ông chủ quyết định thăng chức anh ấy lên làm quản lý.
6,题材,tícái,Đề tài,这部电影的题材很独特。,Zhè bù diànyǐng de tícái hěn dútè.,Chủ đề của bộ phim này rất độc đáo.
6,提炼,tíliàn,Tinh luyện,我们需要提炼出问题的关键点。,Wǒmen xūyào tíliàn chū wèntí de guānjiàn diǎn.,Chúng ta cần rút ra điểm mấu chốt của vấn đề.
6,提示,tíshì,Gợi ý,老师提示我们要认真复习。,Lǎoshī tíshì wǒmen yào rènzhēn fùxí.,Giáo viên nhắc nhở chúng tôi phải ôn tập chăm chỉ.
6,提议,tíyì,Đề nghị,他的提议得到了大家的支持。,Tā de tíyì dédào le dàjiā de zhīchí.,Đề nghị của anh ấy được mọi người ủng hộ.
6,体谅,tǐliàng,Thông cảm,你需要体谅他的处境。,Nǐ xūyào tǐliàng tā de chǔjìng.,Bạn cần thông cảm cho hoàn cảnh của anh ấy.
6,体面,tǐmiàn,"Thể diện, diện mạo",他在公司里很有面子。,Tā zài gōngsī lǐ hěn yǒu miànzi.,Anh ấy rất có thể diện trong công ty.
6,体系,tǐxì,Hệ thống,这个组织的体系很完善。,Zhège zǔzhī de tǐxì hěn wánshàn.,Hệ thống của tổ chức này rất hoàn chỉnh.
6,天才,tiāncái,Thiên tài,他是一个天才的音乐家。,Tā shì yī gè tiāncái de yīnyuè jiā.,Anh ấy là một nhạc sĩ thiên tài.
6,天伦之乐,tiānlún zhī lè,Niềm vui gia đình,他喜欢与家人共享天伦之乐。,Tā xǐhuān yǔ jiārén gòngxiǎng tiānlún zhī lè.,Anh ấy thích tận hưởng niềm vui gia đình cùng gia đình mình.
6,天然气,tiānránqì,Khí thiên nhiên,天然气是一种重要的能源。,Tiānránqì shì yī zhǒng zhòngyào de néngyuán.,Khí tự nhiên là một nguồn năng lượng quan trọng.
6,天生,tiānshēng,Bẩm sinh,他天生就有音乐才能。,Tā tiānshēng jiù yǒu yīnyuè cáinéng.,Anh ấy bẩm sinh đã có tài năng âm nhạc.
6,天堂,tiāntáng,Thiên đường,天堂是一个充满美好幻想的地方。,Tiāntáng shì yī gè chōngmǎn měihǎo huànxiǎng de dìfāng.,Thiên đường là một nơi đầy những ảo tưởng đẹp đẽ.
6,天文,tiānwén,Thiên văn,他对天文学充满了兴趣。,Tā duì tiānwénxué chōngmǎn le xìngqù.,Anh ấy rất đam mê thiên văn học.
6,田径,tiánjìng,Điền kinh,他参加了全国田径比赛。,Tā cānjiā le quánguó tiánjìng bǐsài.,Anh ấy đã tham gia cuộc thi điền kinh toàn quốc.
6,舔,tiǎn,Liếm,小猫喜欢舔它的毛。,Xiǎo māo xǐhuān tiǎn tā de máo.,Con mèo con thích liếm lông của nó.
6,挑剔,tiāoti,"Kỹ tính, soi mói",她对食物非常挑剔。,Tā duì shíwù fēicháng tiāotì.,Cô ấy rất kén chọn thức ăn.
6,调和,tiáohé,Điều hòa,他们的关系很调和。,Tāmen de guānxì hěn tiáohé.,Mối quan hệ của họ rất hòa hợp.
6,调剂,tiáojì,Điều chỉnh,他每周调剂一次药品。,Tā měi zhōu tiáojì yīcì yàopǐn.,Anh ấy phân chia thuốc một lần mỗi tuần.
6,调节,tiáojié,Điều chỉnh,我们需要调节室内温度。,Wǒmen xūyào tiáojié shìnèi wēndù.,Chúng ta cần điều chỉnh nhiệt độ trong phòng.
6,调解,tiáojiě,Hòa giải,双方通过调解达成了协议。,Shuāngfāng tōngguò tiáojiě dáchéng le xiéyì.,Hai bên đã đạt được thỏa thuận thông qua hòa giải.
6,条款,tiáokuǎn,Điều khoản,合同的条款需要详细阅读。,Hétóng de tiáokuǎn xūyào xiángxì yuèdú.,Các điều khoản của hợp đồng cần được đọc kỹ lưỡng.
6,条理,tiáolǐ,Trình tự,他工作很有条理。,Tā gōngzuò hěn yǒu tiáolǐ.,Anh ấy làm việc rất có tổ chức.
6,调料,tiáoliào,Gia vị,我们需要购买一些调料。,Wǒmen xūyào gòumǎi yīxiē tiáoliào.,Chúng ta cần mua một số gia vị.
6,条约,tiáoyuē,Hiệp ước,两国签署了和平条约。,Liǎng guó qiānshǔ le hépíng tiáoyuē.,Hai nước đã ký kết hiệp ước hòa bình.
6,挑拨,tiǎobō,Khiêu khích,他在背后挑拨离间。,Tā zài bèihòu tiǎobó líjiàn.,Anh ấy xúi giục và chia rẽ ở phía sau.
6,挑衅,tiǎoxìn,Khiêu chiến,他们在边界挑衅。,Tāmen zài biānjiè tiǎoxìn.,Họ đang khiêu khích ở biên giới.
6,跳跃,tiàoyuè,Nhảy vọt,小鹿在草地上跳跃。,Xiǎolù zài cǎodì shàng tiàoyuè.,Con nai con nhảy nhót trên cánh đồng cỏ.
6,停泊,tíngbó,Cập bến,他们的船停泊在港口。,Tāmen de chuán tíngbó zài gǎngkǒu.,Thuyền của họ neo đậu ở cảng.
6,停顿,tíngdùn,Tạm dừng,他的演讲中有几次停顿。,Tā de yǎnjiǎng zhōng yǒu jǐ cì tíngdùn.,Trong bài phát biểu của anh ấy có vài lần ngừng lại.
6,停滞,tíngzhì,Đình trệ,生产进度停滞不前。,Shēngchǎn jìndù tíngzhì bù qián.,Tiến độ sản xuất bị đình trệ.
6,亭子,tíngzi,"Đình, chòi",我们在公园里看到了一个亭子。,Wǒmen zài gōngyuán lǐ kàn dào le yī gè tíngzi.,Chúng tôi đã thấy một cái đình trong công viên.
6,挺拔,tǐngbá,"Cao ráo, thẳng đứng",他身材挺拔，气质非凡。,"Tā shēncái tǐngbá, qìzhì fēifán.",Anh ấy cao ráo và có khí chất phi phàm.
6,通货膨胀,tōnghuò péngzhàng,Lạm phát,通货膨胀导致物价上涨。,Tōnghuò péngzhàng dǎozhì wùjià shàngzhǎng.,Lạm phát dẫn đến giá cả tăng cao.
6,通俗,tōngsú,Thông thường,这本书用通俗易懂的语言写成。,Zhè běn shū yòng tōngsú yì dǒng de yǔyán xiě chéng.,Cuốn sách này được viết bằng ngôn ngữ dễ hiểu.
6,通用,tōngyòng,Phổ biến,英语是一种通用语言。,Yīngyǔ shì yī zhǒng tōngyòng yǔyán.,Tiếng Anh là một ngôn ngữ phổ biến.
6,同胞,tóngbāo,Đồng bào,他们是亲密的同胞兄弟。,Tāmen shì qīnmì de tóngbāo xiōngdì.,Họ là anh em ruột thân thiết.
6,童话,tónghuà,Truyện cổ tích,童话故事充满了幻想。,Tónghuà gùshì chōngmǎn le huànxiǎng.,Truyện cổ tích đầy sự tưởng tượng.
6,铜矿,tóngkuàng,Quặng đồng,这座山有丰富的铜矿资源。,Zhè zuò shān yǒu fēngfù de tóngkuàng zīyuán.,Ngọn núi này có tài nguyên đồng phong phú.
6,同志,tóngzhì,Đồng chí,他是一个热心的同志。,Tā shì yī gè rèxīn de tóngzhì.,Anh ấy là một đồng chí nhiệt tình.
6,统筹兼顾,tǒngchóu jiāngù,Tổng thể và toàn diện,我们要统筹兼顾，全面发展。,"Wǒmen yào tǒngchóu jiāngù, quánmiàn fāzhǎn.",Chúng ta cần phối hợp và phát triển toàn diện.
6,统计,tǒngjì,Thống kê,统计数据显示，经济在增长。,"Tǒngjì shùjù xiǎnshì, jīngjì zài zēngzhǎng.",Dữ liệu thống kê cho thấy kinh tế đang tăng trưởng.
6,统统,tǒngtǒng,Toàn bộ,这些问题我统统解决了。,Zhèxiē wèntí wǒ tǒngtǒng jiějué le.,Tôi đã giải quyết tất cả các vấn đề này.
6,投机,tóujī,"Đầu cơ, cơ hội",他的做法非常投机。,Tā de zuòfǎ fēicháng tóujī.,Cách làm của anh ấy rất cơ hội.
6,投票,tóupiào,Bỏ phiếu,我们在投票中支持他。,Wǒmen zài tóupiào zhōng zhīchí tā.,Chúng tôi ủng hộ anh ấy trong cuộc bỏ phiếu.
6,投降,tóuxiáng,Đầu hàng,战争结束后，他们被迫投降。,"Zhànzhēng jiéshù hòu, tāmen bèi pò tóuxiáng.","Sau khi chiến tranh kết thúc, họ bị buộc phải đầu hàng."
6,投掷,tóuzhì,"Ném, quăng",他用力投掷了石头。,Tā yònglì tóuzhì le shítou.,Anh ấy ném hòn đá rất mạnh.
6,秃,tū,Hói,他的头发开始秃了。,Tā de tóufà kāishǐ tū le.,Tóc của anh ấy bắt đầu rụng.
6,突破,tūpò,Đột phá,我们需要突破瓶颈。,Wǒmen xūyào tūpò píngjǐng.,Chúng ta cần đột phá khỏi điểm nghẽn.
6,图案,tú'àn,Họa tiết,这个图案非常漂亮。,Zhège tú'àn fēicháng piàoliang.,Hoa văn này rất đẹp.
6,徒弟,túdì,Đệ tử,他是我的徒弟。,Tā shì wǒ de túdì.,Anh ấy là đồ đệ của tôi.
6,途径,tújìng,"Con đường, cách thức",我们找到了一条新的途径。,Wǒmen zhǎodào le yī tiáo xīn de tújìng.,Chúng tôi đã tìm ra một con đường mới.
6,涂抹,túmǒ,"Bôi, quét",请不要在墙上涂抹。,Qǐng bùyào zài qiáng shàng túmǒ.,Xin đừng bôi bẩn lên tường.
6,土壤,tǔrǎng,Đất đai,土壤中含有丰富的养分。,Tǔrǎng zhōng hányǒu fēngfù de yǎngfèn.,Đất chứa nhiều chất dinh dưỡng.
6,团结,tuánjié,Đoàn kết,团结就是力量。,Tuánjié jiùshì lìliàng.,Đoàn kết là sức mạnh.
6,团体,tuántǐ,Tập thể,这个团体非常活跃。,Zhège tuántǐ fēicháng huóyuè.,Nhóm này rất năng động.
6,团员,tuányuán,Đoàn viên,她是团员。,Tā shì tuányuán.,Cô ấy là thành viên của đoàn.
6,推测,tuīcè,Suy đoán,我们推测他可能在家。,Wǒmen tuīcè tā kěnéng zài jiā.,Chúng tôi đoán rằng anh ấy có thể đang ở nhà.
6,推翻,tuīfān,Lật đổ,他们的政府被推翻了。,Tāmen de zhèngfǔ bèi tuīfān le.,Chính phủ của họ đã bị lật đổ.
6,推理,tuīlǐ,Suy luận,他的推理很有道理。,Tā de tuīlǐ hěn yǒu dàolǐ.,Lập luận của anh ấy rất hợp lý.
6,推论,tuīlùn,Suy luận,这本书的推论很深刻。,Zhè běn shū de tuīlùn hěn shēnkè.,Những lập luận trong cuốn sách này rất sâu sắc.
6,推销,tuīxiāo,Tiếp thị,他在推销他的产品。,Tā zài tuīxiāo tā de chǎnpǐn.,Anh ấy đang tiếp thị sản phẩm của mình.
6,吞咽,tūnyàn,Nuốt,他很难吞咽食物。,Tā hěn nán tūnyàn shíwù.,Anh ấy khó nuốt thức ăn.
6,脱离,tuōlí,Thoát ly,我们不能脱离实际。,Wǒmen bùnéng tuōlí shíjì.,Chúng ta không thể xa rời thực tế.
6,拖延,tuōyán,"Kéo dài, trì hoãn",请不要拖延时间。,Qǐng bùyào tuōyán shíjiān.,Xin đừng kéo dài thời gian.
6,托运,tuōyùn,Ký gửi,行李已经托运了。,Xínglǐ yǐjīng tuōyùn le.,Hành lý đã được gửi đi.
6,妥当,tuǒdàng,Thỏa đáng,这个计划很妥当。,Zhège jìhuà hěn tuǒdàng.,Kế hoạch này rất thỏa đáng.
6,妥善,tuǒshàn,Thỏa đáng,我们需要找到妥善的解决办法。,Wǒmen xūyào zhǎodào tuǒshàn de jiějué bànfǎ.,Chúng ta cần tìm ra cách giải quyết hợp lý.
6,妥协,tuǒxié,Thỏa hiệp,双方达成了妥协。,Shuāngfāng dáchéng le tuǒxié.,Hai bên đã đạt được thỏa hiệp.
6,椭圆,tuǒyuán,Hình elip,地球不是一个完美的椭圆。,Dìqiú bù shì yī gè wánměi de tuǒyuán.,Trái đất không phải là một hình elip hoàn hảo.
6,唾沫,tuòmò,Nước bọt,他说话时总是带着唾沫。,Tā shuōhuà shí zǒng shì dàizhe tuòmò.,Anh ấy luôn nói chuyện với nước bọt bay tứ tung.
6,挖掘,wājué,Đào bới,工人们正在挖掘隧道。,Gōngrénmen zhèngzài wājué suìdào.,Công nhân đang đào hầm.
6,娃娃,wáwa,"Búp bê, em bé",她的女儿喜欢玩娃娃。,Tā de nǚ'ér xǐhuān wán wáwa.,Con gái của cô ấy thích chơi búp bê.
6,瓦解,wǎjiě,Tan rã,他们的计划瓦解了。,Tāmen de jìhuà wǎjiě le.,Kế hoạch của họ đã tan rã.
6,哇,wā,Wow (thán từ),哇，你看那个！,"Wa, nǐ kàn nàge!","Oa, nhìn kìa!"
6,歪曲,wāiqū,Xuyên tạc,他故意歪曲事实。,Tā gùyì wāiqū shìshí.,Anh ấy cố tình bóp méo sự thật.
6,外表,wàibiǎo,Ngoại hình,她的外表很漂亮。,Tā de wàibiǎo hěn piàoliang.,Vẻ bề ngoài của cô ấy rất đẹp.
6,外行,wàiháng,Ngoại đạo,他是一个外行。,Tā shì yī gè wàiháng.,Anh ấy là người không chuyên nghiệp.
6,外界,wàijiè,Thế giới bên ngoài,这个消息在外界传开了。,Zhège xiāoxi zài wàijiè chuán kāi le.,Tin tức này đã lan ra bên ngoài.
6,外向,wàixiàng,Hướng ngoại,他性格外向。,Tā xìnggé wàixiàng.,Anh ấy là người hướng ngoại.
6,丸,wán,"Viên, hoàn",他吃了一个小药丸。,Tā chī le yī gè xiǎo yàowán.,Anh ấy đã uống một viên thuốc nhỏ.
6,完备,wánbèi,"Hoàn bị, đầy đủ",系统已经完备。,Xìtǒng yǐjīng wánbèi.,Hệ thống đã hoàn thiện.
6,完毕,wánbì,Kết thúc,任务已经完毕。,Rènwu yǐjīng wánbì.,Nhiệm vụ đã hoàn thành.
6,顽固,wángù,Ngoan cố,他非常顽固，不愿意改变。,"Tā fēicháng wángù, bù yuànyì gǎibiàn.",Anh ấy rất cố chấp và không chịu thay đổi.
6,玩弄,wánnòng,Trêu chọc,她喜欢玩弄别人的感情。,Tā xǐhuān wánnòng biéren de gǎnqíng.,Cô ấy thích đùa giỡn với tình cảm của người khác.
6,顽强,wánqiáng,Ngoan cường,他表现得很顽强。,Tā biǎoxiàn de hěn wánqiáng.,Anh ấy thể hiện rất kiên cường.
6,玩意儿,wányìr,"Đồ chơi, món đồ",这是一个新玩意儿。,Zhè shì yī gè xīn wányìr.,Đây là một món đồ chơi mới.
6,挽回,wǎnhuí,Cứu vãn,我们必须挽回损失。,Wǒmen bìxū wǎnhuí sǔnshī.,Chúng ta phải cứu vãn thiệt hại.
6,挽救,wǎnjiù,Cứu chữa,医生成功地挽救了病人的生命。,Yīshēng chénggōng de wǎnjiù le bìngrén de shēngmìng.,Bác sĩ đã cứu sống thành công bệnh nhân.
6,惋惜,wǎnxī,Tiếc nuối,我对他的去世感到非常惋惜。,Wǒ duì tā de qùshì gǎndào fēicháng wǎnxī.,Tôi rất tiếc về sự ra đi của anh ấy.
6,万分,wànfēn,Vô cùng,我们对他的帮助万分感激。,Wǒmen duì tā de bāngzhù wànfēn gǎnjī.,Chúng tôi rất biết ơn sự giúp đỡ của anh ấy.
6,往常,wǎngcháng,Thường ngày,他和往常一样，早早地起床了。,"Tā hé wǎngcháng yīyàng, zǎozǎo de qǐchuáng le.",Anh ấy thức dậy sớm như thường lệ.
6,网络,wǎngluò,Mạng lưới,网络让人们更方便地获取信息。,Wǎngluò ràng rénmen gèng fāngbiàn de huòqǔ xìnxī.,Internet giúp mọi người lấy thông tin dễ dàng hơn.
6,往事,wǎngshì,Chuyện cũ,往事历历在目。,Wǎngshì lìlì zài mù.,Những chuyện cũ vẫn còn rõ ràng trong tâm trí.
6,妄想,wàngxiǎng,Ảo tưởng,他总是妄想自己能中头奖。,Tā zǒngshì wàngxiǎng zìjǐ néng zhòng tóujiǎng.,Anh ấy luôn ảo tưởng rằng mình sẽ trúng giải độc đắc.
6,微不足道,wēibùzúdào,Không đáng kể,这个问题微不足道。,Zhège wèntí wēibùzúdào.,Vấn đề này không đáng kể.
6,威风,wēifēng,Uy phong,他的举动非常威风。,Tā de jǔdòng fēicháng wēifēng.,Hành động của anh ấy rất oai phong.
6,微观,wēiguān,Vi mô,我们需要从微观角度分析问题。,Wǒmen xūyào cóng wēiguān jiǎodù fēnxī wèntí.,Chúng ta cần phân tích vấn đề từ góc độ vi mô.
6,危机,wēijī,Khủng hoảng,公司正面临财务危机。,Gōngsī zhèng miànlín cáiwù wēijī.,Công ty đang đối mặt với khủng hoảng tài chính.
6,威力,wēilì,Uy lực,他的威力不容小觑。,Tā de wēilì bùróng xiǎo qù.,Sức mạnh của anh ấy không thể xem nhẹ.
6,威望,wēiwàng,Uy tín,他在公司中享有很高的威望。,Tā zài gōngsī zhōng xiǎngyǒu hěn gāo de wēiwàng.,Anh ấy có uy tín rất cao trong công ty.
6,威信,wēixìn,Uy tín,他在团队中有很高的威信。,Tā zài tuánduì zhōng yǒu hěn gāo de wēixìn.,Anh ấy có uy tín rất cao trong đội.
6,违背,wéibèi,Trái ngược,他的行为违背了公司的规定。,Tā de xíngwéi wéibèi le gōngsī de guīdìng.,Hành vi của anh ấy đã vi phạm quy định của công ty.
6,维持,wéichí,Duy trì,我们需要维持现状。,Wǒmen xūyào wéichí xiànzhuàng.,Chúng ta cần duy trì hiện trạng.
6,唯独,wéidú,"Chỉ có, duy nhất",唯独你能理解我。,Wéidú nǐ néng lǐjiě wǒ.,Chỉ có bạn mới hiểu được tôi.
6,为难,wéinán,Khó xử,他感到非常为难。,Tā gǎndào fēicháng wéinán.,Anh ấy cảm thấy rất khó xử.
6,为期,wéiqī,Kỳ hạn,这个项目为期三个月。,Zhège xiàngmù wéiqí sān gè yuè.,Dự án này kéo dài ba tháng.
6,维生素,wéishēngsù,Vitamin,多吃水果可以补充维生素。,Duō chī shuǐguǒ kěyǐ bǔchōng wéishēngsù.,Ăn nhiều trái cây có thể bổ sung vitamin.
6,为首,wéishǒu,Đứng đầu,他是这次活动的为首人物。,Tā shì zhè cì huódòng de wéishǒu rénwù.,Anh ấy là người đứng đầu của sự kiện lần này.
6,维修,wéixiū,Bảo dưỡng,我们需要定期维修设备。,Wǒmen xūyào dìngqī wéixiū shèbèi.,Chúng ta cần bảo trì thiết bị định kỳ.
6,委员,wěiyuán,Ủy viên,他是委员会的成员。,Tā shì wěiyuánhuì de chéngyuán.,Anh ấy là thành viên của ủy ban.
6,伪造,wěizào,Làm giả,他被指控伪造文件。,Tā bèi zhǐkòng wěizào wénjiàn.,Anh ấy bị cáo buộc làm giả tài liệu.
6,畏惧,wèijù,Sợ hãi,他对未知的事物感到畏惧。,Tā duì wèizhī de shìwù gǎndào wèijù.,Anh ấy sợ những điều chưa biết.
6,胃口,wèikǒu,Khẩu vị,他没有胃口吃饭。,Tā méiyǒu wèikǒu chīfàn.,Anh ấy không có cảm giác thèm ăn.
6,未免,wèimiǎn,"Quả là, hơi bị",这件事未免有些夸张。,Zhè jiàn shì wèimiǎn yǒuxiē kuāzhāng.,Việc này hơi phóng đại.
6,慰问,wèiwèn,Thăm hỏi,我们向灾区人民表示慰问。,Wǒmen xiàng zāiqū rénmín biǎoshì wèiwèn.,Chúng tôi gửi lời thăm hỏi đến người dân vùng thiên tai.
6,卫星,wèixīng,Vệ tinh,他们正在发射卫星。,Tāmen zhèngzài fāshè wèixīng.,Họ đang phóng vệ tinh.
6,位于,wèiyú,Nằm ở,公司位于市中心。,Gōngsī wèiyú shì zhōngxīn.,Công ty nằm ở trung tâm thành phố.
6,温带,wēndài,Vùng ôn đới,这个地区属于温带气候。,Zhège dìqū shǔyú wēndài qìhòu.,Khu vực này thuộc khí hậu ôn đới.
6,温和,wēnhé,Ôn hòa,他性格温和，很容易相处。,"Tā xìnggé wēnhé, hěn róngyì xiāngchǔ.","Anh ấy có tính cách hiền hòa, rất dễ gần."
6,文凭,wénpíng,Văn bằng,他有博士文凭。,Tā yǒu bóshì wénpíng.,Anh ấy có bằng tiến sĩ.
6,文物,wénwù,Văn vật,博物馆里展示了很多文物。,Bówùguǎn lǐ zhǎnshì le hěn duō wénwù.,Bảo tàng trưng bày rất nhiều hiện vật.
6,文献,wénxiàn,Tư liệu,这篇文章有很高的学术价值。,Zhè piān wénzhāng yǒu hěn gāo de xuéshù jiàzhí.,Bài viết này có giá trị học thuật cao.
6,文雅,wényǎ,Văn nhã,他的行为很文雅。,Tā de xíngwéi hěn wényǎ.,Hành động của anh ấy rất nhã nhặn.
6,文艺,wényì,Văn nghệ,这个文艺活动很受欢迎。,Zhège wényì huódòng hěn shòu huānyíng.,Hoạt động nghệ thuật này rất được ưa chuộng.
6,问世,wènshì,Ra đời,新书问世了。,Xīnshū wènshì le.,Quyển sách mới đã ra mắt.
6,窝,wō,"Tổ, ổ",小猫在窝里睡觉。,Xiǎomāo zài wō lǐ shuìjiào.,Con mèo nhỏ đang ngủ trong ổ.
6,乌黑,wūhēi,Đen như mực,她有一头乌黑的长发。,Tā yǒu yītóu wūhēi de chángfà.,Cô ấy có mái tóc dài đen tuyền.
6,污蔑,wūmiè,Vu khống,他被人污蔑了。,Tā bèi rén wūmiè le.,Anh ấy đã bị vu khống.
6,诬陷,wūxiàn,Vu cáo,他被同事诬陷了。,Tā bèi tóngshì wūxiàn le.,Anh ấy bị đồng nghiệp hãm hại.
6,无比,wúbǐ,Vô cùng,我无比高兴。,Wǒ wúbǐ gāoxìng.,Tôi vô cùng vui mừng.
6,无偿,wúcháng,Không bồi thường,这项服务是无偿的。,Zhè xiàng fúwù shì wúcháng de.,Dịch vụ này là miễn phí.
6,无耻,wúchǐ,Vô liêm sỉ,他的行为真无耻。,Tā de xíngwéi zhēn wúchǐ.,Hành vi của anh ấy thật vô liêm sỉ.
6,无从,wúcóng,Không thể nào,我对此无从下手。,Wǒ duì cǐ wúcóng xiàshǒu.,Tôi không biết bắt đầu từ đâu với việc này.
6,无动于衷,wúdòngyúzhōng,Không chút động lòng,他对这件事无动于衷。,Tā duì zhè jiàn shì wúdòngyúzhōng.,Anh ấy thờ ơ với việc này.
6,无非,wúfēi,"Chỉ là, chẳng qua là",这无非是个误会。,Zhè wúfēi shì gè wùhuì.,Đây chẳng qua chỉ là một sự hiểu lầm.
6,无精打采,wújīng dǎcǎi,Không có sức sống,他今天无精打采的。,Tā jīntiān wújīngdǎcǎi de.,Hôm nay anh ấy không có chút sức sống nào.
6,无可奉告,wúkě fènggào,Không có gì để nói,我无可奉告。,Wǒ wúkěfènggào.,Tôi không có gì để nói.
6,无可奈何,wúkě nàihé,Không còn cách nào khác,他们感到无可奈何。,Tāmen gǎndào wúkěnàihé.,Họ cảm thấy bất lực.
6,无赖,wúlài,Vô lại,他是个无赖。,Tā shì gè wúlài.,Anh ấy là một kẻ vô lại.
6,无理取闹,wúlǐ qǔnào,Gây sự vô lý,他无理取闹。,Tā wúlǐ qǔnào.,Anh ấy gây rối vô lý.
6,无能为力,wúnéng wéilì,Bất lực,我对此无能为力。,Wǒ duì cǐ wúnéngwéilì.,Tôi không thể làm gì về việc này.
6,无穷无尽,wúqióng wújìn,Vô cùng vô tận,这本书的内容无穷无尽。,Zhè běn shū de nèiróng wúqióngwújìn.,Nội dung của cuốn sách này vô tận.
6,无微不至,wúwēi bùzhì,"Tận tình, chu đáo",她对他无微不至地关怀。,Tā duì tā wúwēibùzhì de guānhuái.,Cô ấy chăm sóc anh ấy từng chút một.
6,无忧无虑,wúyōu wúlǜ,Vô lo vô nghĩ,小孩子应该无忧无虑地成长。,Xiǎo háizi yīnggāi wúyōuwúlǜ de chéngzhǎng.,Trẻ con nên lớn lên mà không phải lo lắng gì.
6,无知,wúzhī,Vô tri,他的无知让人吃惊。,Tā de wúzhī ràng rén chījīng.,Sự thiếu hiểu biết của anh ấy làm người ta ngạc nhiên.
6,舞蹈,wǔdǎo,Vũ đạo,她跳舞跳得很好。,Tā tiàowǔ tiào de hěn hǎo.,Cô ấy nhảy rất đẹp.
6,侮辱,wǔrǔ,Sỉ nhục,他说的话侮辱了我。,Tā shuō de huà wǔrǔ le wǒ.,Những lời anh ấy nói đã xúc phạm tôi.
6,武侠,wǔxiá,Võ hiệp,他喜欢看武侠小说。,Tā xǐhuān kàn wǔxiá xiǎoshuō.,Anh ấy thích đọc tiểu thuyết võ hiệp.
6,武装,wǔzhuāng,Trang bị vũ khí,士兵们武装起来。,Shìbīngmen wǔzhuāng qǐlái.,Các binh sĩ đã trang bị vũ khí.
6,勿,wù,"Đừng, chớ",请勿吸烟。,Qǐng wù xīyān.,Vui lòng không hút thuốc.
6,务必,wùbì,Nhất thiết phải,务必按时到达。,Wùbì ànshí dàodá.,Nhất định phải đến đúng giờ.
6,误差,wùchā,Sai số,这只是个小误差。,Zhè zhǐ shì gè xiǎo wùchā.,Đây chỉ là một sai lệch nhỏ.
6,误解,wùjiě,Hiểu lầm,我们之间有误解。,Wǒmen zhī jiān yǒu wùjiě.,Giữa chúng tôi có sự hiểu lầm.
6,物美价廉,wùměi jiàlián,Hàng tốt giá rẻ,这些商品物美价廉。,Zhèxiē shāngpǐn wùměijiàlián.,Những sản phẩm này vừa tốt vừa rẻ.
6,务实,wùshí,Thực tế,他是个务实的人。,Tā shì gè wùshí de rén.,Anh ấy là một người thực tế.
6,物资,wùzī,Vật tư,他们需要更多的物资。,Tāmen xūyào gèng duō de wùzī.,Họ cần thêm vật tư.
6,溪,xī,Suối,小溪的水很清澈。,Xiǎo xī de shuǐ hěn qīngchè.,Nước của dòng suối rất trong.
6,膝盖,xīgài,Đầu gối,我的膝盖受伤了。,Wǒ de xīgài shòushāng le.,Đầu gối của tôi bị thương rồi.
6,熄灭,xīmiè,Tắt,火熄灭了。,Huǒ xīmiè le.,Lửa đã tắt.
6,吸取,xīqǔ,Hấp thu,我从这本书中吸取了很多知识。,Wǒ cóng zhè běn shū zhōng xīqǔ le hěnduō zhīshi.,Tôi đã học được rất nhiều kiến thức từ cuốn sách này.
6,昔日,xīrì,Ngày xưa,他昔日是个大人物。,Tā xīrì shì gè dàrénwù.,Ngày trước anh ấy là một người quan trọng.
6,牺牲,xīshēng,Hy sinh,他为国家牺牲了。,Tā wèi guójiā xīshēng le.,Anh ấy đã hy sinh vì đất nước.
6,夕阳,xīyáng,Hoàng hôn,我喜欢看夕阳。,Wǒ xǐhuān kàn xīyáng.,Tôi thích ngắm hoàng hôn.
6,媳妇,xífù,Con dâu,她是我的媳妇。,Tā shì wǒ de xífù.,Cô ấy là con dâu của tôi.
6,袭击,xíjī,Tập kích,敌人突然袭击了我们。,Dírén tūrán xíjī le wǒmen.,Kẻ địch bất ngờ tấn công chúng tôi.
6,习俗,xísú,Tập tục,每个国家都有自己的习俗。,Měi gè guójiā dōu yǒu zìjǐ de xísú.,Mỗi quốc gia đều có phong tục riêng.
6,喜闻乐见,xǐwén lèjiàn,"Yêu thích, ưa chuộng",这部电影让人喜闻乐见。,Zhè bù diànyǐng ràng rén xǐwénlèjiàn.,Bộ phim này được mọi người yêu thích.
6,喜悦,xǐyuè,Vui vẻ,这个消息让他非常喜悦。,Zhège xiāoxi ràng tā fēicháng xǐyuè.,Tin tức này làm anh ấy rất vui.
6,细胞,xìbāo,Tế bào,细胞是生物的基本单位。,Xìbāo shì shēngwù de jīběn dānwèi.,Tế bào là đơn vị cơ bản của sinh vật.
6,细菌,xìjūn,Vi khuẩn,细菌会引起疾病。,Xìjūn huì yǐnqǐ jíbìng.,Vi khuẩn có thể gây ra bệnh tật.
6,系列,xìliè,"Loạt, chuỗi",这是一系列的活动。,Zhè shì yī xìliè de huódòng.,Đây là một loạt các hoạt động.
6,细致,xìzhì,Tỉ mỉ,这个工作需要非常细致。,Zhège gōngzuò xūyào fēicháng xìzhì.,Công việc này cần phải rất tỉ mỉ.
6,霞,xiá,"Ráng, hoàng hôn",傍晚的天空满是霞光。,Bàngwǎn de tiānkōng mǎn shì xiáguāng.,Trời chiều đầy ánh hoàng hôn.
6,狭隘,xiá'ài,Hẹp hòi,他思想很狭隘。,Tā sīxiǎng hěn xiá'ài.,Suy nghĩ của anh ấy rất hẹp hòi.
6,峡谷,xiágǔ,Hẻm núi,我们去探险峡谷。,Wǒmen qù tànxiǎn xiágǔ.,Chúng tôi đi thám hiểm hẻm núi.
6,狭窄,xiázhǎi,Hẹp,这条路很狭窄。,Zhè tiáo lù hěn xiázhǎi.,Con đường này rất hẹp.
6,夏令营,xiàlìngyíng,Trại hè,夏令营活动丰富多彩。,Xiàlìngyíng huódòng fēngfù duōcǎi.,Hoạt động trại hè rất phong phú và đa dạng.
6,下属,xiàshǔ,Cấp dưới,他是我的下属。,Tā shì wǒ de xiàshǔ.,Anh ấy là cấp dưới của tôi.
6,先进,xiānjìn,Tiên tiến,这是一项先进的技术。,Zhè shì yī xiàng xiānjìn de jìshù.,Đây là một công nghệ tiên tiến.
6,鲜明,xiānmíng,"Rõ ràng, sắc nét",他的观点很鲜明。,Tā de guāndiǎn hěn xiānmíng.,Quan điểm của anh ấy rất rõ ràng.
6,掀起,xiānqǐ,"Khởi động, bắt đầu",他掀起了一场革命。,Tā xiānqǐ le yī chǎng gémìng.,Anh ấy đã khởi xướng một cuộc cách mạng.
6,先前,xiānqián,Trước kia,先前的计划需要修改。,Xiānqián de jìhuà xūyào xiūgǎi.,Kế hoạch trước đây cần được chỉnh sửa.
6,纤维,xiānwéi,Sợi,蔬菜中含有丰富的纤维。,Shūcài zhōng hányǒu fēngfù de xiānwéi.,Rau chứa nhiều chất xơ.
6,弦,xián,Dây đàn,吉他有六根弦。,Jítā yǒu liù gēn xián.,Đàn guitar có sáu dây.
6,嫌,xián,Ghét,我对他的行为感到很嫌。,Wǒ duì tā de xíngwéi gǎndào hěn xián.,Tôi cảm thấy rất ghét hành vi của anh ấy.
6,闲话,xiánhuà,"Lời đồn, chuyện tào lao",闲话少说，开始工作吧。,"Xiánhuà shǎo shuō, kāishǐ gōngzuò ba.","Đừng nói nhiều, bắt đầu làm việc đi."
6,贤惠,xiánhuì,"Hiền lành, đức hạnh",她是个贤惠的妻子。,Tā shì gè xiánhuì de qīzi.,Cô ấy là một người vợ hiền lành.
6,衔接,xiánjiē,Nối tiếp,这两段代码需要衔接。,Zhè liǎng duàn dàimǎ xūyào xiánjiē.,Hai đoạn mã này cần được kết nối.
6,嫌疑,xiányí,Nghi ngờ,他有嫌疑。,Tā yǒu xiányí.,Anh ấy có nghi ngờ.
6,显著,xiǎnzhù,Rõ rệt,这个词语在文章中显得很显著。,Zhège cíyǔ zài wénzhāng zhōng xiǎnde hěn xiǎnzhù.,Từ này nổi bật trong bài viết.
6,现场,xiànchǎng,Hiện trường,这个地方是事故现场。,Zhège dìfāng shì shìgù xiànchǎng.,Đây là hiện trường của vụ tai nạn.
6,现成,xiànchéng,Có sẵn,这个方案已经现成了。,Zhège fāng'àn yǐjīng xiànchéng le.,Kế hoạch này đã sẵn sàng.
6,宪法,xiànfǎ,Hiến pháp,我们必须遵守宪法。,Wǒmen bìxū zūnshǒu xiànfǎ.,Chúng ta phải tuân thủ hiến pháp.
6,陷害,xiànhài,Hãm hại,他被人陷害了。,Tā bèi rén xiànhài le.,Anh ấy đã bị người khác hãm hại.
6,馅儿,xiànr,Nhân (bánh),我喜欢吃馅儿饼。,Wǒ xǐhuān chī xiànr bǐng.,Tôi thích ăn bánh nhân.
6,陷入,xiànrù,Rơi vào,她陷入了困境。,Tā xiànrù le kùnjìng.,Cô ấy rơi vào hoàn cảnh khó khăn.
6,线索,xiànsuǒ,Manh mối,我们找到了一些线索。,Wǒmen zhǎodào le yīxiē xiànsuǒ.,Chúng tôi đã tìm thấy một số manh mối.
6,现状,xiànzhuàng,Tình hình hiện tại,我们需要了解现状。,Wǒmen xūyào liǎojiě xiànzhuàng.,Chúng tôi cần hiểu rõ tình hình hiện tại.
6,相差,xiāngchà,Chênh lệch,他们之间的相差很大。,Tāmen zhī jiān de xiāngchā hěn dà.,Giữa họ có sự chênh lệch rất lớn.
6,相等,xiāngděng,Tương đương,他们两个人相等。,Tāmen liǎng gè rén xiāngděng.,Hai người họ ngang nhau.
6,相辅相成,xiāngfǔ xiāngchéng,Bổ trợ lẫn nhau,理论和实践应该相辅相成。,Lǐlùn hé shíjiàn yīnggāi xiāngfǔxiāngchéng.,Lý thuyết và thực hành nên bổ trợ cho nhau.
6,镶嵌,xiāngqiàn,Khảm nạm,墙上镶嵌着美丽的瓷砖。,Qiáng shàng xiāngqiàn zhe měilì de cízhuān.,Trên tường có gắn những viên gạch men đẹp.
6,相应,xiāngyìng,Tương ứng,我们需要采取相应的措施。,Wǒmen xūyào cǎiqǔ xiāngyìng de cuòshī.,Chúng ta cần áp dụng các biện pháp tương ứng.
6,乡镇,xiāngzhèn,Thị trấn,他来自一个小乡镇。,Tā láizì yī gè xiǎo xiāngzhèn.,Anh ấy đến từ một thị trấn nhỏ.
6,想方设法,xiǎngfāng shèfǎ,Tìm mọi cách,我们需要想方设法解决问题。,Wǒmen xūyào xiǎngfāngshèfǎ jiějué wèntí.,Chúng ta cần tìm mọi cách để giải quyết vấn đề.
6,响亮,xiǎngliàng,Vang dội,他的声音很响亮。,Tā de shēngyīn hěn xiǎngliàng.,Giọng của anh ấy rất to và rõ.
6,响应,xiǎngyìng,Ứng đáp,我们要积极响应号召。,Wǒmen yào jījí xiǎngyìng hàozhào.,Chúng ta phải tích cực hưởng ứng lời kêu gọi.
6,巷,xiàng,Hẻm,这条巷子很窄。,Zhè tiáo xiàngzi hěn zhǎi.,Con hẻm này rất hẹp.
6,项,xiàng,Hạng mục,这个项链很漂亮。,Zhège xiàngliàn hěn piàoliang.,Chiếc vòng cổ này rất đẹp.
6,向导,xiàngdǎo,Hướng dẫn viên,他是我们的向导。,Tā shì wǒmen de xiàngdǎo.,Anh ấy là người hướng dẫn của chúng tôi.
6,向来,xiànglái,Từ trước đến nay,他向来很守时。,Tā xiànglái hěn shǒushí.,Anh ấy luôn luôn đúng giờ.
6,向往,xiàngwǎng,"Hướng về, khao khát",她向往自由的生活。,Tā xiàngwǎng zìyóu de shēnghuó.,Cô ấy mong ước một cuộc sống tự do.
6,消除,xiāochú,Loại bỏ,我们需要消除误解。,Wǒmen xūyào xiāochú wùjiě.,Chúng ta cần xóa bỏ hiểu lầm.
6,消毒,xiāodú,Khử trùng,他在消毒伤口。,Tā zài xiāodú shāngkǒu.,Anh ấy đang khử trùng vết thương.
6,消防,xiāofáng,Phòng cháy chữa cháy,他们在进行消防演习。,Tāmen zài jìnxíng xiāofáng yǎnxí.,Họ đang tiến hành diễn tập cứu hỏa.
6,消耗,xiāohào,Tiêu hao,这个机器消耗很多电。,Zhège jīqì xiāohào hěnduō diàn.,Cái máy này tiêu thụ rất nhiều điện.
6,销毁,xiāohuǐ,Tiêu hủy,这份文件已经被销毁了。,Zhè fèn wénjiàn yǐjīng bèi xiāohuǐ le.,Tài liệu này đã bị hủy.
6,消极,xiāojí,Tiêu cực,他对生活感到消极。,Tā duì shēnghuó gǎndào xiāojí.,Anh ấy cảm thấy tiêu cực về cuộc sống.
6,小气,xiǎoqì,Keo kiệt,他很小气，从不请客。,"Tā hěn xiǎoqì, cóng bù qǐngkè.","Anh ấy rất keo kiệt, chưa bao giờ mời ai."
6,小心翼翼,xiǎoxīn yìyì,Cẩn thận từng chút,她做事总是小心翼翼。,Tā zuòshì zǒng shì xiǎoxīnyìyì.,Cô ấy luôn làm việc rất cẩn thận.
6,孝顺,xiàoshùn,Hiếu thảo,孝顺是中华民族的传统美德。,Xiàoshùn shì Zhōnghuá mínzú de chuántǒng měidé.,Hiếu thảo là đức tính truyền thống của dân tộc Trung Hoa.
6,肖像,xiàoxiàng,Chân dung,这是一幅肖像画。,Zhè shì yī fú xiàoxiàng huà.,Đây là một bức tranh chân dung.
6,效益,xiàoyì,Hiệu quả và lợi ích,这个项目的效益很好。,Zhège xiàngmù de xiàoyì hěn hǎo.,Hiệu quả của dự án này rất tốt.
6,携带,xiédài,Mang theo,请随身携带护照。,Qǐng suíshēn xiédài hùzhào.,Vui lòng mang theo hộ chiếu.
6,协会,xiéhuì,Hiệp hội,他是这个协会的成员。,Tā shì zhège xiéhuì de chéngyuán.,Anh ấy là thành viên của hiệp hội này.
6,协商,xiéshāng,Hiệp thương,我们需要协商解决这个问题。,Wǒmen xūyào xiéshāng jiějué zhège wèntí.,Chúng ta cần thỏa thuận để giải quyết vấn đề này.
6,协议,xiéyì,Thỏa thuận,双方签署了协议。,Shuāngfāng qiānshǔ le xiéyì.,Hai bên đã ký kết thỏa thuận.
6,协助,xiézhù,Hỗ trợ,他协助我们完成了任务。,Tā xiézhù wǒmen wánchéng le rènwù.,Anh ấy đã giúp đỡ chúng tôi hoàn thành nhiệm vụ.
6,写作,xiězuò,Viết văn,她喜欢写作。,Tā xǐhuān xiězuò.,Cô ấy thích viết lách.
6,屑,xiè,Mảnh vụn,这点小事不值一提，真是鸡毛蒜皮的屑事。,"Zhè diǎn xiǎoshì bù zhí yī tí, zhēn shì jīmáosuànpí de xièshì.","Chuyện nhỏ này không đáng nhắc tới, thực sự chỉ là chuyện vặt vãnh."
6,谢绝,xièjué,Từ chối,谢绝推销。,Xièjué tuīxiāo.,Từ chối tiếp thị.
6,泄露,xièlòu,Rò rỉ,请不要泄露秘密。,Qǐng bùyào xièlòu mìmì.,Xin đừng tiết lộ bí mật.
6,泄气,xièqì,Mất tinh thần,他遇到困难时不泄气。,Tā yùdào kùnnán shí bù xièqì.,Anh ấy không nản chí khi gặp khó khăn.
6,新陈代谢,xīnchéndàixiè,Sự trao đổi chất,新陈代谢对健康很重要。,Xīnchéndàixiè duì jiànkāng hěn zhòngyào.,Quá trình trao đổi chất rất quan trọng đối với sức khỏe.
6,心得,xīndé,Điều tâm đắc,我写了一篇关于教学心得的文章。,Wǒ xiě le yī piān guānyú jiàoxué xīndé de wénzhāng.,Tôi đã viết một bài về kinh nghiệm giảng dạy.
6,新郎,xīnláng,Chú rể,新郎和新娘站在一起。,Xīnláng hé xīnniáng zhàn zài yīqǐ.,Chú rể và cô dâu đứng cạnh nhau.
6,心灵,xīnlíng,Tâm hồn,他的心灵非常纯洁。,Tā de xīnlíng fēicháng chúnjié.,Tâm hồn của anh ấy rất thuần khiết.
6,新娘,xīnniáng,Cô dâu,新娘穿着美丽的婚纱。,Xīnniáng chuānzhuó měilì de hūnshā.,Cô dâu mặc chiếc váy cưới đẹp
6,辛勤,xīnqín,Chăm chỉ,辛勤劳动换来好收成。,Xīnqín láodòng huàn lái hǎo shōuchéng.,Lao động chăm chỉ đem lại thu hoạch tốt.
6,薪水,xīnshuǐ,Lương,公司每月发放薪水。,Gōngsī měi yuè fāfàng xīnshuǐ.,Công ty phát lương hàng tháng.
6,心态,xīntài,Tâm lý,保持积极的心态很重要。,Bǎochí jījí de xīntài hěn zhòngyào.,Giữ thái độ tích cực rất quan trọng.
6,心疼,xīnténg,Thương xót,看到孩子受伤，他心疼不已。,"Kàn dào háizi shòushāng, tā xīnténg bùyǐ.","Nhìn thấy con bị thương, anh ấy đau lòng không ngừng."
6,欣慰,xīnwèi,Vui mừng và an ủi,他对此结果感到欣慰。,Tā duì cǐ jiéguǒ gǎndào xīnwèi.,Anh ấy cảm thấy hài lòng với kết quả này.
6,欣欣向荣,xīnxīn xiàngróng,"Thịnh vượng, phát triển mạnh",社会经济欣欣向荣。,Shèhuì jīngjì xīnxīnxiàngróng.,Nền kinh tế xã hội phát triển mạnh mẽ.
6,心血,xīnxuè,Tâm huyết,他为这个项目投入了很多心血。,Tā wèi zhège xiàngmù tóurù le hěnduō xīnxuè.,Anh ấy đã đổ nhiều tâm huyết vào dự án này.
6,心眼儿,xīnyǎnr,"Tâm ý, tấm lòng",他心眼儿好，总是帮助别人。,"Tā xīnyǎnr hǎo, zǒng shì bāngzhù biérén.","Anh ấy tốt bụng, luôn giúp đỡ người khác."
6,新颖,xīnyǐng,Mới mẻ,这件设计非常新颖。,Zhè jiàn shèjì fēicháng xīnyǐng.,Thiết kế này rất mới mẻ.
6,信赖,xìnlài,Tin cậy,我非常信赖他的能力。,Wǒ fēicháng xìnlài tā de nénglì.,Tôi rất tin tưởng vào khả năng của anh ấy.
6,信念,xìnniàn,Niềm tin,信念是人生的支柱。,Xìnniàn shì rénshēng de zhīzhù.,Niềm tin là trụ cột của cuộc sống.
6,信仰,xìnyǎng,Tín ngưỡng,他信仰基督教。,Tā xìnyǎng Jīdūjiào.,Anh ấy theo đạo Thiên Chúa.
6,信誉,xìnyù,Uy tín,这个品牌的信誉很好。,Zhège pǐnpái de xìnyù hěn hǎo.,Uy tín của thương hiệu này rất tốt.
6,腥,xīng,Tanh,鱼的腥味很重。,Yú de xīngwèi hěn zhòng.,Mùi tanh của cá rất nặng.
6,兴高采烈,xìnggāo cǎiliè,Phấn khởi,孩子们兴高采烈地玩耍。,Háizimen xìnggāocǎiliè de wánshuǎ.,Lũ trẻ chơi đùa vui vẻ.
6,兴隆,xīnglóng,Thịnh vượng,这个市场非常兴隆。,Zhège shìchǎng fēicháng xīnglóng.,Chợ này rất phồn thịnh.
6,兴旺,xīngwàng,Phát đạt,他经营的生意非常兴旺。,Tā jīngyíng de shēngyì fēicháng xīngwàng.,Việc kinh doanh của anh ấy rất thịnh vượng.
6,刑事,xíngshì,Hình sự,他因刑事犯罪被判刑。,Tā yīn xíngshì fànzuì bèi pànxíng.,Anh ấy bị kết án vì tội hình sự.
6,形态,xíngtài,Hình thái,这种植物有独特的形态。,Zhè zhǒng zhíwù yǒu dútè de xíngtài.,Loại cây này có hình thái độc đáo.
6,行政,xíngzhèng,Hành chính,他在行政部门工作。,Tā zài xíngzhèng bùmén gōngzuò.,Anh ấy làm việc trong bộ phận hành chính.
6,性感,xìnggǎn,Gợi cảm,这位明星很性感。,Zhè wèi míngxīng hěn xìnggǎn.,Ngôi sao này rất quyến rũ.
6,幸好,xìnghǎo,May thay,幸好他及时赶到。,Xìnghǎo tā jíshí gǎndào.,May mắn là anh ấy đã đến kịp thời.
6,性命,xìngmìng,Tính mạng,他的性命得到了挽救。,Tā de xìngmìng dédào le wǎnjiù.,Mạng sống của anh ấy đã được cứu.
6,性能,xìngnéng,Tính năng,这台机器的性能很好。,Zhè tái jīqì de xìngnéng hěn hǎo.,Hiệu suất của máy này rất tốt.
6,性情,xìngqíng,Tính tình,他的性情很温和。,Tā de xìngqíng hěn wēnhé.,Tính cách của anh ấy rất hiền lành.
6,兴致勃勃,xìngzhì bóbó,"Hăng hái, say mê",他对这个活动兴致勃勃。,Tā duì zhège huódòng xìngzhìbóbó.,Anh ấy rất hào hứng với hoạt động này.
6,凶恶,xiōng'è,Hung ác,他的眼神很凶恶。,Tā de yǎnshén hěn xiōng'è.,Ánh mắt của anh ấy rất dữ tợn.
6,胸怀,xiōnghuái,"Lòng dạ, tâm hồn",他有宽广的胸怀。,Tā yǒu kuānguǎng de xiōnghuái.,Anh ấy có tấm lòng rộng rãi.
6,凶手,xiōngshǒu,Hung thủ,警察抓住了凶手。,Jǐngchá zhuāzhù le xiōngshǒu.,Cảnh sát đã bắt được kẻ giết người.
6,胸膛,xiōngtáng,Ngực,他挺起了胸膛。,Tā tǐngqǐ le xiōngtáng.,Anh ấy ưỡn ngực lên.
6,雄厚,xiónghòu,Hùng hậu,公司的资金雄厚。,Gōngsī de zījīn xiónghòu.,Vốn của công ty rất dồi dào.
6,羞耻,xiūchǐ,Xấu hổ,他感到非常羞耻。,Tā gǎndào fēicháng xiūchǐ.,Anh ấy cảm thấy rất xấu hổ.
6,修复,xiūfù,"Sửa chữa, phục hồi",这座古建筑得到了修复。,Zhè zuò gǔ jiànzhú dédào le xiūfù.,Công trình kiến trúc cổ này đã được tu sửa.
6,修建,xiūjiàn,Xây dựng,他们在修建新学校。,Tāmen zài xiūjiàn xīn xuéxiào.,Họ đang xây dựng trường học mới.
6,修理,xiūlǐ,Sửa chữa,我的自行车需要修理。,Wǒ de zìxíngchē xūyào xiūlǐ.,Xe đạp của tôi cần sửa chữa.
6,修养,xiūyǎng,Tu dưỡng,他很注重自己的修养。,Tā hěn zhùzhòng zìjǐ de xiūyǎng.,Anh ấy rất chú trọng tu dưỡng bản thân.
6,绣,xiù,Thêu,她在手帕上绣了花。,Tā zài shǒupà shàng xiù le huā.,Cô ấy đã thêu hoa lên chiếc khăn tay.
6,嗅觉,xiùjué,Khứu giác,狗的嗅觉非常灵敏。,Gǒu de xiùjué fēicháng língmǐn.,Khứu giác của chó rất nhạy bén.
6,虚假,xūjiǎ,Giả dối,这个故事有些虚假。,Zhège gùshì yǒuxiē xūjiǎ.,Câu chuyện này có phần giả dối.
6,需求,xūqiú,Nhu cầu,公司的需求不断增加。,Gōngsī de xūqiú bùduàn zēngjiā.,Nhu cầu của công ty không ngừng tăng lên.
6,虚荣,xūróng,Hư vinh,他有点虚荣。,Tā yǒudiǎn xūróng.,Anh ấy hơi phù phiếm.
6,虚伪,xūwěi,Giả tạo,我讨厌虚伪的人。,Wǒ tǎoyàn xūwěi de rén.,Tôi ghét những người giả dối.
6,须知,xūzhī,Cần biết,申请表上有须知。,Shēnqǐng biǎo shàng yǒu xūzhī.,Trên mẫu đơn có hướng dẫn.
6,许可,xǔkě,Cho phép,这个活动需要得到许可。,Zhège huódòng xūyào dédào xǔkě.,Hoạt động này cần được cấp phép.
6,酗酒,xùjiǔ,Nghiện rượu,他酗酒成性。,Tā xùjiǔ chéng xìng.,Anh ấy nghiện rượu.
6,畜牧,xùmù,Chăn nuôi,这个地区以畜牧业为主。,Zhège dìqū yǐ xùmùyè wéi zhǔ.,Khu vực này chủ yếu là chăn nuôi.
6,序言,xùyán,Lời nói đầu,序言部分很重要。,Xùyán bùfèn hěn zhòngyào.,Phần lời tựa rất quan trọng.
6,宣誓,xuānshì,Tuyên thệ,他在法庭上宣誓。,Tā zài fǎtíng shàng xuānshì.,Anh ấy tuyên thệ tại tòa án.
6,宣扬,xuānyáng,Tuyên truyền,他们在宣扬新政策。,Tāmen zài xuānyáng xīn zhèngcè.,Họ đang tuyên truyền chính sách mới.
6,悬挂,xuánguà,Treo,我在墙上悬挂了一幅画。,Wǒ zài qiáng shàng xuánguà le yī fú huà.,Tôi đã treo một bức tranh lên tường.
6,旋律,xuánlǜ,Giai điệu,这首歌的旋律很优美。,Zhè shǒu gē de xuánlǜ hěn yōuměi.,Giai điệu của bài hát này rất đẹp.
6,悬念,xuánniàn,Lo lắng,他一直在悬念结局。,Tā yīzhí zài xuánniàn jiéjú.,Anh ấy luôn hồi hộp về kết cục.
6,悬崖峭壁,xuányá qiàobì,Vách đá cheo leo,山峰悬崖峭壁。,Shānfēng xuányá qiàobì.,Đỉnh núi cheo leo hiểm trở.
6,旋转,xuánzhuǎn,"Quay, xoay",这个玩具可以旋转。,Zhège wánjù kěyǐ xuánzhuǎn.,Đồ chơi này có thể xoay.
6,选拔,xuǎnbá,Tuyển chọn,我们正在选拔人才。,Wǒmen zhèngzài xuǎnbá réncái.,Chúng tôi đang tuyển chọn nhân tài.
6,选手,xuǎnshǒu,Tuyển thủ,他是一位优秀的选手。,Tā shì yī wèi yōuxiù de xuǎnshǒu.,Anh ấy là một vận động viên xuất sắc.
6,削弱,xuēruò,Suy yếu,他们的力量被削弱了。,Tāmen de lìliàng bèi xuēruò le.,Sức mạnh của họ đã bị suy yếu.
6,学历,xuélì,Trình độ học vấn,她的学历很高。,Tā de xuélì hěn gāo.,Trình độ học vấn của cô ấy rất cao.
6,学说,xuéshuō,Học thuyết,这是一个新的学说。,Zhè shì yī gè xīn de xuéshuō.,Đây là một học thuyết mới.
6,学位,xuéwèi,Học vị,他获得了硕士学位。,Tā huòdé le shuòshì xuéwèi.,Anh ấy đã nhận được bằng thạc sĩ.
6,雪上加霜,xuěshàng jiāshuāng,Tuyết trên sương,他的情况真是雪上加霜。,Tā de qíngkuàng zhēn shì xuěshàngjiāshuāng.,Tình trạng của anh ấy thực sự là khó khăn chồng chất.
6,血压,xuèyā,Huyết áp,他的血压很高。,Tā de xuèyā hěn gāo.,Huyết áp của anh ấy rất cao.
6,熏陶,xūntáo,"Đào tạo, hun đúc",孩子们在家长的熏陶下成长。,Háizimen zài jiāzhǎng de xūntáo xià chéngzhǎng.,Trẻ em lớn lên dưới sự dạy dỗ của cha mẹ.
6,循环,xúnhuán,Tuần hoàn,这个过程是一个循环。,Zhège guòchéng shì yī gè xúnhuán.,Quá trình này là một chu trình.
6,巡逻,xúnluó,Tuần tra,警察正在巡逻。,Jǐngchá zhèngzài xúnluó.,Cảnh sát đang tuần tra.
6,寻觅,xúnmì,Tìm kiếm,他正在寻觅新的机会。,Tā zhèngzài xúnmì xīn de jīhuì.,Anh ấy đang tìm kiếm cơ hội mới.
6,循序渐进,xúnxù jiànjìn,Tiến hành tuần tự,学习需要循序渐进。,Xuéxí xūyào xúnxùjiànjìn.,Việc học cần tiến bộ từng bước.
6,押金,yājīn,Tiền đặt cọc,交房时需要交押金。,Jiāo fáng shí xūyào jiāo yājīn.,Khi nhận nhà cần đặt cọc.
6,压迫,yāpò,Áp bức,他感到受到压迫。,Tā gǎndào shòudào yāpò.,Anh ấy cảm thấy bị áp bức.
6,压岁钱,yāsuìqián,Tiền lì xì,过年时孩子们会收到压岁钱。,Guònián shí háizimen huì shōudào yāsuìqián.,Trẻ em sẽ nhận được tiền mừng tuổi vào dịp Tết.
6,压缩,yāsuō,Nén,我们需要压缩文件大小。,Wǒmen xūyào yāsuō wénjiàn dàxiǎo.,Chúng ta cần nén kích thước tệp tin.
6,压抑,yāyì,Ức chế,他感到非常压抑。,Tā gǎndào fēicháng yāyì.,Anh ấy cảm thấy rất bị đè nén.
6,压榨,yāzhà,"Ép, bóc lột",我们不能压榨员工。,Wǒmen bùnéng yāzhà yuángōng.,Chúng ta không thể bóc lột nhân viên.
6,压制,yāzhì,Kìm hãm,他被压制住了。,Tā bèi yāzhì zhù le.,Anh ấy đã bị đàn áp.
6,亚军,yàjūn,Á quân,她赢得了亚军。,Tā yíngdé le yàjūn.,Cô ấy đã giành được giải á quân.
6,烟花爆竹,yānhuā bàozhú,Pháo hoa,过年时，我们喜欢放烟花爆竹。,"Guònián shí, wǒmen xǐhuān fàng yānhuā bàozhú.","Vào dịp Tết, chúng tôi thích đốt pháo hoa."
6,淹没,yānmò,Nhấn chìm,洪水淹没了村庄。,Hóngshuǐ yānmò le cūnzhuāng.,Lũ lụt đã nhấn chìm ngôi làng.
6,沿海,yánhǎi,Ven biển,这个城市沿海。,Zhège chéngshì yánhǎi.,Thành phố này ven biển.
6,严寒,yánhán,Lạnh giá,这里的冬天非常严寒。,Zhèlǐ de dōngtiān fēicháng yánhán.,Mùa đông ở đây rất lạnh.
6,严禁,yánjìn,Cấm tuyệt đối,严禁吸烟。,Yánjìn xīyān.,Cấm hút thuốc.
6,严峻,yánjùn,Nghiêm trọng,他面临严峻的挑战。,Tā miànlín yánjùn de tiǎozhàn.,Anh ấy đối mặt với thử thách nghiêm trọng.
6,严厉,yánlì,Nghiêm khắc,老师对学生非常严厉。,Lǎoshī duì xuéshēng fēicháng yánlì.,Giáo viên rất nghiêm khắc với học sinh.
6,言论,yánlùn,Ngôn luận,我们要尊重言论自由。,Wǒmen yào zūnzhòng yánlùn zìyóu.,Chúng ta phải tôn trọng tự do ngôn luận.
6,严密,yánmì,Kín đáo,我们需要对这个问题进行严密分析。,Wǒmen xūyào duì zhège wèntí jìnxíng yánmì fēnxī.,Chúng ta cần phân tích kỹ lưỡng vấn đề này.
6,延期,yánqī,Gia hạn,会议延期了。,Huìyì yánqī le.,Cuộc họp đã bị hoãn lại.
6,炎热,yánrè,Nóng bức,炎热的夏天让人难以忍受。,Yánrè de xiàtiān ràng rén nányǐ rěnshòu.,Mùa hè nóng bức làm cho con người khó chịu nổi.
6,延伸,yánshēn,Mở rộng,河流延伸到远方。,Héliú yánshēn dào yuǎnfāng.,Con sông kéo dài đến phương xa.
6,岩石,yánshí,Đá,岩石非常坚硬。,Yánshí fēicháng jiānyìng.,Đá rất cứng.
6,延续,yánxù,Tiếp tục,这个传统延续了几百年。,Zhège chuántǒng yánxùle jǐ bǎi nián.,Truyền thống này đã được duy trì trong vài trăm năm.
6,演变,yǎnbiàn,Diễn biến,动物的形态会随着时间演变。,Dòngwù de xíngtài huì suízhe shíjiān yǎnbiàn.,Hình thái của động vật sẽ thay đổi theo thời gian.
6,掩盖,yǎngài,Che đậy,他试图掩盖自己的错误。,Tā shìtú yǎngài zìjǐ de cuòwù.,Anh ta cố gắng che đậy lỗi lầm của mình.
6,眼光,yǎnguāng,Ánh mắt,她的眼光非常独到。,Tā de yǎnguāng fēicháng dúdào.,Ánh mắt của cô ấy rất độc đáo.
6,掩护,yǎnhù,Che chở,士兵们互相掩护。,Shìbīngmen hùxiāng yǎnhù.,Các binh sĩ bảo vệ lẫn nhau.
6,演讲,yǎnjiǎng,Diễn thuyết,他的演讲非常精彩。,Tā de yǎnjiǎng fēicháng jīngcǎi.,Bài diễn thuyết của anh ấy rất xuất sắc.
6,眼色,yǎnsè,"Ánh mắt, ý tứ",她给了他一个眼色。,Tā gěile tā yī gè yǎnsè.,Cô ấy đã ra hiệu cho anh ta bằng ánh mắt.
6,眼神,yǎnshén,Thần thái ánh mắt,他的眼神透露出悲伤。,Tā de yǎnshén tòulù chū bēishāng.,Ánh mắt của anh ấy bộc lộ nỗi buồn.
6,掩饰,yǎnshì,Che giấu,她努力掩饰自己的情绪。,Tā nǔlì yǎnshì zìjǐ de qíngxù.,Cô ấy cố gắng che giấu cảm xúc của mình.
6,演习,yǎnxí,Diễn tập,他们正在进行军事演习。,Tāmen zhèngzài jìnxíng jūnshì yǎnxí.,Họ đang tiến hành diễn tập quân sự.
6,眼下,yǎnxià,Trước mắt,眼下我们需要一个计划。,Yǎnxià wǒmen xūyào yī gè jìhuà.,Hiện tại chúng ta cần một kế hoạch.
6,演绎,yǎnyì,Diễn giải,他把小说演绎得非常精彩。,Tā bǎ xiǎoshuō yǎnyì dé fēicháng jīngcǎi.,Anh ta diễn giải tiểu thuyết một cách rất hay.
6,演奏,yǎnzòu,Diễn tấu,她在钢琴上演奏了一首优美的曲子。,Tā zài gāngqín shàng yǎnzòule yī shǒu yōuměi de qǔzi.,Cô ấy chơi một bản nhạc đẹp trên piano.
6,验收,yànshōu,Kiểm tra và nhận,这个产品已经通过了验收。,Zhège chǎnpǐn yǐjīng tōngguòle yànshōu.,Sản phẩm này đã qua kiểm tra nghiệm thu.
6,厌恶,yànwù,Ghét,他对这种行为感到厌恶。,Tā duì zhè zhǒng xíngwéi gǎndào yànwù.,Anh ta cảm thấy ghê tởm với hành vi này.
6,验证,yànzhèng,Xác minh,这个方法需要进一步验证。,Zhège fāngfǎ xūyào jìnyībù yànzhèng.,Phương pháp này cần được kiểm chứng thêm.
6,氧气,yǎngqì,Oxy,植物需要氧气才能生长。,Zhíwù xūyào yǎngqì cáinéng shēngzhǎng.,Thực vật cần oxy để phát triển.
6,样品,yàngpǐn,Mẫu hàng,实验室里有很多样品。,Shíyànshì lǐ yǒu hěnduō yàngpǐn.,Trong phòng thí nghiệm có nhiều mẫu vật.
6,摇摆,yáobǎi,Đung đưa,树枝在风中摇摆。,Shùzhī zài fēng zhōng yáobǎi.,Cành cây đung đưa trong gió.
6,摇滚,yáogǔn,Nhạc rock,我喜欢听摇滚音乐。,Wǒ xǐhuān tīng yáogǔn yīnyuè.,Tôi thích nghe nhạc rock.
6,摇晃,yáohuàng,Lắc lư,地震使房屋摇晃。,Dìzhèn shǐ fángwū yáohuǎng.,Động đất làm nhà cửa rung lắc.
6,遥控,yáokòng,Điều khiển từ xa,他们用遥控器操作电视。,Tāmen yòng yáokòngqì cāozuò diànshì.,Họ dùng điều khiển từ xa để điều khiển TV.
6,谣言,yáoyán,Tin đồn,不要相信那些谣言。,Bùyào xiāngxìn nàxiē yáoyán.,Đừng tin vào những tin đồn đó.
6,遥远,yáoyuǎn,Xa xôi,她住在一个遥远的村庄。,Tā zhù zài yīgè yáoyuǎn de cūnzhuāng.,Cô ấy sống ở một ngôi làng xa xôi.
6,咬牙切齿,yǎoyá qièchǐ,Nghiến răng kèn kẹt,他咬牙切齿地说出了真相。,Tā yǎoyá qièchǐ de shuōchūle zhēnxiàng.,Anh ta nghiến răng nghiến lợi nói ra sự thật.
6,要不然,yàobùrán,Nếu không thì,我们需要快点走，要不然就迟到了。,"Wǒmen xūyào kuài diǎn zǒu, yàobùrán jiù chídàole.","Chúng ta cần đi nhanh lên, nếu không sẽ trễ."
6,要点,yàodiǎn,Điểm quan trọng,他解释了几个要点。,Tā jiěshìle jǐ gè yàodiǎn.,Anh ta đã giải thích một vài điểm chính.
6,要命,yàomìng,Chết người,这种情况要命。,Zhè zhǒng qíngkuàng yàomìng.,Tình huống này thật chết người.
6,要素,yàosù,Yếu tố,这是一个成功的要素。,Zhè shì yīgè chénggōng de yàosù.,Đây là một yếu tố thành công.
6,耀眼,yàoyǎn,Chói mắt,太阳光芒耀眼。,Tàiyáng guāngmáng yàoyǎn.,Ánh mặt trời chói mắt.
6,野蛮,yěmán,Man rợ,他的行为非常野蛮。,Tā de xíngwéi fēicháng yěmán.,Hành vi của anh ta rất man rợ.
6,野心,yěxīn,Tham vọng,他有很大的野心。,Tā yǒu hěn dà de yěxīn.,Anh ta có tham vọng lớn.
6,依次,yīcì,Lần lượt,我们依次进入房间。,Wǒmen yīcì jìnrù fángjiān.,Chúng tôi lần lượt vào phòng.
6,一度,yīdù,Đã từng,我们一度认为他会成功。,Wǒmen yīdù rènwéi tā huì chénggōng.,Chúng tôi từng nghĩ rằng anh ta sẽ thành công.
6,一帆风顺,yīfān fēngshùn,Thuận buồm xuôi gió,他希望自己的一生一帆风顺。,Tā xīwàng zìjǐ de yīshēng yīfān fēngshùn.,Anh ấy hy vọng cuộc đời mình sẽ thuận buồm xuôi gió.
6,一贯,yīguàn,Trước sau như một,他一贯都很努力。,Tā yīguàn dōu hěn nǔlì.,Anh ấy luôn luôn rất chăm chỉ.
6,依旧,yījiù,Vẫn như cũ,她依旧美丽。,Tā yījiù měilì.,Cô ấy vẫn xinh đẹp như xưa.
6,一举两得,yījǔ liǎngdé,Một công đôi việc,我们可以一举两得。,Wǒmen kěyǐ yījǔliǎngdé.,Chúng ta có thể một công đôi việc.
6,依据,yījù,Căn cứ vào,我们依据法律行事。,Wǒmen yījù fǎlǜ xíngshì.,Chúng tôi hành động theo pháp luật.
6,依靠,yīkào,Dựa vào,他依靠家人的支持。,Tā yīkào jiārén de zhīchí.,Anh ta dựa vào sự ủng hộ của gia đình.
6,依赖,yīlài,Ỷ lại,他对科技很依赖。,Tā duì kējì hěn yīlài.,Anh ấy rất phụ thuộc vào công nghệ.
6,一流,yīliú,Hàng đầu,这所大学是一流的。,Zhè suǒ dàxué shì yīliú de.,Trường đại học này là hạng nhất.
6,一律,yīlǜ,Đồng nhất,所有学生一律要遵守校规。,Suǒyǒu xuéshēng yīlǜ yào zūnshǒu xiàoguī.,Tất cả học sinh đều phải tuân thủ quy định của trường.
6,一目了然,yīmù liǎorán,Rõ ràng trong nháy mắt,这个问题一目了然。,Zhège wèntí yīmùliǎorán.,Vấn đề này rõ ràng ngay lập tức.
6,一如既往,yīrú jìwǎng,Như trước đây,他一如既往地支持我们。,Tā yīrújìwǎng de zhīchí wǒmen.,Anh ấy luôn ủng hộ chúng tôi như trước.
6,衣裳,yīshang,Quần áo,她的衣裳非常漂亮。,Tā de yīshang fēicháng piàoliang.,Quần áo của cô ấy rất đẹp.
6,一丝不苟,yīsī bùgǒu,Tỉ mỉ cẩn thận,他做事一丝不苟。,Tā zuòshì yīsībùgǒu.,Anh ấy làm việc rất cẩn thận.
6,依托,yītuō,Dựa vào,这个项目依托于先进的技术。,Zhège xiàngmù yītuō yú xiānjìn de jìshù.,Dự án này dựa vào công nghệ tiên tiến.
6,一向,yīxiàng,Luôn luôn,他一向很守时。,Tā yīxiàng hěn shǒushí.,Anh ấy luôn đúng giờ.
6,一再,yīzài,Nhiều lần,我一再强调这个问题的重要性。,Wǒ yīzài qiángdiào zhège wèntí de zhòngyào xìng.,Tôi đã nhiều lần nhấn mạnh tầm quan trọng của vấn đề này.
6,遗产,yíchǎn,Di sản,他的遗产分配不均。,Tā de yíchǎn fēnpèi bù jūn.,Di sản của anh ta được phân chia không đều.
6,遗传,yíchuán,Di truyền,这种疾病具有遗传性。,Zhè zhǒng jíbìng jùyǒu yíchuán xìng.,Căn bệnh này có tính di truyền.
6,疑惑,yíhuò,Nghi ngờ,她的回答让我感到疑惑。,Tā de huídá ràng wǒ gǎndào yíhuò.,Câu trả lời của cô ấy khiến tôi bối rối.
6,遗留,yíliú,Để lại,这片土地遗留了许多历史遗迹。,Zhè piàn tǔdì yíliúle xǔduō lìshǐ yíjì.,Mảnh đất này để lại nhiều di tích lịch sử.
6,仪器,yíqì,Dụng cụ,这个实验需要精密的仪器。,Zhège shíyàn xūyào jīngmì de yíqì.,Thí nghiệm này cần các dụng cụ chính xác.
6,遗失,yíshī,Mất mát,我遗失了我的钥匙。,Wǒ yíshīle wǒ de yàoshi.,Tôi đã làm mất chìa khóa của mình.
6,仪式,yíshì,Nghi thức,婚礼上有很多传统仪式。,Hūnlǐ shàng yǒu hěnduō chuántǒng yíshì.,Có nhiều nghi lễ truyền thống trong đám cưới.
6,以便,yǐbiàn,Để tiện,请尽快回复，以便我们安排下一步。,"Qǐng jǐnkuài huífù, yǐbiàn wǒmen ānpái xià yībù.",Vui lòng trả lời sớm để chúng tôi có thể sắp xếp bước tiếp theo.
6,以免,yǐmiǎn,Để tránh,请小心驾驶，以免发生事故。,"Qǐng xiǎoxīn jiàshǐ, yǐmiǎn fāshēng shìgù.",Vui lòng lái xe cẩn thận để tránh tai nạn.
6,以往,yǐwǎng,Trước đây,以往我们总是一起去旅行。,Yǐwǎng wǒmen zǒng shì yīqǐ qù lǚxíng.,Trước đây chúng tôi luôn đi du lịch cùng nhau.
6,以至,yǐzhì,Đến mức,他努力工作，以至于忘记了吃饭。,"Tā nǔlì gōngzuò, yǐzhì yú wàngjìle chīfàn.",Anh ấy làm việc chăm chỉ đến mức quên ăn.
6,以致,yǐzhì,Kết quả là,天气冷得以致无法出门。,Tiānqì lěng dé yǐzhì wúfǎ chūmén.,Trời lạnh đến mức không thể ra ngoài.
6,亦,yì,Cũng,他的意见很有道理，我亦同意。,"Tā de yìjiàn hěn yǒu dàolǐ, wǒ yì tóngyì.","Ý kiến của anh ấy rất có lý, tôi cũng đồng ý."
6,翼,yì,Cánh,鸟儿展开了它的翼。,Niǎo er zhǎnkāile tā de yì.,Con chim dang rộng đôi cánh của nó.
6,异常,yìcháng,Bất thường,他的行为异常怪异。,Tā de xíngwéi yìcháng guàiyì.,Hành vi của anh ta cực kỳ kỳ quặc.
6,毅力,yìlì,Kiên trì,他靠着坚定的毅力完成了任务。,Tā kào zhe jiāndìng de yìlì wánchéngle rènwù.,Anh ta hoàn thành nhiệm vụ nhờ vào sự kiên trì vững chắc.
6,意料,yìliào,Dự đoán,结果出乎我们的意料。,Jiéguǒ chūhū wǒmen de yìliào.,Kết quả ngoài dự đoán của chúng tôi.
6,毅然,yìrán,Kiên quyết,他毅然决定辞职。,Tā yìrán juédìng cízhí.,Anh ta quyết định từ chức một cách kiên quyết.
6,意识,yìshí,Ý thức,我突然意识到自己忘了带钥匙。,Wǒ túrán yìshí dào zìjǐ wàngle dài yàoshi.,Tôi đột nhiên nhận ra mình quên mang theo chìa khóa.
6,意图,yìtú,Ý đồ,他的意图非常明确。,Tā de yìtú fēicháng míngquè.,Ý định của anh ấy rất rõ ràng.
6,意味着,yìwèizhe,Nghĩa là,这件事意味着我们需要重新计划。,Zhè jiàn shì yìwèizhe wǒmen xūyào chóngxīn jìhuà.,Điều này có nghĩa là chúng ta cần lên kế hoạch lại.
6,意向,yìxiàng,Ý định,他表现出对这项工作很有意向。,Tā biǎoxiàn chū duì zhè xiàng gōngzuò hěn yǒu yìxiàng.,Anh ấy thể hiện sự quan tâm đến công việc này.
6,意志,yìzhì,Ý chí,他有很强的意志力。,Tā yǒu hěn qiáng de yìzhìlì.,Anh ta có ý chí mạnh mẽ.
6,抑制,yìzhì,Ức chế,她努力抑制自己的情绪。,Tā nǔlì yìzhì zìjǐ de qíngxù.,Cô ấy cố gắng kiềm chế cảm xúc của mình.
6,阴谋,yīnmóu,Âm mưu,他们策划了一场阴谋。,Tāmen cèhuàle yī chǎng yīnmóu.,Họ đã lên kế hoạch một âm mưu.
6,音响,yīnxiǎng,Âm thanh,这个音响系统非常先进。,Zhège yīnxiǎng xìtǒng fēicháng xiānjìn.,Hệ thống âm thanh này rất tiên tiến.
6,隐蔽,yǐnbì,Ẩn nấp,这间房子很隐蔽。,Zhè jiān fángzi hěn yǐnbì.,Căn nhà này rất kín đáo.
6,引导,yǐndǎo,Hướng dẫn,老师引导学生思考问题。,Lǎoshī yǐndǎo xuéshēng sīkǎo wèntí.,Giáo viên hướng dẫn học sinh suy nghĩ về vấn đề.
6,隐患,yǐnhuàn,Hiểm họa tiềm ẩn,这个计划可能存在隐患。,Zhège jìhuà kěnéng cúnzài yǐnhuàn.,Kế hoạch này có thể tiềm ẩn nguy cơ.
6,隐瞒,yǐnmán,Che giấu,他隐瞒了事实的真相。,Tā yǐnmánle shìshí de zhēnxiàng.,Anh ta đã che giấu sự thật.
6,引擎,yǐnqíng,Động cơ,汽车的引擎需要定期维护。,Qìchē de yǐnqíng xūyào dìngqí wéihù.,Động cơ xe hơi cần được bảo dưỡng định kỳ.
6,饮食,yǐnshí,Ăn uống,健康的饮食习惯很重要。,Jiànkāng de yǐnshí xíguàn hěn zhòngyào.,Thói quen ăn uống lành mạnh rất quan trọng.
6,隐私,yǐnsī,Riêng tư,每个人都有自己的隐私。,Měi gèrén dōu yǒu zìjǐ de yǐnsī.,Mỗi người đều có sự riêng tư của mình.
6,引用,yǐnyòng,Trích dẫn,他引用了一句名言。,Tā yǐnyòngle yī jù míngyán.,Anh ta trích dẫn một câu nói nổi tiếng.
6,隐约,yǐnyuē,Mờ ảo,我隐约听到了他的声音。,Wǒ yǐnyuē tīng dàole tā de shēngyīn.,Tôi nghe thấy giọng nói của anh ta một cách mơ hồ.
6,印刷,yìnshuā,In ấn,他们在工厂里印刷书籍。,Tāmen zài gōngchǎng lǐ yìnshuā shūjí.,Họ in sách trong nhà máy.
6,婴儿,yīng'ér,Trẻ sơ sinh,她是一个可爱的婴儿。,Tā shì yīgè kě'ài de yīng'ér.,Cô ấy là một em bé dễ thương.
6,英明,yīngmíng,Anh minh,他的领导非常英明。,Tā de lǐngdǎo fēicháng yīngmíng.,Sự lãnh đạo của anh ấy rất sáng suốt.
6,英勇,yīngyǒng,Anh dũng,他在战场上英勇作战。,Tā zài zhànchǎng shàng yīngyǒng zuòzhàn.,Anh ta chiến đấu dũng cảm trên chiến trường.
6,盈利,yínglì,Lợi nhuận,公司今年的盈利增长了20%。,Gōngsī jīnnián de yínglì zēngzhǎngle 20%.,Lợi nhuận của công ty năm nay tăng 20%.
6,迎面,yíngmiàn,Đối mặt,他们迎面走来了。,Tāmen yíngmiàn zǒu láile.,Họ đi tới phía đối diện.
6,荧屏,yíngpíng,Màn hình,他在荧屏上出现了。,Tā zài yíngpíng shàng chūxiànle.,Anh ấy xuất hiện trên màn hình.
6,应酬,yìngchou,Tiệc tùng,他忙于各种应酬。,Tā máng yú gèzhǒng yìngchóu.,Anh ta bận rộn với các cuộc xã giao.
6,应邀,yìngyāo,Được mời,他应邀参加了会议。,Tā yìngyāo cānjiāle huìyì.,Anh ấy được mời tham dự cuộc họp.
6,拥护,yōnghù,Ủng hộ,他们拥护这个决定。,Tāmen yōnghù zhège juédìng.,Họ ủng hộ quyết định này.
6,庸俗,yōngsú,Tầm thường,这种行为很庸俗。,Zhè zhǒng xíngwéi hěn yōngsú.,Hành vi này rất tầm thường.
6,拥有,yōngyǒu,Sở hữu,他拥有很多财产。,Tā yǒngyǒu hěnduō cáichǎn.,Anh ấy sở hữu nhiều tài sản.
6,永恒,yǒnghéng,Vĩnh cửu,他们的爱是永恒的。,Tāmen de ài shì yǒnghéng de.,Tình yêu của họ là vĩnh cửu.
6,涌现,yǒngxiàn,Xuất hiện nhiều,新的机会不断涌现。,Xīn de jīhuì bùduàn yǒngxiàn.,Cơ hội mới liên tục xuất hiện.
6,勇于,yǒngyú,Dám,他勇于面对挑战。,Tā yǒngyú miànduì tiǎozhàn.,Anh ấy dũng cảm đối mặt với thử thách.
6,踊跃,yǒngyuè,Hăng hái,学生们踊跃参加活动。,Xuéshēngmen yǒngyuè cānjiā huódòng.,Các học sinh hào hứng tham gia hoạt động.
6,用功,yònggōng,Chăm chỉ,他每天都很用功。,Tā měitiān dōu hěn yònggōng.,Anh ấy học hành chăm chỉ mỗi ngày.
6,用户,yònghù,Người dùng,这款产品深受用户喜爱。,Zhè kuǎn chǎnpǐn shēn shòu yònghù xǐ'ài.,Sản phẩm này được người dùng ưa chuộng.
6,优胜劣汰,yōushèng liètài,Chọn lọc tự nhiên,优胜劣汰是自然法则。,Yōushèngliètài shì zìrán fǎzé.,Chọn lọc tự nhiên là quy luật của tự nhiên.
6,优先,yōuxiān,Ưu tiên,老人和孩子优先入场。,Lǎorén hé háizi yōuxiān rùchǎng.,Người già và trẻ em được ưu tiên vào cửa.
6,优异,yōuyì,Xuất sắc,他的成绩非常优异。,Tā de chéngjī fēicháng yōuyì.,Thành tích của anh ấy rất xuất sắc.
6,忧郁,yōuyù,Buồn rầu,她看起来有些忧郁。,Tā kàn qǐlái yǒuxiē yōuyù.,Cô ấy trông có vẻ buồn rầu.
6,优越,yōuyuè,Ưu việt,这个地方的环境很优越。,Zhège dìfāng de huánjìng hěn yōuyuè.,Môi trường ở đây rất tốt.
6,油腻,yóunì,Mỡ màng,这种食物太油腻了。,Zhè zhǒng shíwù tài yóunì le.,Món ăn này quá béo ngậy.
6,油漆,yóuqī,Sơn,他在墙上涂了油漆。,Tā zài qiáng shàng túle yóuqī.,Anh ấy sơn lên tường.
6,犹如,yóurú,Như là,这对我来说犹如一场梦。,Zhè duì wǒ lái shuō yóurú yī chǎng mèng.,"Đối với tôi, điều này như một giấc mơ."
6,有条不紊,yǒutiáo bùwěn,Ngăn nắp,她做事有条不紊。,Tā zuòshì yǒu tiáo bù wěn.,Cô ấy làm việc có trật tự.
6,诱惑,yòuhuò,Cám dỗ,这个计划对他很有诱惑力。,Zhège jìhuà duì tā hěn yǒu yòuhuò lì.,Kế hoạch này rất hấp dẫn đối với anh ta.
6,幼稚,yòuzhì,Non nớt,他的想法太幼稚了。,Tā de xiǎngfǎ tài yòuzhì le.,Suy nghĩ của anh ấy quá non nớt.
6,愚蠢,yúchǔn,Ngu ngốc,他的行为非常愚蠢。,Tā de xíngwéi fēicháng yúchǔn.,Hành vi của anh ta rất ngu ngốc.
6,舆论,yúlùn,Dư luận,舆论对他产生了很大影响。,Yúlùn duì tā chǎnshēngle hěn dà yǐngxiǎng.,Dư luận đã có ảnh hưởng lớn đến anh ta.
6,愚昧,yúmèi,Ngu dốt,他们愚昧无知。,Tāmen yúmèi wúzhī.,Họ dốt nát không biết gì.
6,渔民,yúmín,Ngư dân,渔民们早起捕鱼。,Yúmínmen zǎoqǐ bǔ yú.,Ngư dân dậy sớm để đánh cá.
6,与日俱增,yǔrì jùzēng,Tăng theo ngày,这个城市的人口与日俱增。,Zhège chéngshì de rénkǒu yǔrìjùzēng.,Dân số của thành phố này tăng lên từng ngày.
6,羽绒服,yǔróngfú,Áo lông vũ,冬天的时候我穿羽绒服。,Dōngtiān de shíhòu wǒ chuān yǔróngfú.,Tôi mặc áo lông vũ vào mùa đông.
6,予以,yǔyǐ,Đưa ra,请予以协助。,Qǐng yǔyǐ xiézhù.,Xin vui lòng hỗ trợ.
6,愈,yù,Càng ... càng,天气愈来愈冷了。,Tiānqì yù lái yù lěng le.,Thời tiết càng ngày càng lạnh.
6,熨,yùn,Ủi (là) quần áo,他把衣服熨得很平整。,Tā bǎ yīfú yùnde hěn píngzhěng.,Anh ấy ủi quần áo rất phẳng.
6,预料,yùliào,Dự đoán,他的表现出乎预料。,Tā de biǎoxiàn chūhū yùliào.,Hiệu suất của anh ấy ngoài dự đoán.
6,预期,yùqī,Dự kiến,他们预期项目能按时完成。,Tāmen yùqī xiàngmù néng ànshí wánchéng.,Họ mong đợi dự án sẽ hoàn thành đúng thời hạn.
6,预赛,yùsài,Vòng loại,预赛成绩决定了谁能进入决赛。,Yùsài chéngjī juédìngle shéi néng jìnrù juésài.,Kết quả vòng loại quyết định ai sẽ vào chung kết.
6,预算,yùsuàn,Dự toán,我们需要做一个预算。,Wǒmen xūyào zuò yīgè yùsuàn.,Chúng ta cần lập một ngân sách.
6,欲望,yùwàng,Ham muốn,他对生活充满了欲望。,Tā duì shēnghuó chōngmǎnle yùwàng.,Anh ấy đầy khát vọng về cuộc sống.
6,预先,yùxiān,Trước,我们预先准备好了所有材料。,Wǒmen yùxiān zhǔnbèihǎole suǒyǒu cáiliào.,Chúng tôi đã chuẩn bị sẵn tất cả các tài liệu.
6,预言,yùyán,Tiên đoán,预言家预测了未来的变化。,Yùyán jiā yùcèle wèilái de biànhuà.,Nhà tiên tri dự đoán những thay đổi trong tương lai.
6,寓言,yùyán,Ngụ ngôn,他给孩子们讲了一个寓言故事。,Tā gěi háizimen jiǎngle yīgè yùyán gùshì.,Anh ấy kể cho bọn trẻ nghe một câu chuyện ngụ ngôn.
6,预兆,yùzhào,Điềm báo,天空的乌云预兆着暴风雨即将来临。,Tiānkōng de wūyún yùzhàozhe bàofēngyǔ jíjiāng láilín.,Mây đen trên trời báo hiệu một cơn bão sắp đến.
6,冤枉,yuānwang,Oan ức,他觉得自己受了冤枉。,Tā juéde zìjǐ shòule yuānwǎng.,Anh ta cảm thấy mình bị oan.
6,原告,yuángào,Nguyên cáo,原告在法庭上陈述了事实。,Yuángào zài fǎtíng shàng chénshùle shìshí.,Nguyên đơn trình bày sự việc trước tòa.
6,原理,yuánlǐ,Nguyên lý,这是一个重要的科学原理。,Zhè shì yīgè zhòngyào de kēxué yuánlǐ.,Đây là một nguyên lý khoa học quan trọng.
6,园林,yuánlín,Vườn cảnh,这个公园有美丽的园林。,Zhège gōngyuán yǒu měilì de yuánlín.,Công viên này có những khu vườn đẹp.
6,圆满,yuánmǎn,Viên mãn,我们圆满完成了任务。,Wǒmen yuánmǎn wánchéngle rènwù.,Chúng tôi đã hoàn thành nhiệm vụ một cách trọn vẹn.
6,源泉,yuánquán,Nguồn,创新的源泉是不断的学习。,Chuàngxīn de yuánquán shì bùduàn de xuéxí.,Nguồn sáng tạo là việc học không ngừng.
6,原始,yuánshǐ,Nguyên thủy,这个区域保留了原始的生态环境。,Zhège qūyù bǎoliúle yuánshǐ de shēngtài huánjìng.,Khu vực này giữ lại môi trường sinh thái nguyên thủy.
6,元首,yuánshǒu,Nguyên thủ,国家的元首发表了重要讲话。,Guójiā de yuánshǒu fābiǎole zhòngyào jiǎnghuà.,Nguyên thủ quốc gia đã có bài phát biểu quan trọng.
6,元素,yuánsù,Nguyên tố,化学元素对人体健康有重要影响。,Huàxué yuánsù duì réntǐ jiànkāng yǒu zhòngyào yǐngxiǎng.,Các nguyên tố hóa học có ảnh hưởng quan trọng đến sức khỏe con người.
6,原先,yuánxiān,Trước kia,他原先是个老师，现在是校长。,"Tā yuánxiān shì gè lǎoshī, xiànzài shì xiàozhǎng.","Anh ấy trước đây là giáo viên, bây giờ là hiệu trưởng."
6,元宵节,Yuánxiāojié,Tết Nguyên tiêu,元宵节是中国的传统节日。,Yuánxiāo jié shì zhōngguó de chuántǒng jiérì.,Tết Nguyên Tiêu là lễ hội truyền thống của Trung Quốc.
6,约束,yuēshù,Ràng buộc,他的话起到了很大的约束作用。,Tā dehuà qǐ dào le hěn dà de yuēshù zuòyòng.,Lời nói của anh ấy có tác dụng ràng buộc lớn.
6,岳父,yuèfù,Bố vợ,他是我的岳父。,Tā shì wǒ de yuèfù.,Ông ấy là cha vợ của tôi.
6,乐谱,yuèpǔ,Bản nhạc,这本乐谱非常有名。,Zhè běn yuèpǔ fēicháng yǒumíng.,Bản nhạc này rất nổi tiếng.
6,蕴藏,yùncáng,Chứa đựng,这个地方蕴藏着丰富的资源。,Zhège dìfāng yùncángzhe fēngfù de zīyuán.,Khu vực này chứa đựng nguồn tài nguyên phong phú.
6,酝酿,yùnniàng,Lên men,他们在酝酿一个新的计划。,Tāmen zài yùnniàng yīgè xīn de jìhuà.,Họ đang ấp ủ một kế hoạch mới.
6,运算,yùnsuàn,Tính toán,他负责公司的运算工作。,Tā fùzé gōngsī de yùnsuàn gōngzuò.,Anh ấy chịu trách nhiệm về công việc tính toán của công ty.
6,运行,yùnxíng,Vận hành,火车正在正常运行。,Huǒchē zhèngzài zhèngcháng yùnxíng.,Tàu hỏa đang chạy bình thường.
6,孕育,yùnyù,Nuôi dưỡng,她正在孕育一个新生命。,Tā zhèngzài yùnyù yīgè xīn shēngmìng.,Cô ấy đang mang thai một sự sống mới.
6,砸,zá,"Đập, phá",他把玻璃砸碎了。,Tā bǎ bōli zá suìle.,Anh ấy đập vỡ kính.
6,杂技,zájì,Xiếc,杂技表演非常精彩。,Zájì biǎoyǎn fēicháng jīngcǎi.,Buổi biểu diễn xiếc rất xuất sắc.
6,杂交,zájiāo,Lai giống,杂交水稻增产显著。,Zájiāo shuǐdào zēngchǎn xiǎnzhù.,Lúa lai tăng sản lượng rõ rệt.
6,咋,zǎ,Sao (phương ngữ),这件事咋办？,Zhè jiàn shì zǎ bàn?,Việc này làm sao đây?
6,灾难,zāinàn,Thảm họa,地震是一场可怕的灾难。,Dìzhèn shì yī chǎng kěpà de zāinàn.,Động đất là một thảm họa khủng khiếp.
6,栽培,zāipéi,Trồng trọt,农民们精心栽培果树。,Nóngmínmen jīngxīn zāipéi guǒshù.,Những người nông dân chăm sóc cây ăn quả rất cẩn thận.
6,宰,zǎi,"Giết, mổ",他要宰一只鸡。,Tā yào zǎi yī zhī jī.,Anh ấy muốn giết một con gà.
6,在乎,zàihu,Quan tâm,他不在乎别人的看法。,Tā bù zàihu biérén de kànfǎ.,Anh ấy không quan tâm đến ý kiến của người khác.
6,再接再厉,zàijiē zàilì,Cố gắng không ngừng,让我们再接再厉。,Ràng wǒmen zài jiē zài lì.,Chúng ta hãy tiếp tục nỗ lực hơn nữa.
6,在意,zàiyì,Quan tâm,她对这件事非常在意。,Tā duì zhè jiàn shì fēicháng zàiyì.,Cô ấy rất quan tâm đến việc này.
6,攒,zǎn,Tích lũy,他攒了很多钱。,Tā zǎnle hěn duō qián.,Anh ấy đã tiết kiệm được rất nhiều tiền.
6,暂且,zànqiě,Tạm thời,暂且休息一下。,Zànqiě xiūxí yīxià.,Hãy tạm thời nghỉ ngơi một chút.
6,赞叹,zàntàn,Ca ngợi,我们对他的演讲赞叹不已。,Wǒmen duì tā de yǎnjiǎng zàntàn bùyǐ.,Chúng tôi không ngớt lời khen ngợi bài phát biểu của anh ấy.
6,赞同,zàntóng,Đồng tình,我们赞同他的观点。,Wǒmen zàntóng tā de guāndiǎn.,Chúng tôi đồng ý với quan điểm của anh ấy.
6,赞扬,zànyáng,Ca ngợi,他因出色的表现而受到赞扬。,Tā yīn chūsè de biǎoxiàn ér shòudào zànyáng.,Anh ấy được khen ngợi vì thành tích xuất sắc.
6,赞助,zànzhù,Tài trợ,他们赞助了这次活动。,Tāmen zànzhùle zhè cì huódòng.,Họ đã tài trợ cho sự kiện này.
6,遭受,zāoshòu,Chịu đựng,他在战争中遭受了重伤。,Tā zài zhànzhēng zhōng zāoshòule zhòng shāng.,Anh ấy bị thương nặng trong chiến tranh.
6,糟蹋,zāotà,Phá hoại,不要糟蹋食物。,Bùyào zāotà shíwù.,Đừng lãng phí thức ăn.
6,遭殃,zāoyāng,Gặp nạn,洪水让很多人遭殃。,Hóngshuǐ ràng hěn duō rén zāoyāng.,Lũ lụt khiến nhiều người gặp nạn.
6,遭遇,zāoyù,Gặp phải,他在工作中遭遇了很多困难。,Tā zài gōngzuò zhōng zāoyùle hěn duō kùnnán.,Anh ấy gặp rất nhiều khó khăn trong công việc.
6,造反,zàofǎn,Nổi loạn,农民们起义造反。,Nóngmínmen qǐyì zàofǎn.,Những người nông dân nổi dậy phản kháng.
6,造型,zàoxíng,Tạo hình,这个雕像的造型非常独特。,Zhège diāoxiàng de zàoxíng fēicháng dútè.,Hình dáng của bức tượng này rất độc đáo.
6,噪音,zàoyīn,Tiếng ồn,城市的噪音很大。,Chéngshì de zàoyīn hěn dà.,Tiếng ồn ở thành phố rất lớn.
6,责怪,zéguài,Trách móc,他责怪我没有完成任务。,Tā zéguài wǒ méiyǒu wánchéng rènwù.,Anh ấy trách tôi không hoàn thành nhiệm vụ.
6,贼,zéi,Kẻ trộm,小偷很狡猾。,Xiǎotōu hěn jiǎohuá.,Tên trộm rất xảo quyệt.
6,增添,zēngtiān,Thêm vào,新的成员给团队增添了活力。,Xīn de chéngyuán gěi tuánduì zēngtiānle huólì.,Thành viên mới đã thêm sinh lực cho đội.
6,赠送,zèngsòng,Tặng,他给我赠送了一本书。,Tā gěi wǒ zèngsòngle yī běn shū.,Anh ấy tặng tôi một cuốn sách.
6,渣,zhā,Cặn bã,这些水果有很多渣。,Zhèxiē shuǐguǒ yǒu hěn duō zhā.,Những loại trái cây này có nhiều cặn.
6,扎,zhā,Cắm vào,他用针扎破了手指。,Tā yòng zhēn zhā pòle shǒuzhǐ.,Anh ấy dùng kim đâm thủng ngón tay.
6,扎实,zhāshi,Chắc chắn,我们的基础很扎实。,Wǒmen de jīchǔ hěn zhāshi.,Nền tảng của chúng tôi rất vững chắc.
6,眨,zhǎ,Chớp mắt,他眨了一下眼睛。,Tā zhǎle yīxià yǎnjīng.,Anh ấy chớp mắt một cái.
6,诈骗,zhàpiàn,Lừa đảo,他被指控诈骗。,Tā bèi zhǐkòng zhàpiàn.,Anh ấy bị buộc tội lừa đảo.
6,摘要,zhāiyào,Tóm tắt,这篇文章的摘要很重要。,Zhè piān wénzhāng de zhāiyào hěn zhòngyào.,Bản tóm tắt của bài viết này rất quan trọng.
6,债券,zhàiquàn,Trái phiếu,他购买了政府债券。,Tā gòumǎile zhèngfǔ zhàiquàn.,Anh ấy đã mua trái phiếu chính phủ.
6,沾光,zhānguāng,Hưởng lợi,我们这次真的沾光了。,Wǒmen zhè cì zhēn de zhānguāng le.,Lần này chúng tôi thật sự may mắn.
6,瞻仰,zhānyǎng,Chiêm ngưỡng,他们瞻仰了烈士纪念碑。,Tāmen zhānyǎngle lièshì jìniànbēi.,Họ đã chiêm ngưỡng đài tưởng niệm liệt sĩ.
6,斩钉截铁,zhǎndīng jiétiě,Kiên quyết dứt khoát,他说话斩钉截铁。,Tā shuōhuà zhǎndīngjiétiě.,Anh ấy nói một cách dứt khoát.
6,展示,zhǎnshì,Trưng bày,他们展示了新产品。,Tāmen zhǎnshìle xīn chǎnpǐn.,Họ đã trưng bày sản phẩm mới.
6,展望,zhǎnwàng,Nhìn xa trông rộng,我们展望未来的发展。,Wǒmen zhǎnwàng wèilái de fāzhǎn.,Chúng tôi dự đoán sự phát triển trong tương lai.
6,展现,zhǎnxiàn,Hiển thị,她在舞台上展现了她的才华。,Tā zài wǔtái shàng zhǎnxiànle tā de cáihuá.,Cô ấy đã thể hiện tài năng của mình trên sân khấu.
6,崭新,zhǎnxīn,Mới tinh,这是一个崭新的开始。,Zhè shì yīgè zhǎnxīn de kāishǐ.,Đây là một khởi đầu hoàn toàn mới.
6,战斗,zhàndòu,Chiến đấu,士兵们在前线战斗。,Shìbīngmen zài qiánxiàn zhàndòu.,Những người lính chiến đấu ở tiền tuyến.
6,占据,zhànjù,Chiếm giữ,他占据了有利的位置。,Tā zhànjùle yǒulì de wèizhì.,Anh ấy chiếm vị trí thuận lợi.
6,占领,zhànlǐng,Chiếm lĩnh,军队占领了城市。,Jūnduì zhànlǐngle chéngshì.,Quân đội đã chiếm được thành phố.
6,战略,zhànlüè,Chiến lược,我们需要制定一个战略。,Wǒmen xūyào zhìdìng yīgè zhànlüè.,Chúng ta cần lập ra một chiến lược.
6,战术,zhànshù,Chiến thuật,他的战术非常高明。,Tā de zhànshù fēicháng gāomíng.,Chiến thuật của anh ấy rất tài tình.
6,战役,zhànyì,Trận đánh,这场战役决定了战争的胜负。,Zhè chǎng zhànyì juédìngle zhànzhēng de shèngfù.,Trận đánh này quyết định thắng bại của cuộc chiến.
6,占有,zhànyǒu,Chiếm hữu,他占有了很多资源。,Tā zhànyǒule hěn duō zīyuán.,Anh ấy sở hữu rất nhiều tài nguyên.
6,章程,zhāngchéng,Điều lệ,公司的章程需要修改。,Gōngsī de zhāngchéng xūyào xiūgǎi.,Quy chế của công ty cần được sửa đổi.
6,长辈,zhǎngbèi,Trưởng bối,我们尊重长辈。,Wǒmen zūnzhòng zhǎngbèi.,Chúng tôi tôn trọng những người lớn tuổi.
6,障碍,zhàng'ài,Trở ngại,这个计划遇到了很多障碍。,Zhège jìhuà yùdàole hěn duō zhàng'ài.,Kế hoạch này gặp rất nhiều trở ngại.
6,帐篷,zhàngpeng,Lều,我们搭起了帐篷。,Wǒmen dā qǐle zhàngpéng.,Chúng tôi đã dựng lều.
6,朝气蓬勃,zhāoqì péngbó,Tràn đầy sức sống,孩子们朝气蓬勃。,Háizimen zhāoqì péngbó.,Những đứa trẻ đầy sức sống.
6,招收,zhāoshōu,Tuyển dụng,学校招收了新生。,Xuéxiào zhāoshōule xīnshēng.,Trường đã tuyển sinh viên mới.
6,招投标,zhāotóubiāo,Đấu thầu,这个项目正在进行招投标。,Zhège xiàngmù zhèngzài jìnxíng zhāotóubiāo.,Dự án này đang trong quá trình đấu thầu.
6,着迷,zháomí,Mê hoặc,她对这个故事着迷。,Tā duì zhège gùshì zháomí.,Cô ấy say mê câu chuyện này.
6,沼泽,zhǎozé,Đầm lầy,这里有一个大沼泽。,Zhèlǐ yǒu yīgè dà zhǎozé.,Ở đây có một đầm lầy lớn.
6,照料,zhàoliào,Chăm sóc,我们需要照料孩子。,Wǒmen xūyào zhàoliào háizi.,Chúng tôi cần chăm sóc trẻ em.
6,照样,zhàoyàng,Như thường lệ,一切照样进行。,Yīqiè zhàoyàng jìnxíng.,Mọi thứ vẫn diễn ra như thường lệ.
6,照耀,zhàoyào,Chiếu sáng,阳光照耀着大地。,Yángguāng zhàoyàozhe dàdì.,Ánh nắng chiếu sáng mặt đất.
6,照应,zhàoyìng,Đáp lại,他们彼此照应。,Tāmen bǐcǐ zhàoyìng.,Họ chăm sóc lẫn nhau.
6,遮挡,zhēdǎng,Che chắn,大树遮挡了阳光。,Dàshù zhēdǎngle yángguāng.,Cây lớn che ánh nắng.
6,折腾,zhēteng,Quấy rầy,孩子们在房间里折腾。,Háizimen zài fángjiān lǐ zhēteng.,Bọn trẻ đang quậy phá trong phòng.
6,折,zhé,Gấp,他折了一根树枝。,Tā zhēle yī gēn shùzhī.,Anh ấy bẻ một cành cây.
6,折磨,zhémó,Dày vò,他被折磨得很惨。,Tā bèi zhémó de hěn cǎn.,Anh ấy bị hành hạ rất thảm.
6,珍贵,zhēnguì,Quý báu,这个礼物非常珍贵。,Zhège lǐwù fēicháng zhēnguì.,Món quà này rất quý giá.
6,侦探,zhēntàn,Trinh thám,他是一位著名的侦探。,Tā shì yī wèi zhùmíng de zhēntàn.,Anh ấy là một thám tử nổi tiếng.
6,珍稀,zhēnxī,Quý hiếm,这种动物非常珍稀。,Zhè zhǒng dòngwù fēicháng zhēnxī.,Loài động vật này rất hiếm.
6,真相,zhēnxiàng,Sự thật,事情的真相终于揭晓。,Shìqíng de zhēnxiàng zhōngyú jiēxiǎo.,Sự thật của sự việc cuối cùng đã được tiết lộ.
6,真挚,zhēnzhì,Chân thành,他对朋友非常真挚。,Tā duì péngyǒu fēicháng zhēnzhì.,Anh ấy rất chân thành với bạn bè.
6,珍珠,zhēnzhū,Ngọc trai,这颗珍珠很美丽。,Zhè kē zhēnzhū hěn měilì.,Viên ngọc trai này rất đẹp.
6,斟酌,zhēnzhuó,Cân nhắc,我们需要仔细斟酌。,Wǒmen xūyào zǐxì zhēnzhuó.,Chúng tôi cần cân nhắc cẩn thận.
6,阵地,zhèndì,Trận địa,军队在前线建立了阵地。,Jūnduì zài qiánxiàn jiànlìle zhèndì.,Quân đội đã thiết lập tiền tuyến.
6,镇定,zhèndìng,Bình tĩnh,他镇定自若地处理了问题。,Tā zhèndìng zìruò de chǔlǐle wèntí.,Anh ấy giải quyết vấn đề một cách bình tĩnh.
6,振奋,zhènfèn,Phấn khởi,他的讲话振奋了人心。,Tā de jiǎnghuà zhènfènle rénxīn.,Bài phát biểu của anh ấy đã khích lệ tinh thần của mọi người.
6,震惊,zhènjīng,Sốc,这条新闻令人震惊。,Zhè tiáo xīnwén lìng rén zhènjīng.,Tin tức này khiến người ta kinh ngạc.
6,镇静,zhènjìng,Điềm tĩnh,医生保持镇静。,Yīshēng bǎochí zhènjìng.,Bác sĩ giữ bình tĩnh.
6,阵容,zhènróng,Đội hình,他们组成了一个强大的阵容。,Tāmen zǔchéngle yīgè qiángdà de zhènróng.,Họ đã tạo thành một đội hình mạnh mẽ.
6,振兴,zhènxīng,Chấn hưng,我们要振兴经济。,Wǒmen yào zhènxīng jīngjì.,Chúng ta phải chấn hưng kinh tế.
6,镇压,zhènyā,Đàn áp,当局镇压了这次起义。,Dāngjú zhènyāle zhè cì qǐyì.,Chính quyền đã đàn áp cuộc nổi dậy này.
6,争端,zhēngduān,Tranh chấp,两国之间的争端不断。,Liǎng guó zhī jiān de zhēngduān bùduàn.,Mâu thuẫn giữa hai nước không ngừng gia tăng.
6,争夺,zhēngduó,Tranh đoạt,他们争夺冠军。,Tāmen zhēngduó guànjūn.,Họ tranh giành chức vô địch.
6,蒸发,zhēngfā,Bốc hơi,水在高温下会蒸发。,Shuǐ zài gāowēn xià huì zhēngfā.,Nước sẽ bay hơi ở nhiệt độ cao.
6,征服,zhēngfú,Chinh phục,我们必须征服困难。,Wǒmen bìxū zhēngfú kùnnán.,Chúng ta phải vượt qua khó khăn.
6,争气,zhēngqì,Không phụ lòng,他在比赛中争气了。,Tā zài bǐsài zhōng zhēngqìle.,Anh ấy đã không chịu thua trong cuộc thi.
6,征收,zhēngshōu,Thu thuế,政府正在征收新税。,Zhèngfǔ zhèngzài zhēngshōu xīn shuì.,Chính phủ đang thu thuế mới.
6,争先恐后,zhēngxiān kǒnghòu,Tranh nhau,孩子们争先恐后地跑向操场。,Háizimen zhēngxiānkǒnghòu de pǎo xiàng cāochǎng.,Bọn trẻ chạy ùa ra sân chơi.
6,争议,zhēngyì,Tranh cãi,这个话题引起了争议。,Zhège huàtí yǐnqǐle zhēngyì.,Chủ đề này đã gây tranh cãi.
6,正月,zhēngyuè,Tháng Giêng,正月是中国农历新年的第一个月。,Zhēngyuè shì zhōngguó nónglì xīnnián de dì yī gè yuè.,Tháng Giêng là tháng đầu tiên của năm mới âm lịch Trung Quốc.
6,挣扎,zhēngzhá,Vật lộn,他在挣扎中找到了希望。,Tā zài zhēngzhá zhōng zhǎodàole xīwàng.,Anh ấy tìm thấy hy vọng trong sự đấu tranh.
6,整顿,zhěngdùn,Chỉnh đốn,公司正在整顿业务。,Gōngsī zhèngzài zhěngdùn yèwù.,Công ty đang chỉnh đốn kinh doanh.
6,正当,zhèngdāng,Chính đáng,这是一个正当的要求。,Zhè shì yīgè zhèngdāng de yāoqiú.,Đây là một yêu cầu chính đáng.
6,正负,zhèngfù,Dương và âm,正负两极相吸。,Zhèngfù liǎng jí xiāng xī.,Hai cực trái dấu hút nhau.
6,正规,zhèngguī,Quy cách,我们需要正规化管理。,Wǒmen xūyào zhèngguī huà guǎnlǐ.,Chúng ta cần quản lý hợp lý.
6,正经,zhèngjīng,Đứng đắn,他是一个正经的人。,Tā shì yīgè zhèngjīng de rén.,Anh ấy là một người đứng đắn.
6,正气,zhèngqì,Chính khí,他的行为显示了正气。,Tā de xíngwéi xiǎnshìle zhèngqì.,Hành vi của anh ấy thể hiện tinh thần chính trực.
6,政权,zhèngquán,Chính quyền,政府维持国家政权。,Zhèngfǔ wéichí guójiā zhèngquán.,Chính phủ duy trì quyền lực nhà nước.
6,证实,zhèngshí,Xác nhận,实验结果证实了他的猜想。,Shíyàn jiéguǒ zhèngshíle tā de cāixiǎng.,Kết quả thí nghiệm đã xác nhận phỏng đoán của anh ấy.
6,证书,zhèngshū,Chứng chỉ,她获得了优秀毕业证书。,Tā huòdéle yōuxiù bìyè zhèngshū.,Cô ấy đã nhận được bằng tốt nghiệp xuất sắc.
6,正义,zhèngyì,Chính nghĩa,我们要维护正义。,Wǒmen yào wéihù zhèngyì.,Chúng ta phải bảo vệ công lý.
6,郑重,zhèngzhòng,Trịnh trọng,他郑重宣布了这个消息。,Tā zhèngzhòng xuānbùle zhège xiāoxī.,Anh ấy long trọng tuyên bố tin tức này.
6,症状,zhèngzhuàng,Triệu chứng,这种疾病的症状很明显。,Zhè zhǒng jíbìng de zhèngzhuàng hěn míngxiǎn.,Triệu chứng của bệnh này rất rõ ràng.
6,枝,zhī,Cành cây,树上有很多枝。,Shù shàng yǒu hěn duō zhī.,Trên cây có nhiều cành.
6,支撑,zhīchēng,Chống đỡ,朋友之间要互相支撑。,Péngyǒu zhī jiān yào hùxiāng zhīchēng.,Bạn bè nên hỗ trợ lẫn nhau.
6,支出,zhīchū,Chi tiêu,公司支出了大量资金。,Gōngsī zhīchūle dàliàng zījīn.,Công ty đã chi tiêu một số tiền lớn.
6,脂肪,zhīfáng,Mỡ (trong cơ thể),过多的脂肪对健康有害。,Guò duō de zhīfáng duì jiànkāng yǒuhài.,Quá nhiều mỡ có hại cho sức khỏe.
6,知觉,zhījué,Tri giác,他失去了知觉。,Tā shīqùle zhījué.,Anh ấy đã mất cảm giác.
6,支流,zhīliú,Chi lưu,河的支流逐渐干涸。,Hé de zhīliú zhújiàn gānhé.,Nhánh sông dần dần khô cạn.
6,支配,zhīpèi,Chi phối,他支配着全家的生活。,Tā zhīpèizhe quán jiā de shēnghuó.,Anh ấy quản lý cuộc sống của cả gia đình.
6,支援,zhīyuán,Hỗ trợ,我们需要支援前线的战士。,Wǒmen xūyào zhīyuán qiánxiàn de zhànshì.,Chúng ta cần hỗ trợ những chiến sĩ tiền tuyến.
6,支柱,zhīzhù,Trụ cột,家庭是社会的支柱。,Jiātíng shì shèhuì de zhīzhù.,Gia đình là trụ cột của xã hội.
6,知足常乐,zhīzú chánglè,Biết đủ thì luôn vui,知足常乐是人生的智慧。,Zhīzú cháng lè shì rénshēng de zhìhuì.,Biết đủ thường vui là trí tuệ của cuộc sống.
6,值班,zhíbān,Trực ban,他今晚值班。,Tā jīn wǎn zhíbān.,Anh ấy trực đêm nay.
6,直播,zhíbō,Truyền hình trực tiếp,我喜欢看体育比赛的直播。,Wǒ xǐhuān kàn tǐyù bǐsài de zhíbò.,Tôi thích xem truyền hình trực tiếp các trận đấu thể thao.
6,殖民地,zhímíndì,Thuộc địa,殖民地的历史充满了斗争。,Zhímíndì de lìshǐ chōngmǎnle dòuzhēng.,Lịch sử của thuộc địa đầy rẫy những cuộc đấu tranh.
6,职能,zhínéng,Chức năng,他的职能包括管理和培训。,Tā de zhínéng bāokuò guǎnlǐ hé péixùn.,Chức năng của anh ấy bao gồm quản lý và đào tạo.
6,职位,zhíwèi,Chức vị,他申请了一个高级职位。,Tā shēnqǐngle yīgè gāojí zhíwèi.,Anh ấy đã xin một vị trí cao cấp.
6,职务,zhíwù,Chức vụ,他被提升为部门主管。,Tā bèi tíshēng wéi bùmén zhǔguǎn.,Anh ấy được thăng chức làm trưởng phòng.
6,指标,zhǐbiāo,Chỉ tiêu,公司的业绩指标达到了预期。,Gōngsī de yèjī zhǐbiāo dádàole yùqī.,Chỉ tiêu kinh doanh của công ty đã đạt được như mong đợi.
6,指定,zhǐdìng,Chỉ định,经理指定他为项目负责人。,Jīnglǐ zhǐdìng tā wéi xiàngmù fùzérén.,Giám đốc chỉ định anh ấy làm người phụ trách dự án.
6,指甲,zhǐjiǎ,Móng tay,她的指甲很长。,Tā de zhǐjiǎ hěn cháng.,Móng tay của cô ấy rất dài.
6,指令,zhǐlìng,Chỉ thị,他发布了新的指令。,Tā fābùle xīn de zhǐlìng.,Anh ấy đã ban hành mệnh lệnh mới.
6,指南针,zhǐnánzhēn,La bàn,我们使用指南针来确定方向。,Wǒmen shǐyòng zhǐnánzhēn lái quèdìng fāngxiàng.,Chúng tôi sử dụng la bàn để xác định phương hướng.
6,指示,zhǐshì,Chỉ thị,老师指示学生完成作业。,Lǎoshī zhǐshì xuéshēng wánchéng zuòyè.,Giáo viên chỉ dẫn học sinh hoàn thành bài tập.
6,指望,zhǐwàng,Hy vọng,他指望能在考试中取得好成绩。,Tā zhǐwàng néng zài kǎoshì zhōng qǔdé hǎo chéngjī.,Anh ấy mong đợi có thể đạt được thành tích tốt trong kỳ thi.
6,指责,zhǐzé,Chỉ trích,他们指责我没有尽力。,Tāmen zhǐzé wǒ méiyǒu jìnlì.,Họ chỉ trích tôi không nỗ lực hết mình.
6,治安,zhì'ān,Trị an,警察维持社区的治安。,Jǐngchá wéichí shèqū de zhì'ān.,Cảnh sát duy trì trật tự an ninh trong cộng đồng.
6,制裁,zhìcái,Trừng phạt,违反法律的人会受到制裁。,Wéifǎn fǎlǜ de rén huì shòudào zhìcái.,Những người vi phạm pháp luật sẽ bị trừng phạt.
6,致辞,zhìcí,Phát biểu,他在会议上致辞。,Tā zài huìyì shàng zhìcí.,Anh ấy phát biểu tại cuộc họp.
6,制订,zhìdìng,Lập kế hoạch,我们需要制订一个详细的计划。,Wǒmen xūyào zhìdìng yīgè xiángxì de jìhuà.,Chúng tôi cần lập một kế hoạch chi tiết.
6,制服,zhìfú,Đồng phục,他穿着制服去上班。,Tā chuānzhuó zhìfú qù shàngbān.,Anh ấy mặc đồng phục đi làm.
6,治理,zhìlǐ,Quản lý,我们要好好治理这个国家。,Wǒmen yào hǎohǎo zhìlǐ zhège guójiā.,Chúng ta phải quản lý tốt đất nước này.
6,智力,zhìlì,Trí lực,智力是学习的重要因素。,Zhìlì shì xuéxí de zhòngyào yīnsù.,Trí thông minh là yếu tố quan trọng trong việc học.
6,致力于,zhìlì yú,Dốc sức vào,他致力于环保事业。,Tā zhìlì yú huánbǎo shìyè.,Anh ấy cống hiến cho sự nghiệp bảo vệ môi trường.
6,滞留,zhìliú,Lưu lại,他因交通堵塞而滞留在路上。,Tā yīn jiāotōng dǔsè ér zhìliú zài lùshàng.,Anh ấy bị kẹt lại trên đường do tắc nghẽn giao thông.
6,智能,zhìnéng,Trí tuệ nhân tạo,我们开发了智能手机。,Wǒmen kāifāle zhìnéng shǒujī.,Chúng tôi đã phát triển điện thoại thông minh.
6,志气,zhìqì,Chí khí,他有很强的志气。,Tā yǒu hěn qiáng de zhìqì.,Anh ấy có chí khí mạnh mẽ.
6,智商,zhìshāng,Chỉ số thông minh,智商测试可以评估一个人的智力水平。,Zhìshāng cèshì kěyǐ pínggū yīgè rén de zhìlì shuǐpíng.,Kiểm tra IQ có thể đánh giá mức độ thông minh của một người.
6,致使,zhìshǐ,Làm cho,他的错误致使计划失败。,Tā de cuòwù zhìshǐ jìhuà shībài.,Lỗi của anh ấy đã khiến kế hoạch thất bại.
6,制约,zhìyuē,Hạn chế,供应短缺制约了生产。,Gōngyìng duǎnquē zhìyuēle shēngchǎn.,Thiếu nguồn cung cấp hạn chế sản xuất.
6,制止,zhìzhǐ,Ngăn chặn,他制止了他们的争吵。,Tā zhìzhǐle tāmen de zhēngchǎo.,Anh ấy ngăn chặn cuộc cãi vã của họ.
6,忠诚,zhōngchéng,Trung thành,他对国家非常忠诚。,Tā duì guójiā fēicháng zhōngchéng.,Anh ấy rất trung thành với đất nước.
6,终点,zhōngdiǎn,Điểm cuối,比赛的终点就在前方。,Bǐsài de zhōngdiǎn jiù zài qiánfāng.,Đích của cuộc thi ngay phía trước.
6,中断,zhōngduàn,Gián đoạn,他们的合作突然中断了。,Tāmen de hézuò tūrán zhōngduànle.,Sự hợp tác của họ đột nhiên bị gián đoạn.
6,终究,zhōngjiū,Cuối cùng,他终究会明白的。,Tā zhōngjiū huì míngbái de.,Cuối cùng anh ấy sẽ hiểu.
6,中立,zhōnglì,Trung lập,我们要保持中立。,Wǒmen yào bǎochí zhōnglì.,Chúng ta phải giữ trung lập.
6,终年,zhōngnián,Quanh năm,他终年忙于工作。,Tā zhōngnián mángyú gōngzuò.,Anh ấy bận rộn với công việc quanh năm.
6,终身,zhōngshēn,Suốt đời,他是一位终身教育的倡导者。,Tā shì yī wèi zhōngshēn jiàoyù de chàngdǎo zhě.,Anh ấy là một người đề xướng giáo dục suốt đời.
6,忠实,zhōngshí,Trung thực,他是一个忠实的朋友。,Tā shì yīgè zhōngshí de péngyǒu.,Anh ấy là một người bạn trung thành.
6,衷心,zhōngxīn,Chân thành,我衷心感谢你的帮助。,Wǒ zhōngxīn gǎnxiè nǐ de bāngzhù.,Tôi chân thành cảm ơn sự giúp đỡ của bạn.
6,中央,zhōngyāng,Trung ương,他在中央工作。,Tā zài zhōngyāng gōngzuò.,Anh ấy làm việc ở trung ương.
6,终止,zhōngzhǐ,Kết thúc,他们决定终止合同。,Tāmen juédìng zhōngzhǐ hétóng.,Họ quyết định chấm dứt hợp đồng.
6,肿瘤,zhǒngliú,Khối u,他被诊断出患有肿瘤。,Tā bèi zhěnduàn chū huàn yǒu zhǒngliú.,Anh ấy được chẩn đoán mắc khối u.
6,种子,zhǒngzi,Hạt giống,我们种下了很多种子。,Wǒmen zhǒng xiàle hěn duō zhǒngzi.,Chúng tôi đã gieo rất nhiều hạt giống.
6,种族,zhǒngzú,Chủng tộc,我们反对种族歧视。,Wǒmen fǎnduì zhǒngzú qíshì.,Chúng tôi phản đối phân biệt chủng tộc.
6,众所周知,zhòng suǒ zhōu zhī,Mọi người đều biết,众所周知，他是一个好人。,"Zhòng suǒ zhōu zhī, tā shì yīgè hǎo rén.",Ai cũng biết rằng anh ấy là một người tốt.
6,重心,zhòngxīn,Trọng tâm,这个问题是公司的重心。,Zhège wèntí shì gōngsī de zhòngxīn.,Vấn đề này là trọng tâm của công ty.
6,州,zhōu,"Bang, châu",他在州政府工作。,Tā zài zhōu zhèngfǔ gōngzuò.,Anh ấy làm việc cho chính phủ bang.
6,舟,zhōu,Thuyền,他划了一只舟。,Tā huàle yī zhī zhōu.,Anh ấy chèo một chiếc thuyền.
6,粥,zhōu,Cháo,奶奶给我们做了粥。,Nǎinai gěi wǒmen zuòle zhōu.,Bà đã nấu cháo cho chúng tôi.
6,周边,zhōubiān,Vùng lân cận,这里是市区的周边。,Zhèlǐ shì shìqū de zhōubiān.,Đây là vùng ngoại ô của thành phố.
6,周密,zhōumì,Chu đáo,我们需要周密的计划。,Wǒmen xūyào zhōumì de jìhuà.,Chúng tôi cần một kế hoạch chi tiết.
6,周年,zhōunián,Kỷ niệm năm,公司庆祝成立十周年。,Gōngsī qìngzhù chénglì shí zhōunián.,Công ty kỷ niệm mười năm thành lập.
6,周期,zhōuqī,Chu kỳ,经济发展有一定的周期。,Jīngjì fāzhǎn yǒu yīdìng de zhōuqī.,Sự phát triển kinh tế có một chu kỳ nhất định.
6,周折,zhōuzhé,Trắc trở,他经历了许多周折才成功。,Tā jīnglìle xǔduō zhōuzhé cái chénggōng.,Anh ấy đã trải qua nhiều khó khăn mới thành công.
6,周转,zhōuzhuǎn,Luân chuyển,公司需要更多的资金周转。,Gōngsī xūyào gèng duō de zījīn zhōuzhuǎn.,Công ty cần thêm vốn lưu động.
6,皱纹,zhòuwén,Nếp nhăn,她脸上的皱纹增加了。,Tā liǎn shàng de zhòuwén zēngjiāle.,Nếp nhăn trên mặt cô ấy tăng lên.
6,昼夜,zhòuyè,Ngày đêm,他昼夜不停地工作。,Tā zhòuyè bù tíng de gōngzuò.,Anh ấy làm việc ngày đêm không ngừng.
6,株,zhū,Cây,花园里有很多美丽的株。,Huāyuán lǐ yǒu hěn duō měilì de zhū.,Trong vườn có nhiều cây đẹp.
6,诸位,zhūwèi,Các vị,诸位请安静。,Zhūwèi qǐng ānjìng.,Mọi người hãy giữ yên lặng.
6,逐年,zhúnián,Hằng năm,这种情况逐年改善。,Zhè zhǒng qíngkuàng zhúnián gǎishàn.,Tình hình này cải thiện hàng năm.
6,拄,zhǔ,Chống (gậy),他拄着拐杖走路。,Tā zhǔzhe guǎizhàng zǒulù.,Anh ấy đi bộ với cây gậy.
6,主办,zhǔbàn,Chủ trì,他主办了这个活动。,Tā zhǔbànle zhège huódòng.,Anh ấy đã tổ chức sự kiện này.
6,主导,zhǔdǎo,Chủ đạo,公司在市场上主导地位。,Gōngsī zài shìchǎng shàng zhǔdǎo dìwèi.,Công ty chiếm vị trí chủ đạo trên thị trường.
6,主管,zhǔguǎn,Quản lý,他负责主管部门的工作。,Tā fùzé zhǔguǎn bùmén de gōngzuò.,Anh ấy chịu trách nhiệm công việc của phòng ban quản lý.
6,主流,zhǔliú,Trào lưu chính,这个产品成为市场的主流。,Zhège chǎnpǐn chéngwéi shìchǎng de zhǔliú.,Sản phẩm này trở thành xu hướng trên thị trường.
6,主权,zhǔquán,Chủ quyền,国家主权不可侵犯。,Guójiā zhǔquán bùkě qīnfàn.,Chủ quyền quốc gia không thể bị xâm phạm.
6,主题,zhǔtí,Chủ đề,我喜欢这个电影的主题。,Wǒ xǐhuān zhège diànyǐng de zhǔtí.,Tôi thích chủ đề của bộ phim này.
6,助理,zhùlǐ,Trợ lý,他是我的助理。,Tā shì wǒ de zhùlǐ.,Anh ấy là trợ lý của tôi.
6,注射,zhùshè,Tiêm,医生给我注射了疫苗。,Yīshēng gěi wǒ zhùshèle yìmiáo.,Bác sĩ đã tiêm vắc-xin cho tôi.
6,注视,zhùshì,Nhìn chăm chú,他注视着远方。,Tā zhùshìzhe yuǎnfāng.,Anh ấy nhìn chăm chú về phía xa.
6,注释,zhùshì,Chú thích,这本书的注释很详细。,Zhè běn shū de zhùshì hěn xiángxì.,Chú thích của cuốn sách này rất chi tiết.
6,助手,zhùshǒu,Trợ thủ,她是我的助手。,Tā shì wǒ de zhùshǒu.,Cô ấy là trợ lý của tôi.
6,铸造,zhùzào,Đúc,工人们在铸造车间工作。,Gōngrénmen zài zhùzào chējiān gōngzuò.,Công nhân làm việc trong xưởng đúc.
6,驻扎,zhùzhā,Đóng quân,军队驻扎在边境。,Jūnduì zhùzhá zài biānjìng.,Quân đội đóng quân ở biên giới.
6,住宅,zhùzhái,Nhà ở,他住在这栋住宅里。,Tā zhù zài zhè dòng zhùzhái lǐ.,Anh ấy sống trong ngôi nhà này.
6,注重,zhùzhòng,Chú trọng,我们要注重环境保护。,Wǒmen yào zhùzhòng huánjìng bǎohù.,Chúng ta phải chú trọng bảo vệ môi trường.
6,著作,zhùzuò,Tác phẩm,他写了很多著作。,Tā xiěle hěn duō zhùzuò.,Anh ấy đã viết nhiều tác phẩm.
6,拽,zhuài,Kéo,他把东西拽走了。,Tā bǎ dōngxī zhuāi zǒule.,Anh ấy kéo đồ đi.
6,专长,zhuāncháng,Chuyên môn,他在音乐方面很有专长。,Tā zài yīnyuè fāngmiàn hěn yǒu zhuāncháng.,Anh ấy rất có chuyên môn về âm nhạc.
6,专程,zhuānchéng,Chuyến đi đặc biệt,他专程来见我。,Tā zhuānchéng lái jiàn wǒ.,Anh ấy đến gặp tôi một cách đặc biệt.
6,专科,zhuānkē,Chuyên khoa,他在专科医院工作。,Tā zài zhuānkē yīyuàn gōngzuò.,Anh ấy làm việc tại bệnh viện chuyên khoa.
6,专利,zhuānlì,Bằng sáng chế,他获得了一个重要的专利。,Tā huòdéle yīgè zhòngyào de zhuānlì.,Anh ấy đã nhận được một bằng sáng chế quan trọng.
6,专题,zhuāntí,Chuyên đề,我们要研究这个专题。,Wǒmen yào yánjiū zhège zhuāntí.,Chúng ta phải nghiên cứu chuyên đề này.
6,砖瓦,zhuānwǎ,Gạch ngói,房子的砖瓦已经破旧。,Fángzi de zhuān wǎ yǐjīng pòjiù.,Gạch và ngói của ngôi nhà đã cũ nát.
6,转达,zhuǎndá,Chuyển đạt,他转达了老板的指示。,Tā zhuǎndále lǎobǎn de zhǐshì.,Anh ấy đã chuyển lời chỉ thị của ông chủ.
6,转让,zhuǎnràng,Chuyển nhượng,他决定将公司转让给朋友。,Tā juédìng jiāng gōngsī zhuǎnràng gěi péngyǒu.,Anh ấy quyết định chuyển nhượng công ty cho bạn.
6,转移,zhuǎnyí,Chuyển đổi,他们转移到了一个安全的地方。,Tāmen zhuǎnyí dào le yī gè ānquán de dìfāng.,Họ đã chuyển đến một nơi an toàn.
6,转折,zhuǎnzhé,Chuyển biến,这个故事在结尾处有一个意想不到的转折。,Zhège gùshì zài jiéwěi chù yǒu yīgè yì xiǎng bù dào de zhuǎnzhé.,Câu chuyện này có một bước ngoặt bất ngờ ở đoạn kết.
6,传记,zhuànjì,Tiểu sử,这本书是他的传记。,Zhè běn shū shì tā de zhuànjì.,Cuốn sách này là tiểu sử của anh ấy.
6,装备,zhuāngbèi,Trang bị,我们需要购买一些新的装备。,Wǒmen xūyào gòumǎi yīxiē xīn de zhuāngbèi.,Chúng ta cần mua một số trang thiết bị mới.
6,装卸,zhuāngxiè,Bốc dỡ,这些工人正在装卸货物。,Zhèxiē gōngrén zhèngzài zhuāngxiè huòwù.,Những công nhân này đang bốc dỡ hàng hóa.
6,庄严,zhuāngyán,Trang nghiêm,庄严的仪式开始了。,Zhuāngyán de yíshì kāishǐ le.,Buổi lễ trang nghiêm đã bắt đầu.
6,庄重,zhuāngzhòng,Trịnh trọng,他总是显得很庄重。,Tā zǒng shì xiǎnde hěn zhuāngzhòng.,Anh ấy luôn tỏ ra rất nghiêm túc.
6,幢,zhuàng,Tòa nhà,我们公司租了一幢大楼。,Wǒmen gōngsī zū le yī zhuàng dàlóu.,Công ty chúng tôi đã thuê một tòa nhà.
6,壮观,zhuàngguān,Hoành tráng,大桥的景象非常壮观。,Dà qiáo de jǐngxiàng fēicháng zhuàngguān.,Cảnh tượng của cây cầu rất hùng vĩ.
6,壮丽,zhuànglì,Tráng lệ,这里的景色非常壮丽。,Zhèlǐ de jǐngsè fēicháng zhuànglì.,Cảnh đẹp ở đây rất tráng lệ.
6,壮烈,zhuàngliè,Oanh liệt,他在战斗中英勇壮烈地牺牲了。,Tā zài zhàndòu zhōng yīngyǒng zhuàngliè de xīshēng le.,Anh ấy đã hy sinh anh dũng trong trận chiến.
6,追悼,zhuīdào,Tưởng niệm,全体人员向逝者表示深切的追悼。,Quántǐ rényuán xiàng shìzhě biǎoshì shēnqiè de zhuīdào.,Tất cả mọi người bày tỏ lòng tiếc thương sâu sắc với người đã khuất.
6,追究,zhuījiū,Truy cứu,我们要追究事故的原因。,Wǒmen yào zhuījiū shìgù de yuányīn.,Chúng ta cần điều tra nguyên nhân của tai nạn.
6,准则,zhǔnzé,Chuẩn mực,我们要遵守公司的准则。,Wǒmen yào zūnshǒu gōngsī de zhǔnzé.,Chúng ta phải tuân thủ các quy tắc của công ty.
6,琢磨,zuómo,"Suy nghĩ, nghiên cứu",他在琢磨这个问题。,Tā zài zuómo zhège wèntí.,Anh ấy đang nghiền ngẫm vấn đề này.
6,着手,zhuóshǒu,Bắt đầu,我们需要马上着手准备。,Wǒmen xūyào mǎshàng zhuóshǒu zhǔnbèi.,Chúng ta cần bắt tay vào chuẩn bị ngay.
6,着想,zhuóxiǎng,Nghĩ cho,他总是为别人着想。,Tā zǒng shì wèi biérén zhuóxiǎng.,Anh ấy luôn nghĩ cho người khác.
6,卓越,zhuóyuè,Xuất sắc,他在工作中表现卓越。,Tā zài gōngzuò zhōng biǎoxiàn zhuóyuè.,Anh ấy thể hiện xuất sắc trong công việc.
6,着重,zhuózhòng,Nhấn mạnh,这件事要着重处理。,Zhè jiàn shì yào zhuózhòng chǔlǐ.,Chuyện này cần phải xử lý trọng điểm.
6,资本,zīběn,Vốn,公司需要更多的资本。,Gōngsī xūyào gèng duō de zīběn.,Công ty cần thêm nhiều vốn.
6,资产,zīchǎn,Tài sản,这些都是公司的资产。,Zhèxiē dōu shì gōngsī de zīchǎn.,Đây đều là tài sản của công ty.
6,资深,zīshēn,Kinh nghiệm,他是一位资深工程师。,Tā shì yī wèi zīshēn gōngchéngshī.,Anh ấy là một kỹ sư có kinh nghiệm lâu năm.
6,姿态,zītài,Tư thế,她的姿态非常优雅。,Tā de zītài fēicháng yōuyǎ.,Tư thế của cô ấy rất thanh lịch.
6,滋味,zīwèi,Mùi vị,这道菜的滋味很好。,Zhè dào cài de zīwèi hěn hǎo.,Hương vị của món ăn này rất ngon.
6,滋长,zīzhǎng,Tăng trưởng,小树苗在春天滋长。,Xiǎo shùmiáo zài chūntiān zīzhǎng.,Cây non lớn lên vào mùa xuân.
6,资助,zīzhù,Tài trợ,他资助了很多贫困学生。,Tā zīzhù le hěn duō pínkùn xuéshēng.,Anh ấy tài trợ cho nhiều học sinh nghèo.
6,子弹,zǐdàn,Đạn,他用子弹击中了目标。,Tā yòng zǐdàn jīzhòng le mùbiāo.,Anh ấy bắn trúng mục tiêu bằng đạn.
6,自卑,zìbēi,Tự ti,他有时感到自卑。,Tā yǒushí gǎndào zìbēi.,Đôi khi anh ấy cảm thấy tự ti.
6,自发,zìfā,Tự phát,这是一个自发的活动。,Zhè shì yī gè zìfā de huódòng.,Đây là một hoạt động tự phát.
6,自力更生,zìlì gēngshēng,Tự lực cánh sinh,我们应该自力更生。,Wǒmen yīnggāi zìlìgēngshēng.,Chúng ta nên tự lực cánh sinh.
6,自满,zìmǎn,Tự mãn,自满是成功的敌人。,Zìmǎn shì chénggōng de dírén.,Tự mãn là kẻ thù của thành công.
6,字母,zìmǔ,Chữ cái,请按照字母顺序排列。,Qǐng ànzhào zìmǔ shùnxù páiliè.,Hãy sắp xếp theo thứ tự bảng chữ cái.
6,自主,zìzhǔ,Tự chủ,我们要自主完成任务。,Wǒmen yào zìzhǔ wánchéng rènwù.,Chúng ta phải tự chủ hoàn thành nhiệm vụ.
6,踪迹,zōngjì,Dấu vết,这个地方没有任何踪迹。,Zhège dìfāng méiyǒu rènhé zōngjì.,Không có bất kỳ dấu vết nào ở nơi này.
6,棕色,zōngsè,Màu nâu,他的头发是棕色的。,Tā de tóufà shì zōngsè de.,Tóc của anh ấy có màu nâu.
6,宗旨,zōngzhǐ,Tôn chỉ,公司的宗旨是客户至上。,Gōngsī de zōngzhǐ shì kèhù zhì shàng.,Tôn chỉ của công ty là khách hàng trên hết.
6,总而言之,zǒng'éryánzhī,Tóm lại,总而言之，我们需要努力。,"Zǒng'éryánzhī, wǒmen xūyào nǔlì.","Nói chung, chúng ta cần phải nỗ lực."
6,总和,zǒnghé,Tổng hợp,这两项数值的总和是100。,Zhè liǎng xiàng shùzhí de zǒnghé shì 100.,Tổng của hai giá trị này là 100.
6,纵横,zònghéng,Ngang dọc,他在世界各地纵横驰骋。,Tā zài shìjiè gèdì zònghéng chíchěng.,Anh ấy tung hoành khắp nơi trên thế giới.
6,走廊,zǒuláng,Hành lang,学校的走廊很宽敞。,Xuéxiào de zǒuláng hěn kuānchǎng.,Hành lang của trường rất rộng rãi.
6,走漏,zǒulòu,Rò rỉ,他不小心走漏了消息。,Tā bù xiǎoxīn zǒulòu le xiāoxi.,Anh ấy đã vô tình để lộ tin tức.
6,走私,zǒusī,Buôn lậu,警察在打击走私活动。,Jǐngchá zài dǎjí zǒusī huódòng.,Cảnh sát đang trấn áp các hoạt động buôn lậu.
6,揍,zòu,Đánh,他被人揍了一顿。,Tā bèi rén zòu le yī dùn.,Anh ấy bị người ta đánh một trận.
6,租赁,zūlìn,Thuê,我们需要租赁一些设备。,Wǒmen xūyào zūlìn yīxiē shèbèi.,Chúng ta cần thuê một số thiết bị.
6,足以,zúyǐ,Đủ để,这个方法足以解决问题。,Zhège fāngfǎ zúyǐ jiějué wèntí.,Cách này đủ để giải quyết vấn đề.
6,组,zǔ,Nhóm,我加入了一个学习组。,Wǒ jiārù le yī gè xuéxí zǔ.,Tôi đã tham gia một nhóm học tập.
6,阻碍,zǔ'ài,Cản trở,雪阻碍了交通。,Xuě zǔ'ài le jiāotōng.,Tuyết cản trở giao thông.
6,祖父,zǔfù,Ông nội,我的祖父很喜欢下棋。,Wǒ de zǔfù hěn xǐhuān xiàqí.,Ông tôi rất thích chơi cờ.
6,阻拦,zǔlán,Ngăn cản,我们需要找到阻拦他的方法。,Wǒmen xūyào zhǎodào zǔlán tā de fāngfǎ.,Chúng ta cần tìm cách ngăn chặn anh ấy.
6,阻挠,zǔnáo,Cản trở,他试图阻挠我们的计划。,Tā shìtú zǔnáo wǒmen de jìhuà.,Anh ấy cố gắng cản trở kế hoạch của chúng tôi.
6,钻研,zuānyán,Nghiên cứu kỹ lưỡng,他钻研了这个课题很多年。,Tā zuānyán le zhège kètí hěn duō nián.,Anh ấy đã nghiên cứu chủ đề này nhiều năm.
6,钻石,zuànshí,Kim cương,她收到了一颗钻石戒指。,Tā shōudào le yī kē zuànshí jièzhǐ.,Cô ấy đã nhận được một chiếc nhẫn kim cương.
6,嘴唇,zuǐchún,Môi,她的嘴唇很红润。,Tā de zuǐchún hěn hóngrùn.,Môi của cô ấy rất hồng hào.
6,遵循,zūnxún,Tuân theo,我们要遵循公司的规定。,Wǒmen yào zūnxún gōngsī de guīdìng.,Chúng ta phải tuân theo quy định của công ty.
6,尊严,zūnyán,Nhân phẩm,他一直保持着自己的尊严。,Tā yīzhí bǎochí zhe zìjǐ de zūnyán.,Anh ấy luôn giữ gìn lòng tự trọng của mình.
6,左右,zuǒyòu,Khoảng,他试图左右我们的决定。,Tā shìtú zuǒyòu wǒmen de juédìng.,Anh ấy cố gắng ảnh hưởng đến quyết định của chúng tôi.
6,作弊,zuòbì,Gian lận,作弊是不道德的行为。,Zuòbì shì bù dàodé de xíngwéi.,Gian lận là hành vi không đạo đức.
6,做东,zuòdōng,Làm chủ,今天他是做东的。,Jīntiān tā shì zuò dōng de.,Hôm nay anh ấy là chủ nhà.
6,作废,zuòfèi,Vô hiệu,这些旧文件需要作废。,Zhèxiē jiù wénjiàn xūyào zuòfèi.,Những tài liệu cũ này cần bị hủy bỏ.
6,作风,zuòfēng,Phong cách,公司需要改进作风。,Gōngsī xūyào gǎijìn zuòfēng.,Công ty cần cải thiện tác phong.
6,作息,zuòxī,Làm việc và nghỉ ngơi,我们的作息时间要规律。,Wǒmen de zuòxí shíjiān yào guīlǜ.,Giờ giấc sinh hoạt của chúng ta cần phải có quy củ.
6,座右铭,zuòyòumíng,Câu nói yêu thích,"他的座右铭是""努力奋斗""。","Tā de zuòyòumíng shì ""nǔlì fèndòu"".","Châm ngôn của anh ấy là ""cố gắng phấn đấu""."
6,做主,zuòzhǔ,Quyết định,他愿意为自己做主。,Tā yuànyì wèi zìjǐ zuòzhǔ.,Anh ấy sẵn sàng tự làm chủ.
